-23.701625000325294,14920.298374999675
value,time
0,3.9769169998180587
0,7.976916999818059
0,11.976916999818059
0,15.976916999818059
0,19.97691699981806
0,23.97691699981806
0,27.97691699981806
0,31.97691699981806
0,35.97691699981806
0,39.97691699981806
0,43.97691699981806
0,47.97691699981806
0,51.97691699981806
0,55.97691699981806
0,59.97691699981806
0,63.97691699981806
0,67.97691699981806
0,71.97691699981806
0,75.97691699981806
0,79.97691699981806
0,83.97691699981806
0,87.97691699981806
0,91.97691699981806
0,95.97691699981806
0,99.97691699981806
0,103.97691699981806
0,107.97691699981806
0,111.97691699981806
0,115.97691699981806
0,119.97691699981806
0,123.97691699981806
0,127.97691699981806
0,131.97691699981806
0,135.97691699981806
0,139.97691699981806
0,143.97691699981806
0,147.97691699981806
0,151.97691699981806
0,155.97691699981806
0,159.97691699981806
0,163.97691699981806
0,167.97691699981806
0,171.97691699981806
0,175.97691699981806
0,179.97691699981806
0,183.97691699981806
0,187.97691699981806
0,191.97691699981806
0,195.97691699981806
0,199.97691699981806
0,203.97691699981806
0,207.97691699981806
0,211.97691699981806
0,215.97691699981806
0,219.97691699981806
0,223.97691699981806
0,227.97691699981806
0,231.97691699981806
0,235.97691699981806
0,239.97691699981806
0,243.97691699981806
0,247.97691699981806
0,251.97691699981806
0,255.97691699981806
0,259.97691699981806
0,263.97691699981806
0,267.97691699981806
0,271.97691699981806
0,275.97691699981806
0,279.97691699981806
0,283.97691699981806
0,287.97691699981806
0,291.97691699981806
0,295.97691699981806
0,299.97691699981806
0,303.97691699981806
0,307.97691699981806
0,311.97691699981806
0,315.97691699981806
0,319.97691699981806
0,323.97691699981806
0,327.97691699981806
0,331.97691699981806
0,335.97691699981806
0,339.97691699981806
0,343.97691699981806
0,347.97691699981806
0,351.97691699981806
0,355.97691699981806
0,359.97691699981806
0,363.97691699981806
0,367.97691699981806
0,371.97691699981806
0,375.97691699981806
0,379.97691699981806
0,383.97691699981806
0,387.97691699981806
0,391.97691699981806
0,395.97691699981806
0,399.97691699981806
0,403.97691699981806
0,407.97691699981806
0,411.97691699981806
0,415.97691699981806
0,419.97691699981806
0,423.97691699981806
0,427.97691699981806
0,431.97691699981806
0,435.97691699981806
0,439.97691699981806
0,443.97691699981806
0,447.97691699981806
0,451.97691699981806
0,455.97691699981806
0,459.97691699981806
0,463.97691699981806
0,467.97691699981806
0,471.97691699981806
0,475.97691699981806
0,479.97691699981806
0,483.97691699981806
0,487.97691699981806
0,491.97691699981806
0,495.97691699981806
0,499.97691699981806
0,503.97691699981806
0,507.97691699981806
0,511.97691699981806
0,515.9769169998181
0,519.9769169998181
0,523.9769169998181
0,527.9769169998181
0,531.9769169998181
0,535.9769169998181
0,539.9769169998181
0,543.9769169998181
0,547.9769169998181
0,551.9769169998181
0,555.9769169998181
0,559.9769169998181
0,563.9769169998181
0,567.9769169998181
0,571.9769169998181
0,575.9769169998181
0,579.9769169998181
0,583.9769169998181
0,587.9769169998181
0,591.9769169998181
0,595.9769169998181
0,599.9769169998181
0,603.9769169998181
0,607.9769169998181
0,611.9769169998181
0,615.9769169998181
0,619.9769169998181
0,623.9769169998181
0,627.9769169998181
0,631.9769169998181
0,635.9769169998181
0,639.9769169998181
0,643.9769169998181
0,647.9769169998181
0,651.9769169998181
0,655.9769169998181
0,659.9769169998181
0,663.9769169998181
0,667.9769169998181
0,671.9769169998181
0,675.9769169998181
0,679.9769169998181
0,683.9769169998181
0,687.9769169998181
0,691.9769169998181
0,695.9769169998181
0,699.9769169998181
0,703.9769169998181
0,707.9769169998181
0,711.9769169998181
0,715.9769169998181
0,719.9769169998181
0,723.9769169998181
0,727.9769169998181
0,731.9769169998181
0,735.9769169998181
0,739.9769169998181
0,743.9769169998181
0,747.9769169998181
0,751.9769169998181
0,755.9769169998181
0,759.9769169998181
0,763.9769169998181
0,767.9769169998181
0,771.9769169998181
0,775.9769169998181
0,779.9769169998181
0,783.9769169998181
0,787.9769169998181
0,791.9769169998181
0,795.9769169998181
0,799.9769169998181
0,803.9769169998181
0,807.9769169998181
0,811.9769169998181
0,815.9769169998181
0,819.9769169998181
0,823.9769169998181
0,827.9769169998181
0,831.9769169998181
0,835.9769169998181
0,839.9769169998181
0,843.9769169998181
0,847.9769169998181
0,851.9769169998181
0,855.9769169998181
0,859.9769169998181
0,863.9769169998181
0,867.9769169998181
0,871.9769169998181
0,875.9769169998181
0,879.9769169998181
0,883.9769169998181
0,887.9769169998181
0,891.9769169998181
0,895.9769169998181
0,899.9769169998181
1,903.9769169998181
1,907.9769169998181
1,911.9769169998181
2,915.9769169998181
2,919.9769169998181
2,923.9769169998181
3,927.9769169998181
3,931.9769169998181
3,935.9769169998181
3,939.9769169998181
3,943.9769169998181
3,947.9769169998181
3,951.9769169998181
3,955.9769169998181
3,959.9769169998181
3,963.9769169998181
3,967.9769169998181
3,971.9769169998181
3,975.9769169998181
3,979.9769169998181
3,983.9769169998181
3,987.9769169998181
3,991.9769169998181
3,995.9769169998181
3,999.9769169998181
3,1003.9769169998181
3,1007.9769169998181
2,1011.9769169998181
2,1015.9769169998181
1,1019.9769169998181
0,1023.9769169998181
0,1027.976916999818
0,1031.976916999818
0,1035.976916999818
0,1039.976916999818
0,1043.976916999818
0,1047.976916999818
0,1051.976916999818
0,1055.976916999818
0,1059.976916999818
0,1063.976916999818
0,1067.976916999818
0,1071.976916999818
0,1075.976916999818
0,1079.976916999818
0,1083.976916999818
0,1087.976916999818
0,1091.976916999818
0,1095.976916999818
0,1099.976916999818
0,1103.976916999818
0,1107.976916999818
0,1111.976916999818
0,1115.976916999818
0,1119.976916999818
0,1123.976916999818
0,1127.976916999818
0,1131.976916999818
0,1135.976916999818
0,1139.976916999818
0,1143.976916999818
0,1147.976916999818
0,1151.976916999818
0,1155.976916999818
0,1159.976916999818
0,1163.976916999818
0,1167.976916999818
0,1171.976916999818
0,1175.976916999818
0,1179.976916999818
0,1183.976916999818
0,1187.976916999818
0,1191.976916999818
0,1195.976916999818
0,1199.976916999818
0,1203.976916999818
0,1207.976916999818
0,1211.976916999818
0,1215.976916999818
0,1219.976916999818
0,1223.976916999818
0,1227.976916999818
0,1231.976916999818
0,1235.976916999818
0,1239.976916999818
0,1243.976916999818
0,1247.976916999818
0,1251.976916999818
0,1255.976916999818
0,1259.976916999818
0,1263.976916999818
0,1267.976916999818
0,1271.976916999818
0,1275.976916999818
0,1279.976916999818
0,1283.976916999818
0,1287.976916999818
0,1291.976916999818
0,1295.976916999818
0,1299.976916999818
0,1303.976916999818
0,1307.976916999818
0,1311.976916999818
0,1315.976916999818
0,1319.976916999818
0,1323.976916999818
0,1327.976916999818
0,1331.976916999818
0,1335.976916999818
0,1339.976916999818
0,1343.976916999818
0,1347.976916999818
0,1351.976916999818
0,1355.976916999818
0,1359.976916999818
0,1363.976916999818
0,1367.976916999818
0,1371.976916999818
0,1375.976916999818
0,1379.976916999818
0,1383.976916999818
0,1387.976916999818
0,1391.976916999818
0,1395.976916999818
0,1399.976916999818
0,1403.976916999818
0,1407.976916999818
0,1411.976916999818
0,1415.976916999818
0,1419.976916999818
0,1423.976916999818
0,1427.976916999818
0,1431.976916999818
0,1435.976916999818
0,1439.976916999818
0,1443.976916999818
0,1447.976916999818
0,1451.976916999818
0,1455.976916999818
0,1459.976916999818
0,1463.976916999818
0,1467.976916999818
0,1471.976916999818
0,1475.976916999818
0,1479.976916999818
0,1483.976916999818
0,1487.976916999818
0,1491.976916999818
0,1495.976916999818
0,1499.976916999818
0,1503.976916999818
0,1507.976916999818
0,1511.976916999818
0,1515.976916999818
0,1519.976916999818
0,1523.976916999818
0,1527.976916999818
0,1531.976916999818
0,1535.976916999818
0,1539.976916999818
0,1543.976916999818
0,1547.976916999818
0,1551.976916999818
0,1555.976916999818
0,1559.976916999818
0,1563.976916999818
0,1567.976916999818
0,1571.976916999818
0,1575.976916999818
0,1579.976916999818
0,1583.976916999818
0,1587.976916999818
0,1591.976916999818
0,1595.976916999818
0,1599.976916999818
0,1603.976916999818
0,1607.976916999818
0,1611.976916999818
0,1615.976916999818
0,1619.976916999818
0,1623.976916999818
0,1627.976916999818
0,1631.976916999818
0,1635.976916999818
0,1639.976916999818
0,1643.976916999818
0,1647.976916999818
0,1651.976916999818
0,1655.976916999818
0,1659.976916999818
0,1663.976916999818
0,1667.976916999818
0,1671.976916999818
0,1675.976916999818
0,1679.976916999818
0,1683.976916999818
0,1687.976916999818
0,1691.976916999818
0,1695.976916999818
0,1699.976916999818
0,1703.976916999818
0,1707.976916999818
0,1711.976916999818
0,1715.976916999818
0,1719.976916999818
0,1723.976916999818
0,1727.976916999818
0,1731.976916999818
0,1735.976916999818
0,1739.976916999818
0,1743.976916999818
0,1747.976916999818
0,1751.976916999818
0,1755.976916999818
0,1759.976916999818
0,1763.976916999818
0,1767.976916999818
0,1771.976916999818
0,1775.976916999818
0,1779.976916999818
0,1783.976916999818
0,1787.976916999818
0,1791.976916999818
0,1795.976916999818
0,1799.976916999818
0,1803.976916999818
0,1807.976916999818
0,1811.976916999818
0,1815.976916999818
0,1819.976916999818
0,1823.976916999818
0,1827.976916999818
0,1831.976916999818
0,1835.976916999818
0,1839.976916999818
0,1843.976916999818
0,1847.976916999818
0,1851.976916999818
0,1855.976916999818
0,1859.976916999818
0,1863.976916999818
0,1867.976916999818
0,1871.976916999818
0,1875.976916999818
0,1879.976916999818
0,1883.976916999818
0,1887.976916999818
0,1891.976916999818
0,1895.976916999818
0,1899.976916999818
0,1903.976916999818
0,1907.976916999818
0,1911.976916999818
0,1915.976916999818
0,1919.976916999818
0,1923.976916999818
0,1927.976916999818
0,1931.976916999818
0,1935.976916999818
0,1939.976916999818
0,1943.976916999818
0,1947.976916999818
0,1951.976916999818
0,1955.976916999818
0,1959.976916999818
0,1963.976916999818
0,1967.976916999818
0,1971.976916999818
0,1975.976916999818
0,1979.976916999818
0,1983.976916999818
0,1987.976916999818
0,1991.976916999818
0,1995.976916999818
0,1999.976916999818
0,2003.976916999818
0,2007.976916999818
0,2011.976916999818
0,2015.976916999818
0,2019.976916999818
1,2023.976916999818
3,2027.976916999818
5,2031.976916999818
7,2035.976916999818
9,2039.976916999818
12,2043.976916999818
14,2047.976916999818
16,2051.976916999818
18,2055.976916999818
20,2059.976916999818
22,2063.976916999818
24,2067.976916999818
25,2071.976916999818
27,2075.976916999818
29,2079.976916999818
31,2083.976916999818
32,2087.976916999818
34,2091.976916999818
36,2095.976916999818
38,2099.976916999818
40,2103.976916999818
42,2107.976916999818
44,2111.976916999818
46,2115.976916999818
48,2119.976916999818
50,2123.976916999818
53,2127.976916999818
55,2131.976916999818
57,2135.976916999818
60,2139.976916999818
62,2143.976916999818
64,2147.976916999818
67,2151.976916999818
69,2155.976916999818
72,2159.976916999818
74,2163.976916999818
77,2167.976916999818
79,2171.976916999818
82,2175.976916999818
84,2179.976916999818
87,2183.976916999818
89,2187.976916999818
92,2191.976916999818
94,2195.976916999818
96,2199.976916999818
99,2203.976916999818
101,2207.976916999818
103,2211.976916999818
106,2215.976916999818
109,2219.976916999818
112,2223.976916999818
114,2227.976916999818
117,2231.976916999818
120,2235.976916999818
123,2239.976916999818
126,2243.976916999818
130,2247.976916999818
133,2251.976916999818
136,2255.976916999818
139,2259.976916999818
143,2263.976916999818
147,2267.976916999818
150,2271.976916999818
154,2275.976916999818
158,2279.976916999818
162,2283.976916999818
166,2287.976916999818
170,2291.976916999818
174,2295.976916999818
177,2299.976916999818
181,2303.976916999818
185,2307.976916999818
189,2311.976916999818
192,2315.976916999818
196,2319.976916999818
199,2323.976916999818
202,2327.976916999818
205,2331.976916999818
208,2335.976916999818
211,2339.976916999818
214,2343.976916999818
217,2347.976916999818
219,2351.976916999818
222,2355.976916999818
224,2359.976916999818
227,2363.976916999818
229,2367.976916999818
231,2371.976916999818
234,2375.976916999818
236,2379.976916999818
239,2383.976916999818
241,2387.976916999818
243,2391.976916999818
246,2395.976916999818
248,2399.976916999818
251,2403.976916999818
253,2407.976916999818
255,2411.976916999818
255,2415.976916999818
255,2419.976916999818
255,2423.976916999818
255,2427.976916999818
255,2431.976916999818
255,2435.976916999818
255,2439.976916999818
255,2443.976916999818
255,2447.976916999818
255,2451.976916999818
255,2455.976916999818
255,2459.976916999818
255,2463.976916999818
255,2467.976916999818
255,2471.976916999818
255,2475.976916999818
255,2479.976916999818
255,2483.976916999818
255,2487.976916999818
255,2491.976916999818
255,2495.976916999818
255,2499.976916999818
255,2503.976916999818
255,2507.976916999818
255,2511.976916999818
255,2515.976916999818
255,2519.976916999818
255,2523.976916999818
255,2527.976916999818
255,2531.976916999818
255,2535.976916999818
255,2539.976916999818
255,2543.976916999818
255,2547.976916999818
255,2551.976916999818
255,2555.976916999818
255,2559.976916999818
255,2563.976916999818
255,2567.976916999818
255,2571.976916999818
255,2575.976916999818
255,2579.976916999818
255,2583.976916999818
255,2587.976916999818
255,2591.976916999818
255,2595.976916999818
255,2599.976916999818
255,2603.976916999818
255,2607.976916999818
255,2611.976916999818
255,2615.976916999818
255,2619.976916999818
255,2623.976916999818
255,2627.976916999818
255,2631.976916999818
255,2635.976916999818
255,2639.976916999818
255,2643.976916999818
255,2647.976916999818
255,2651.976916999818
255,2655.976916999818
255,2659.976916999818
255,2663.976916999818
255,2667.976916999818
255,2671.976916999818
255,2675.976916999818
255,2679.976916999818
255,2683.976916999818
255,2687.976916999818
255,2691.976916999818
255,2695.976916999818
255,2699.976916999818
255,2703.976916999818
255,2707.976916999818
255,2711.976916999818
255,2715.976916999818
255,2719.976916999818
255,2723.976916999818
255,2727.976916999818
255,2731.976916999818
255,2735.976916999818
255,2739.976916999818
255,2743.976916999818
255,2747.976916999818
255,2751.976916999818
255,2755.976916999818
255,2759.976916999818
255,2763.976916999818
255,2767.976916999818
255,2771.976916999818
255,2775.976916999818
255,2779.976916999818
255,2783.976916999818
255,2787.976916999818
255,2791.976916999818
255,2795.976916999818
255,2799.976916999818
255,2803.976916999818
255,2807.976916999818
255,2811.976916999818
255,2815.976916999818
255,2819.976916999818
255,2823.976916999818
255,2827.976916999818
255,2831.976916999818
255,2835.976916999818
255,2839.976916999818
255,2843.976916999818
255,2847.976916999818
255,2851.976916999818
255,2855.976916999818
255,2859.976916999818
255,2863.976916999818
255,2867.976916999818
255,2871.976916999818
255,2875.976916999818
255,2879.976916999818
255,2883.976916999818
255,2887.976916999818
255,2891.976916999818
255,2895.976916999818
255,2899.976916999818
255,2903.976916999818
255,2907.976916999818
255,2911.976916999818
255,2915.976916999818
255,2919.976916999818
255,2923.976916999818
255,2927.976916999818
255,2931.976916999818
255,2935.976916999818
255,2939.976916999818
255,2943.976916999818
255,2947.976916999818
255,2951.976916999818
255,2955.976916999818
255,2959.976916999818
255,2963.976916999818
255,2967.976916999818
255,2971.976916999818
255,2975.976916999818
255,2979.976916999818
255,2983.976916999818
255,2987.976916999818
255,2991.976916999818
255,2995.976916999818
255,2999.976916999818
255,3003.976916999818
255,3007.976916999818
255,3011.976916999818
255,3015.976916999818
255,3019.976916999818
255,3023.976916999818
255,3027.976916999818
255,3031.976916999818
255,3035.976916999818
255,3039.976916999818
255,3043.976916999818
255,3047.976916999818
255,3051.976916999818
255,3055.976916999818
255,3059.976916999818
255,3063.976916999818
255,3067.976916999818
255,3071.976916999818
255,3075.976916999818
255,3079.976916999818
255,3083.976916999818
255,3087.976916999818
255,3091.976916999818
255,3095.976916999818
255,3099.976916999818
255,3103.976916999818
255,3107.976916999818
255,3111.976916999818
255,3115.976916999818
255,3119.976916999818
255,3123.976916999818
255,3127.976916999818
255,3131.976916999818
255,3135.976916999818
255,3139.976916999818
255,3143.976916999818
255,3147.976916999818
255,3151.976916999818
255,3155.976916999818
255,3159.976916999818
255,3163.976916999818
255,3167.976916999818
255,3171.976916999818
255,3175.976916999818
255,3179.976916999818
255,3183.976916999818
255,3187.976916999818
255,3191.976916999818
255,3195.976916999818
255,3199.976916999818
255,3203.976916999818
255,3207.976916999818
255,3211.976916999818
255,3215.976916999818
255,3219.976916999818
255,3223.976916999818
255,3227.976916999818
255,3231.976916999818
255,3235.976916999818
255,3239.976916999818
255,3243.976916999818
255,3247.976916999818
255,3251.976916999818
255,3255.976916999818
255,3259.976916999818
255,3263.976916999818
255,3267.976916999818
255,3271.976916999818
255,3275.976916999818
255,3279.976916999818
255,3283.976916999818
255,3287.976916999818
255,3291.976916999818
255,3295.976916999818
255,3299.976916999818
255,3303.976916999818
255,3307.976916999818
255,3311.976916999818
255,3315.976916999818
255,3319.976916999818
255,3323.976916999818
255,3327.976916999818
255,3331.976916999818
255,3335.976916999818
255,3339.976916999818
255,3343.976916999818
255,3347.976916999818
255,3351.976916999818
255,3355.976916999818
255,3359.976916999818
255,3363.976916999818
255,3367.976916999818
255,3371.976916999818
255,3375.976916999818
255,3379.976916999818
255,3383.976916999818
255,3387.976916999818
255,3391.976916999818
255,3395.976916999818
255,3399.976916999818
255,3403.976916999818
255,3407.976916999818
255,3411.976916999818
255,3415.976916999818
255,3419.976916999818
255,3423.976916999818
255,3427.976916999818
255,3431.976916999818
255,3435.976916999818
255,3439.976916999818
255,3443.976916999818
255,3447.976916999818
255,3451.976916999818
255,3455.976916999818
255,3459.976916999818
255,3463.976916999818
255,3467.976916999818
255,3471.976916999818
255,3475.976916999818
255,3479.976916999818
255,3483.976916999818
255,3487.976916999818
255,3491.976916999818
255,3495.976916999818
255,3499.976916999818
255,3503.976916999818
255,3507.976916999818
255,3511.976916999818
255,3515.976916999818
255,3519.976916999818
255,3523.976916999818
255,3527.976916999818
255,3531.976916999818
255,3535.976916999818
255,3539.976916999818
255,3543.976916999818
255,3547.976916999818
255,3551.976916999818
255,3555.976916999818
255,3559.976916999818
255,3563.976916999818
255,3567.976916999818
255,3571.976916999818
255,3575.976916999818
255,3579.976916999818
255,3583.976916999818
255,3587.976916999818
255,3591.976916999818
255,3595.976916999818
255,3599.976916999818
255,3603.976916999818
255,3607.976916999818
255,3611.976916999818
255,3615.976916999818
255,3619.976916999818
255,3623.976916999818
255,3627.976916999818
255,3631.976916999818
255,3635.976916999818
255,3639.976916999818
255,3643.976916999818
255,3647.976916999818
255,3651.976916999818
255,3655.976916999818
255,3659.976916999818
255,3663.976916999818
255,3667.976916999818
255,3671.976916999818
255,3675.976916999818
255,3679.976916999818
255,3683.976916999818
255,3687.976916999818
255,3691.976916999818
255,3695.976916999818
255,3699.976916999818
255,3703.976916999818
255,3707.976916999818
255,3711.976916999818
255,3715.976916999818
255,3719.976916999818
255,3723.976916999818
255,3727.976916999818
255,3731.976916999818
255,3735.976916999818
255,3739.976916999818
255,3743.976916999818
255,3747.976916999818
255,3751.976916999818
255,3755.976916999818
255,3759.976916999818
255,3763.976916999818
255,3767.976916999818
255,3771.976916999818
255,3775.976916999818
255,3779.976916999818
255,3783.976916999818
255,3787.976916999818
255,3791.976916999818
255,3795.976916999818
255,3799.976916999818
255,3803.976916999818
255,3807.976916999818
255,3811.976916999818
255,3815.976916999818
255,3819.976916999818
255,3823.976916999818
255,3827.976916999818
255,3831.976916999818
255,3835.976916999818
255,3839.976916999818
255,3843.976916999818
255,3847.976916999818
255,3851.976916999818
255,3855.976916999818
255,3859.976916999818
255,3863.976916999818
255,3867.976916999818
255,3871.976916999818
255,3875.976916999818
255,3879.976916999818
255,3883.976916999818
255,3887.976916999818
255,3891.976916999818
255,3895.976916999818
255,3899.976916999818
255,3903.976916999818
255,3907.976916999818
255,3911.976916999818
255,3915.976916999818
255,3919.976916999818
255,3923.976916999818
255,3927.976916999818
255,3931.976916999818
255,3935.976916999818
255,3939.976916999818
255,3943.976916999818
255,3947.976916999818
255,3951.976916999818
255,3955.976916999818
255,3959.976916999818
255,3963.976916999818
255,3967.976916999818
255,3971.976916999818
255,3975.976916999818
255,3979.976916999818
255,3983.976916999818
255,3987.976916999818
255,3991.976916999818
255,3995.976916999818
255,3999.976916999818
255,4003.976916999818
255,4007.976916999818
255,4011.976916999818
255,4015.976916999818
255,4019.976916999818
255,4023.976916999818
255,4027.976916999818
255,4031.976916999818
255,4035.976916999818
255,4039.976916999818
255,4043.976916999818
255,4047.976916999818
255,4051.976916999818
255,4055.976916999818
255,4059.976916999818
255,4063.976916999818
255,4067.976916999818
255,4071.976916999818
255,4075.976916999818
255,4079.976916999818
255,4083.976916999818
255,4087.976916999818
255,4091.976916999818
255,4095.976916999818
255,4099.976916999818
255,4103.976916999818
255,4107.976916999818
255,4111.976916999818
255,4115.976916999818
255,4119.976916999818
255,4123.976916999818
255,4127.976916999818
255,4131.976916999818
255,4135.976916999818
255,4139.976916999818
255,4143.976916999818
255,4147.976916999818
255,4151.976916999818
255,4155.976916999818
255,4159.976916999818
255,4163.976916999818
255,4167.976916999818
255,4171.976916999818
255,4175.976916999818
255,4179.976916999818
255,4183.976916999818
255,4187.976916999818
255,4191.976916999818
255,4195.976916999818
255,4199.976916999818
255,4203.976916999818
255,4207.976916999818
255,4211.976916999818
255,4215.976916999818
255,4219.976916999818
255,4223.976916999818
255,4227.976916999818
255,4231.976916999818
255,4235.976916999818
255,4239.976916999818
255,4243.976916999818
255,4247.976916999818
255,4251.976916999818
255,4255.976916999818
255,4259.976916999818
255,4263.976916999818
255,4267.976916999818
255,4271.976916999818
255,4275.976916999818
255,4279.976916999818
255,4283.976916999818
255,4287.976916999818
255,4291.976916999818
255,4295.976916999818
255,4299.976916999818
255,4303.976916999818
255,4307.976916999818
255,4311.976916999818
255,4315.976916999818
255,4319.976916999818
255,4323.976916999818
255,4327.976916999818
255,4331.976916999818
255,4335.976916999818
255,4339.976916999818
255,4343.976916999818
255,4347.976916999818
255,4351.976916999818
255,4355.976916999818
255,4359.976916999818
255,4363.976916999818
255,4367.976916999818
255,4371.976916999818
255,4375.976916999818
255,4379.976916999818
255,4383.976916999818
255,4387.976916999818
255,4391.976916999818
255,4395.976916999818
255,4399.976916999818
255,4403.976916999818
255,4407.976916999818
255,4411.976916999818
255,4415.976916999818
255,4419.976916999818
255,4423.976916999818
255,4427.976916999818
255,4431.976916999818
255,4435.976916999818
255,4439.976916999818
255,4443.976916999818
255,4447.976916999818
255,4451.976916999818
255,4455.976916999818
255,4459.976916999818
255,4463.976916999818
255,4467.976916999818
255,4471.976916999818
255,4475.976916999818
255,4479.976916999818
255,4483.976916999818
255,4487.976916999818
255,4491.976916999818
255,4495.976916999818
255,4499.976916999818
255,4503.976916999818
255,4507.976916999818
255,4511.976916999818
255,4515.976916999818
255,4519.976916999818
255,4523.976916999818
255,4527.976916999818
255,4531.976916999818
255,4535.976916999818
255,4539.976916999818
255,4543.976916999818
255,4547.976916999818
255,4551.976916999818
255,4555.976916999818
255,4559.976916999818
255,4563.976916999818
255,4567.976916999818
255,4571.976916999818
255,4575.976916999818
255,4579.976916999818
255,4583.976916999818
255,4587.976916999818
255,4591.976916999818
255,4595.976916999818
255,4599.976916999818
255,4603.976916999818
255,4607.976916999818
255,4611.976916999818
255,4615.976916999818
255,4619.976916999818
255,4623.976916999818
255,4627.976916999818
255,4631.976916999818
255,4635.976916999818
255,4639.976916999818
255,4643.976916999818
255,4647.976916999818
255,4651.976916999818
255,4655.976916999818
255,4659.976916999818
255,4663.976916999818
255,4667.976916999818
255,4671.976916999818
255,4675.976916999818
255,4679.976916999818
255,4683.976916999818
255,4687.976916999818
255,4691.976916999818
255,4695.976916999818
255,4699.976916999818
255,4703.976916999818
255,4707.976916999818
255,4711.976916999818
255,4715.976916999818
255,4719.976916999818
255,4723.976916999818
255,4727.976916999818
255,4731.976916999818
255,4735.976916999818
255,4739.976916999818
255,4743.976916999818
255,4747.976916999818
255,4751.976916999818
255,4755.976916999818
255,4759.976916999818
255,4763.976916999818
255,4767.976916999818
255,4771.976916999818
255,4775.976916999818
255,4779.976916999818
255,4783.976916999818
255,4787.976916999818
255,4791.976916999818
255,4795.976916999818
255,4799.976916999818
255,4803.976916999818
255,4807.976916999818
255,4811.976916999818
255,4815.976916999818
255,4819.976916999818
255,4823.976916999818
255,4827.976916999818
255,4831.976916999818
255,4835.976916999818
255,4839.976916999818
255,4843.976916999818
255,4847.976916999818
255,4851.976916999818
255,4855.976916999818
255,4859.976916999818
255,4863.976916999818
255,4867.976916999818
255,4871.976916999818
255,4875.976916999818
255,4879.976916999818
255,4883.976916999818
255,4887.976916999818
255,4891.976916999818
255,4895.976916999818
255,4899.976916999818
255,4903.976916999818
255,4907.976916999818
255,4911.976916999818
255,4915.976916999818
255,4919.976916999818
255,4923.976916999818
255,4927.976916999818
255,4931.976916999818
255,4935.976916999818
255,4939.976916999818
254,4943.976916999818
254,4947.976916999818
254,4951.976916999818
253,4955.976916999818
252,4959.976916999818
251,4963.976916999818
250,4967.976916999818
248,4971.976916999818
246,4975.976916999818
244,4979.976916999818
242,4983.976916999818
240,4987.976916999818
238,4991.976916999818
235,4995.976916999818
232,4999.976916999818
230,5003.976916999818
228,5007.976916999818
226,5011.976916999818
225,5015.976916999818
223,5019.976916999818
222,5023.976916999818
221,5027.976916999818
220,5031.976916999818
220,5035.976916999818
220,5039.976916999818
219,5043.976916999818
220,5047.976916999818
220,5051.976916999818
219,5055.976916999818
220,5059.976916999818
220,5063.976916999818
220,5067.976916999818
220,5071.976916999818
220,5075.976916999818
220,5079.976916999818
220,5083.976916999818
220,5087.976916999818
221,5091.976916999818
221,5095.976916999818
222,5099.976916999818
222,5103.976916999818
223,5107.976916999818
223,5111.976916999818
223,5115.976916999818
224,5119.976916999818
224,5123.976916999818
225,5127.976916999818
225,5131.976916999818
226,5135.976916999818
226,5139.976916999818
227,5143.976916999818
227,5147.976916999818
228,5151.976916999818
228,5155.976916999818
228,5159.976916999818
228,5163.976916999818
228,5167.976916999818
228,5171.976916999818
228,5175.976916999818
228,5179.976916999818
228,5183.976916999818
228,5187.976916999818
228,5191.976916999818
228,5195.976916999818
228,5199.976916999818
228,5203.976916999818
228,5207.976916999818
228,5211.976916999818
228,5215.976916999818
228,5219.976916999818
228,5223.976916999818
228,5227.976916999818
228,5231.976916999818
228,5235.976916999818
228,5239.976916999818
228,5243.976916999818
228,5247.976916999818
228,5251.976916999818
228,5255.976916999818
228,5259.976916999818
228,5263.976916999818
228,5267.976916999818
228,5271.976916999818
228,5275.976916999818
228,5279.976916999818
228,5283.976916999818
228,5287.976916999818
228,5291.976916999818
228,5295.976916999818
228,5299.976916999818
228,5303.976916999818
228,5307.976916999818
228,5311.976916999818
228,5315.976916999818
228,5319.976916999818
228,5323.976916999818
228,5327.976916999818
228,5331.976916999818
228,5335.976916999818
228,5339.976916999818
228,5343.976916999818
228,5347.976916999818
228,5351.976916999818
228,5355.976916999818
228,5359.976916999818
228,5363.976916999818
228,5367.976916999818
228,5371.976916999818
228,5375.976916999818
228,5379.976916999818
228,5383.976916999818
228,5387.976916999818
228,5391.976916999818
228,5395.976916999818
228,5399.976916999818
228,5403.976916999818
228,5407.976916999818
228,5411.976916999818
228,5415.976916999818
228,5419.976916999818
228,5423.976916999818
228,5427.976916999818
228,5431.976916999818
228,5435.976916999818
228,5439.976916999818
228,5443.976916999818
228,5447.976916999818
228,5451.976916999818
228,5455.976916999818
228,5459.976916999818
228,5463.976916999818
228,5467.976916999818
228,5471.976916999818
228,5475.976916999818
228,5479.976916999818
228,5483.976916999818
228,5487.976916999818
228,5491.976916999818
228,5495.976916999818
228,5499.976916999818
228,5503.976916999818
228,5507.976916999818
228,5511.976916999818
228,5515.976916999818
228,5519.976916999818
228,5523.976916999818
228,5527.976916999818
228,5531.976916999818
228,5535.976916999818
228,5539.976916999818
228,5543.976916999818
228,5547.976916999818
228,5551.976916999818
228,5555.976916999818
228,5559.976916999818
228,5563.976916999818
228,5567.976916999818
228,5571.976916999818
228,5575.976916999818
228,5579.976916999818
228,5583.976916999818
228,5587.976916999818
228,5591.976916999818
228,5595.976916999818
228,5599.976916999818
228,5603.976916999818
228,5607.976916999818
228,5611.976916999818
228,5615.976916999818
228,5619.976916999818
228,5623.976916999818
228,5627.976916999818
228,5631.976916999818
228,5635.976916999818
228,5639.976916999818
228,5643.976916999818
228,5647.976916999818
228,5651.976916999818
228,5655.976916999818
228,5659.976916999818
228,5663.976916999818
228,5667.976916999818
228,5671.976916999818
228,5675.976916999818
228,5679.976916999818
228,5683.976916999818
228,5687.976916999818
228,5691.976916999818
228,5695.976916999818
228,5699.976916999818
228,5703.976916999818
228,5707.976916999818
228,5711.976916999818
228,5715.976916999818
228,5719.976916999818
228,5723.976916999818
228,5727.976916999818
228,5731.976916999818
228,5735.976916999818
228,5739.976916999818
228,5743.976916999818
228,5747.976916999818
228,5751.976916999818
228,5755.976916999818
228,5759.976916999818
228,5763.976916999818
228,5767.976916999818
228,5771.976916999818
228,5775.976916999818
228,5779.976916999818
228,5783.976916999818
228,5787.976916999818
228,5791.976916999818
228,5795.976916999818
228,5799.976916999818
228,5803.976916999818
228,5807.976916999818
228,5811.976916999818
228,5815.976916999818
229,5819.976916999818
229,5823.976916999818
230,5827.976916999818
231,5831.976916999818
231,5835.976916999818
232,5839.976916999818
232,5843.976916999818
233,5847.976916999818
233,5851.976916999818
234,5855.976916999818
234,5859.976916999818
234,5863.976916999818
234,5867.976916999818
234,5871.976916999818
234,5875.976916999818
234,5879.976916999818
234,5883.976916999818
234,5887.976916999818
234,5891.976916999818
234,5895.976916999818
234,5899.976916999818
235,5903.976916999818
235,5907.976916999818
235,5911.976916999818
235,5915.976916999818
236,5919.976916999818
236,5923.976916999818
237,5927.976916999818
237,5931.976916999818
237,5935.976916999818
237,5939.976916999818
237,5943.976916999818
237,5947.976916999818
238,5951.976916999818
238,5955.976916999818
238,5959.976916999818
238,5963.976916999818
238,5967.976916999818
239,5971.976916999818
239,5975.976916999818
239,5979.976916999818
239,5983.976916999818
239,5987.976916999818
239,5991.976916999818
239,5995.976916999818
239,5999.976916999818
239,6003.976916999818
239,6007.976916999818
239,6011.976916999818
239,6015.976916999818
240,6019.976916999818
240,6023.976916999818
240,6027.976916999818
241,6031.976916999818
241,6035.976916999818
241,6039.976916999818
241,6043.976916999818
241,6047.976916999818
241,6051.976916999818
241,6055.976916999818
241,6059.976916999818
241,6063.976916999818
241,6067.976916999818
241,6071.976916999818
241,6075.976916999818
241,6079.976916999818
241,6083.976916999818
241,6087.976916999818
241,6091.976916999818
241,6095.976916999818
241,6099.976916999818
241,6103.976916999818
241,6107.976916999818
241,6111.976916999818
241,6115.976916999818
241,6119.976916999818
241,6123.976916999818
241,6127.976916999818
241,6131.976916999818
241,6135.976916999818
241,6139.976916999818
241,6143.976916999818
241,6147.976916999818
242,6151.976916999818
242,6155.976916999818
242,6159.976916999818
243,6163.976916999818
243,6167.976916999818
244,6171.976916999818
243,6175.976916999818
244,6179.976916999818
244,6183.976916999818
244,6187.976916999818
244,6191.976916999818
244,6195.976916999818
244,6199.976916999818
244,6203.976916999818
245,6207.976916999818
245,6211.976916999818
245,6215.976916999818
245,6219.976916999818
244,6223.976916999818
245,6227.976916999818
244,6231.976916999818
245,6235.976916999818
245,6239.976916999818
245,6243.976916999818
245,6247.976916999818
245,6251.976916999818
244,6255.976916999818
245,6259.976916999818
244,6263.976916999818
245,6267.976916999818
245,6271.976916999818
245,6275.976916999818
245,6279.976916999818
245,6283.976916999818
244,6287.976916999818
244,6291.976916999818
245,6295.976916999818
244,6299.976916999818
244,6303.976916999818
245,6307.976916999818
245,6311.976916999818
245,6315.976916999818
245,6319.976916999818
245,6323.976916999818
244,6327.976916999818
245,6331.976916999818
244,6335.976916999818
245,6339.976916999818
244,6343.976916999818
245,6347.976916999818
244,6351.976916999818
245,6355.976916999818
245,6359.976916999818
245,6363.976916999818
245,6367.976916999818
244,6371.976916999818
245,6375.976916999818
245,6379.976916999818
245,6383.976916999818
245,6387.976916999818
245,6391.976916999818
245,6395.976916999818
245,6399.976916999818
245,6403.976916999818
245,6407.976916999818
245,6411.976916999818
244,6415.976916999818
245,6419.976916999818
244,6423.976916999818
245,6427.976916999818
244,6431.976916999818
244,6435.976916999818
245,6439.976916999818
244,6443.976916999818
244,6447.976916999818
245,6451.976916999818
244,6455.976916999818
244,6459.976916999818
245,6463.976916999818
244,6467.976916999818
245,6471.976916999818
244,6475.976916999818
245,6479.976916999818
245,6483.976916999818
245,6487.976916999818
245,6491.976916999818
244,6495.976916999818
245,6499.976916999818
245,6503.976916999818
244,6507.976916999818
245,6511.976916999818
244,6515.976916999818
245,6519.976916999818
245,6523.976916999818
244,6527.976916999818
244,6531.976916999818
244,6535.976916999818
244,6539.976916999818
245,6543.976916999818
245,6547.976916999818
245,6551.976916999818
244,6555.976916999818
244,6559.976916999818
245,6563.976916999818
244,6567.976916999818
245,6571.976916999818
244,6575.976916999818
245,6579.976916999818
244,6583.976916999818
244,6587.976916999818
245,6591.976916999818
245,6595.976916999818
245,6599.976916999818
244,6603.976916999818
245,6607.976916999818
244,6611.976916999818
245,6615.976916999818
245,6619.976916999818
245,6623.976916999818
244,6627.976916999818
244,6631.976916999818
245,6635.976916999818
245,6639.976916999818
245,6643.976916999818
245,6647.976916999818
245,6651.976916999818
245,6655.976916999818
245,6659.976916999818
244,6663.976916999818
245,6667.976916999818
245,6671.976916999818
245,6675.976916999818
244,6679.976916999818
244,6683.976916999818
245,6687.976916999818
245,6691.976916999818
245,6695.976916999818
244,6699.976916999818
244,6703.976916999818
245,6707.976916999818
244,6711.976916999818
245,6715.976916999818
245,6719.976916999818
245,6723.976916999818
245,6727.976916999818
244,6731.976916999818
244,6735.976916999818
244,6739.976916999818
245,6743.976916999818
244,6747.976916999818
245,6751.976916999818
244,6755.976916999818
245,6759.976916999818
245,6763.976916999818
244,6767.976916999818
245,6771.976916999818
244,6775.976916999818
244,6779.976916999818
245,6783.976916999818
244,6787.976916999818
245,6791.976916999818
244,6795.976916999818
244,6799.976916999818
244,6803.976916999818
244,6807.976916999818
245,6811.976916999818
245,6815.976916999818
245,6819.976916999818
245,6823.976916999818
245,6827.976916999818
245,6831.976916999818
244,6835.976916999818
245,6839.976916999818
244,6843.976916999818
245,6847.976916999818
245,6851.976916999818
244,6855.976916999818
244,6859.976916999818
244,6863.976916999818
244,6867.976916999818
245,6871.976916999818
245,6875.976916999818
244,6879.976916999818
245,6883.976916999818
245,6887.976916999818
244,6891.976916999818
244,6895.976916999818
244,6899.976916999818
245,6903.976916999818
245,6907.976916999818
245,6911.976916999818
245,6915.976916999818
244,6919.976916999818
245,6923.976916999818
245,6927.976916999818
244,6931.976916999818
244,6935.976916999818
245,6939.976916999818
244,6943.976916999818
245,6947.976916999818
245,6951.976916999818
245,6955.976916999818
244,6959.976916999818
245,6963.976916999818
245,6967.976916999818
245,6971.976916999818
244,6975.976916999818
245,6979.976916999818
245,6983.976916999818
244,6987.976916999818
245,6991.976916999818
244,6995.976916999818
245,6999.976916999818
245,7003.976916999818
245,7007.976916999818
245,7011.976916999818
245,7015.976916999818
245,7019.976916999818
244,7023.976916999818
245,7027.976916999818
244,7031.976916999818
244,7035.976916999818
244,7039.976916999818
244,7043.976916999818
245,7047.976916999818
244,7051.976916999818
244,7055.976916999818
245,7059.976916999818
245,7063.976916999818
245,7067.976916999818
245,7071.976916999818
245,7075.976916999818
245,7079.976916999818
245,7083.976916999818
244,7087.976916999818
245,7091.976916999818
245,7095.976916999818
244,7099.976916999818
245,7103.976916999818
245,7107.976916999818
245,7111.976916999818
245,7115.976916999818
245,7119.976916999818
245,7123.976916999818
244,7127.976916999818
245,7131.976916999818
245,7135.976916999818
245,7139.976916999818
245,7143.976916999818
245,7147.976916999818
245,7151.976916999818
245,7155.976916999818
244,7159.976916999818
245,7163.976916999818
245,7167.976916999818
244,7171.976916999818
245,7175.976916999818
244,7179.976916999818
244,7183.976916999818
244,7187.976916999818
244,7191.976916999818
244,7195.976916999818
245,7199.976916999818
244,7203.976916999818
244,7207.976916999818
244,7211.976916999818
245,7215.976916999818
245,7219.976916999818
245,7223.976916999818
245,7227.976916999818
244,7231.976916999818
245,7235.976916999818
244,7239.976916999818
245,7243.976916999818
245,7247.976916999818
244,7251.976916999818
245,7255.976916999818
245,7259.976916999818
245,7263.976916999818
245,7267.976916999818
244,7271.976916999818
245,7275.976916999818
245,7279.976916999818
244,7283.976916999818
245,7287.976916999818
245,7291.976916999818
245,7295.976916999818
245,7299.976916999818
245,7303.976916999818
245,7307.976916999818
244,7311.976916999818
245,7315.976916999818
245,7319.976916999818
245,7323.976916999818
244,7327.976916999818
245,7331.976916999818
245,7335.976916999818
245,7339.976916999818
244,7343.976916999818
245,7347.976916999818
244,7351.976916999818
244,7355.976916999818
245,7359.976916999818
244,7363.976916999818
244,7367.976916999818
245,7371.976916999818
245,7375.976916999818
245,7379.976916999818
245,7383.976916999818
245,7387.976916999818
244,7391.976916999818
245,7395.976916999818
245,7399.976916999818
245,7403.976916999818
244,7407.976916999818
245,7411.976916999818
245,7415.976916999818
245,7419.976916999818
245,7423.976916999818
245,7427.976916999818
245,7431.976916999818
244,7435.976916999818
245,7439.976916999818
245,7443.976916999818
245,7447.976916999818
244,7451.976916999818
245,7455.976916999818
245,7459.976916999818
245,7463.976916999818
244,7467.976916999818
244,7471.976916999818
245,7475.976916999818
245,7479.976916999818
245,7483.976916999818
245,7487.976916999818
245,7491.976916999818
245,7495.976916999818
244,7499.976916999818
245,7503.976916999818
244,7507.976916999818
245,7511.976916999818
245,7515.976916999818
244,7519.976916999818
245,7523.976916999818
245,7527.976916999818
245,7531.976916999818
244,7535.976916999818
245,7539.976916999818
245,7543.976916999818
245,7547.976916999818
244,7551.976916999818
244,7555.976916999818
245,7559.976916999818
245,7563.976916999818
245,7567.976916999818
245,7571.976916999818
245,7575.976916999818
245,7579.976916999818
245,7583.976916999818
245,7587.976916999818
245,7591.976916999818
245,7595.976916999818
245,7599.976916999818
244,7603.976916999818
245,7607.976916999818
245,7611.976916999818
244,7615.976916999818
245,7619.976916999818
245,7623.976916999818
245,7627.976916999818
245,7631.976916999818
245,7635.976916999818
245,7639.976916999818
245,7643.976916999818
245,7647.976916999818
245,7651.976916999818
244,7655.976916999818
244,7659.976916999818
244,7663.976916999818
245,7667.976916999818
244,7671.976916999818
244,7675.976916999818
244,7679.976916999818
245,7683.976916999818
245,7687.976916999818
245,7691.976916999818
245,7695.976916999818
244,7699.976916999818
244,7703.976916999818
245,7707.976916999818
245,7711.976916999818
245,7715.976916999818
245,7719.976916999818
244,7723.976916999818
244,7727.976916999818
245,7731.976916999818
245,7735.976916999818
244,7739.976916999818
244,7743.976916999818
244,7747.976916999818
244,7751.976916999818
245,7755.976916999818
245,7759.976916999818
244,7763.976916999818
245,7767.976916999818
245,7771.976916999818
244,7775.976916999818
244,7779.976916999818
245,7783.976916999818
245,7787.976916999818
244,7791.976916999818
244,7795.976916999818
244,7799.976916999818
244,7803.976916999818
245,7807.976916999818
245,7811.976916999818
245,7815.976916999818
245,7819.976916999818
244,7823.976916999818
245,7827.976916999818
245,7831.976916999818
244,7835.976916999818
245,7839.976916999818
244,7843.976916999818
245,7847.976916999818
245,7851.976916999818
245,7855.976916999818
245,7859.976916999818
245,7863.976916999818
245,7867.976916999818
244,7871.976916999818
244,7875.976916999818
245,7879.976916999818
245,7883.976916999818
244,7887.976916999818
245,7891.976916999818
245,7895.976916999818
244,7899.976916999818
245,7903.976916999818
244,7907.976916999818
245,7911.976916999818
245,7915.976916999818
245,7919.976916999818
244,7923.976916999818
245,7927.976916999818
244,7931.976916999818
245,7935.976916999818
244,7939.976916999818
245,7943.976916999818
245,7947.976916999818
244,7951.976916999818
244,7955.976916999818
245,7959.976916999818
245,7963.976916999818
245,7967.976916999818
244,7971.976916999818
244,7975.976916999818
245,7979.976916999818
244,7983.976916999818
245,7987.976916999818
245,7991.976916999818
245,7995.976916999818
245,7999.976916999818
245,8003.976916999818
245,8007.976916999818
244,8011.976916999818
244,8015.976916999818
245,8019.976916999818
245,8023.976916999818
245,8027.976916999818
244,8031.976916999818
245,8035.976916999818
244,8039.976916999818
245,8043.976916999818
244,8047.976916999818
245,8051.976916999818
244,8055.976916999818
244,8059.976916999818
245,8063.976916999818
244,8067.976916999818
244,8071.976916999818
244,8075.976916999818
245,8079.976916999818
245,8083.976916999818
245,8087.976916999818
245,8091.976916999818
245,8095.976916999818
244,8099.976916999818
245,8103.976916999818
245,8107.976916999818
245,8111.976916999818
245,8115.976916999818
245,8119.976916999818
245,8123.976916999818
245,8127.976916999818
244,8131.976916999818
244,8135.976916999818
244,8139.976916999818
244,8143.976916999818
245,8147.976916999818
245,8151.976916999818
245,8155.976916999818
245,8159.976916999818
244,8163.976916999818
245,8167.976916999818
244,8171.976916999818
245,8175.976916999818
245,8179.976916999818
244,8183.976916999818
244,8187.976916999818
245,8191.976916999818
245,8195.976916999818
244,8199.976916999818
245,8203.976916999818
244,8207.976916999818
245,8211.976916999818
245,8215.976916999818
245,8219.976916999818
245,8223.976916999818
245,8227.976916999818
244,8231.976916999818
245,8235.976916999818
245,8239.976916999818
245,8243.976916999818
244,8247.976916999818
245,8251.976916999818
245,8255.976916999818
244,8259.976916999818
245,8263.976916999818
245,8267.976916999818
245,8271.976916999818
245,8275.976916999818
245,8279.976916999818
244,8283.976916999818
244,8287.976916999818
245,8291.976916999818
245,8295.976916999818
245,8299.976916999818
245,8303.976916999818
245,8307.976916999818
245,8311.976916999818
245,8315.976916999818
245,8319.976916999818
244,8323.976916999818
245,8327.976916999818
245,8331.976916999818
244,8335.976916999818
244,8339.976916999818
245,8343.976916999818
245,8347.976916999818
245,8351.976916999818
245,8355.976916999818
245,8359.976916999818
245,8363.976916999818
245,8367.976916999818
244,8371.976916999818
245,8375.976916999818
245,8379.976916999818
245,8383.976916999818
245,8387.976916999818
244,8391.976916999818
245,8395.976916999818
245,8399.976916999818
244,8403.976916999818
245,8407.976916999818
245,8411.976916999818
245,8415.976916999818
245,8419.976916999818
245,8423.976916999818
245,8427.976916999818
244,8431.976916999818
244,8435.976916999818
245,8439.976916999818
244,8443.976916999818
245,8447.976916999818
245,8451.976916999818
244,8455.976916999818
244,8459.976916999818
245,8463.976916999818
244,8467.976916999818
245,8471.976916999818
245,8475.976916999818
245,8479.976916999818
244,8483.976916999818
245,8487.976916999818
244,8491.976916999818
244,8495.976916999818
245,8499.976916999818
244,8503.976916999818
245,8507.976916999818
245,8511.976916999818
245,8515.976916999818
244,8519.976916999818
244,8523.976916999818
244,8527.976916999818
245,8531.976916999818
245,8535.976916999818
244,8539.976916999818
245,8543.976916999818
244,8547.976916999818
244,8551.976916999818
244,8555.976916999818
245,8559.976916999818
245,8563.976916999818
245,8567.976916999818
245,8571.976916999818
244,8575.976916999818
245,8579.976916999818
244,8583.976916999818
245,8587.976916999818
244,8591.976916999818
244,8595.976916999818
245,8599.976916999818
245,8603.976916999818
245,8607.976916999818
245,8611.976916999818
245,8615.976916999818
244,8619.976916999818
245,8623.976916999818
245,8627.976916999818
245,8631.976916999818
245,8635.976916999818
245,8639.976916999818
244,8643.976916999818
245,8647.976916999818
245,8651.976916999818
244,8655.976916999818
245,8659.976916999818
245,8663.976916999818
244,8667.976916999818
245,8671.976916999818
245,8675.976916999818
245,8679.976916999818
244,8683.976916999818
245,8687.976916999818
244,8691.976916999818
244,8695.976916999818
244,8699.976916999818
244,8703.976916999818
244,8707.976916999818
244,8711.976916999818
245,8715.976916999818
244,8719.976916999818
245,8723.976916999818
244,8727.976916999818
245,8731.976916999818
245,8735.976916999818
245,8739.976916999818
244,8743.976916999818
244,8747.976916999818
245,8751.976916999818
244,8755.976916999818
245,8759.976916999818
245,8763.976916999818
245,8767.976916999818
244,8771.976916999818
245,8775.976916999818
245,8779.976916999818
244,8783.976916999818
245,8787.976916999818
245,8791.976916999818
244,8795.976916999818
244,8799.976916999818
245,8803.976916999818
244,8807.976916999818
245,8811.976916999818
245,8815.976916999818
245,8819.976916999818
244,8823.976916999818
244,8827.976916999818
244,8831.976916999818
245,8835.976916999818
245,8839.976916999818
245,8843.976916999818
245,8847.976916999818
244,8851.976916999818
245,8855.976916999818
245,8859.976916999818
245,8863.976916999818
245,8867.976916999818
244,8871.976916999818
245,8875.976916999818
245,8879.976916999818
245,8883.976916999818
245,8887.976916999818
245,8891.976916999818
245,8895.976916999818
245,8899.976916999818
245,8903.976916999818
244,8907.976916999818
245,8911.976916999818
245,8915.976916999818
244,8919.976916999818
245,8923.976916999818
245,8927.976916999818
244,8931.976916999818
245,8935.976916999818
244,8939.976916999818
244,8943.976916999818
245,8947.976916999818
245,8951.976916999818
245,8955.976916999818
245,8959.976916999818
245,8963.976916999818
244,8967.976916999818
245,8971.976916999818
245,8975.976916999818
244,8979.976916999818
244,8983.976916999818
245,8987.976916999818
245,8991.976916999818
245,8995.976916999818
245,8999.976916999818
244,9003.976916999818
245,9007.976916999818
245,9011.976916999818
245,9015.976916999818
245,9019.976916999818
245,9023.976916999818
245,9027.976916999818
245,9031.976916999818
245,9035.976916999818
245,9039.976916999818
245,9043.976916999818
244,9047.976916999818
245,9051.976916999818
245,9055.976916999818
245,9059.976916999818
244,9063.976916999818
244,9067.976916999818
245,9071.976916999818
245,9075.976916999818
245,9079.976916999818
245,9083.976916999818
244,9087.976916999818
245,9091.976916999818
244,9095.976916999818
245,9099.976916999818
244,9103.976916999818
245,9107.976916999818
245,9111.976916999818
244,9115.976916999818
245,9119.976916999818
244,9123.976916999818
244,9127.976916999818
245,9131.976916999818
244,9135.976916999818
244,9139.976916999818
244,9143.976916999818
245,9147.976916999818
245,9151.976916999818
245,9155.976916999818
244,9159.976916999818
244,9163.976916999818
245,9167.976916999818
244,9171.976916999818
245,9175.976916999818
244,9179.976916999818
245,9183.976916999818
245,9187.976916999818
244,9191.976916999818
245,9195.976916999818
245,9199.976916999818
245,9203.976916999818
245,9207.976916999818
245,9211.976916999818
245,9215.976916999818
245,9219.976916999818
245,9223.976916999818
245,9227.976916999818
244,9231.976916999818
245,9235.976916999818
244,9239.976916999818
245,9243.976916999818
245,9247.976916999818
245,9251.976916999818
245,9255.976916999818
245,9259.976916999818
245,9263.976916999818
245,9267.976916999818
245,9271.976916999818
245,9275.976916999818
245,9279.976916999818
245,9283.976916999818
244,9287.976916999818
244,9291.976916999818
245,9295.976916999818
244,9299.976916999818
245,9303.976916999818
245,9307.976916999818
245,9311.976916999818
244,9315.976916999818
245,9319.976916999818
245,9323.976916999818
244,9327.976916999818
245,9331.976916999818
245,9335.976916999818
245,9339.976916999818
245,9343.976916999818
244,9347.976916999818
245,9351.976916999818
245,9355.976916999818
245,9359.976916999818
245,9363.976916999818
245,9367.976916999818
245,9371.976916999818
245,9375.976916999818
244,9379.976916999818
245,9383.976916999818
245,9387.976916999818
245,9391.976916999818
244,9395.976916999818
244,9399.976916999818
244,9403.976916999818
245,9407.976916999818
245,9411.976916999818
245,9415.976916999818
245,9419.976916999818
244,9423.976916999818
245,9427.976916999818
244,9431.976916999818
244,9435.976916999818
244,9439.976916999818
244,9443.976916999818
245,9447.976916999818
245,9451.976916999818
245,9455.976916999818
245,9459.976916999818
244,9463.976916999818
244,9467.976916999818
245,9471.976916999818
244,9475.976916999818
244,9479.976916999818
245,9483.976916999818
245,9487.976916999818
245,9491.976916999818
244,9495.976916999818
245,9499.976916999818
244,9503.976916999818
244,9507.976916999818
245,9511.976916999818
245,9515.976916999818
245,9519.976916999818
245,9523.976916999818
245,9527.976916999818
245,9531.976916999818
245,9535.976916999818
245,9539.976916999818
244,9543.976916999818
244,9547.976916999818
245,9551.976916999818
245,9555.976916999818
245,9559.976916999818
244,9563.976916999818
245,9567.976916999818
244,9571.976916999818
245,9575.976916999818
245,9579.976916999818
244,9583.976916999818
245,9587.976916999818
245,9591.976916999818
245,9595.976916999818
245,9599.976916999818
244,9603.976916999818
245,9607.976916999818
244,9611.976916999818
244,9615.976916999818
244,9619.976916999818
244,9623.976916999818
245,9627.976916999818
244,9631.976916999818
244,9635.976916999818
244,9639.976916999818
245,9643.976916999818
244,9647.976916999818
245,9651.976916999818
244,9655.976916999818
245,9659.976916999818
245,9663.976916999818
244,9667.976916999818
245,9671.976916999818
244,9675.976916999818
245,9679.976916999818
245,9683.976916999818
245,9687.976916999818
245,9691.976916999818
245,9695.976916999818
245,9699.976916999818
244,9703.976916999818
244,9707.976916999818
244,9711.976916999818
245,9715.976916999818
245,9719.976916999818
244,9723.976916999818
244,9727.976916999818
244,9731.976916999818
244,9735.976916999818
245,9739.976916999818
245,9743.976916999818
244,9747.976916999818
245,9751.976916999818
244,9755.976916999818
245,9759.976916999818
245,9763.976916999818
244,9767.976916999818
245,9771.976916999818
245,9775.976916999818
245,9779.976916999818
245,9783.976916999818
244,9787.976916999818
245,9791.976916999818
245,9795.976916999818
245,9799.976916999818
245,9803.976916999818
244,9807.976916999818
245,9811.976916999818
244,9815.976916999818
244,9819.976916999818
245,9823.976916999818
245,9827.976916999818
244,9831.976916999818
244,9835.976916999818
244,9839.976916999818
245,9843.976916999818
244,9847.976916999818
245,9851.976916999818
245,9855.976916999818
245,9859.976916999818
245,9863.976916999818
245,9867.976916999818
245,9871.976916999818
244,9875.976916999818
244,9879.976916999818
245,9883.976916999818
245,9887.976916999818
244,9891.976916999818
244,9895.976916999818
244,9899.976916999818
245,9903.976916999818
245,9907.976916999818
245,9911.976916999818
245,9915.976916999818
245,9919.976916999818
244,9923.976916999818
244,9927.976916999818
244,9931.976916999818
245,9935.976916999818
245,9939.976916999818
245,9943.976916999818
244,9947.976916999818
244,9951.976916999818
244,9955.976916999818
244,9959.976916999818
245,9963.976916999818
244,9967.976916999818
244,9971.976916999818
244,9975.976916999818
245,9979.976916999818
244,9983.976916999818
245,9987.976916999818
245,9991.976916999818
245,9995.976916999818
244,9999.976916999818
245,10003.976916999818
245,10007.976916999818
244,10011.976916999818
245,10015.976916999818
245,10019.976916999818
245,10023.976916999818
245,10027.976916999818
245,10031.976916999818
245,10035.976916999818
244,10039.976916999818
245,10043.976916999818
244,10047.976916999818
245,10051.976916999818
245,10055.976916999818
244,10059.976916999818
245,10063.976916999818
244,10067.976916999818
245,10071.976916999818
245,10075.976916999818
245,10079.976916999818
244,10083.976916999818
244,10087.976916999818
245,10091.976916999818
245,10095.976916999818
245,10099.976916999818
245,10103.976916999818
245,10107.976916999818
244,10111.976916999818
244,10115.976916999818
244,10119.976916999818
244,10123.976916999818
244,10127.976916999818
245,10131.976916999818
245,10135.976916999818
245,10139.976916999818
244,10143.976916999818
245,10147.976916999818
245,10151.976916999818
244,10155.976916999818
244,10159.976916999818
245,10163.976916999818
245,10167.976916999818
245,10171.976916999818
245,10175.976916999818
244,10179.976916999818
245,10183.976916999818
244,10187.976916999818
245,10191.976916999818
244,10195.976916999818
244,10199.976916999818
245,10203.976916999818
245,10207.976916999818
244,10211.976916999818
244,10215.976916999818
245,10219.976916999818
245,10223.976916999818
245,10227.976916999818
245,10231.976916999818
245,10235.976916999818
245,10239.976916999818
244,10243.976916999818
245,10247.976916999818
244,10251.976916999818
245,10255.976916999818
244,10259.976916999818
245,10263.976916999818
244,10267.976916999818
245,10271.976916999818
244,10275.976916999818
244,10279.976916999818
245,10283.976916999818
244,10287.976916999818
245,10291.976916999818
245,10295.976916999818
245,10299.976916999818
245,10303.976916999818
245,10307.976916999818
245,10311.976916999818
245,10315.976916999818
244,10319.976916999818
245,10323.976916999818
245,10327.976916999818
244,10331.976916999818
245,10335.976916999818
244,10339.976916999818
244,10343.976916999818
245,10347.976916999818
245,10351.976916999818
244,10355.976916999818
245,10359.976916999818
245,10363.976916999818
244,10367.976916999818
244,10371.976916999818
245,10375.976916999818
245,10379.976916999818
245,10383.976916999818
245,10387.976916999818
244,10391.976916999818
245,10395.976916999818
245,10399.976916999818
245,10403.976916999818
245,10407.976916999818
245,10411.976916999818
245,10415.976916999818
244,10419.976916999818
245,10423.976916999818
245,10427.976916999818
244,10431.976916999818
244,10435.976916999818
245,10439.976916999818
244,10443.976916999818
245,10447.976916999818
245,10451.976916999818
245,10455.976916999818
245,10459.976916999818
245,10463.976916999818
245,10467.976916999818
245,10471.976916999818
244,10475.976916999818
245,10479.976916999818
244,10483.976916999818
245,10487.976916999818
244,10491.976916999818
245,10495.976916999818
244,10499.976916999818
245,10503.976916999818
244,10507.976916999818
245,10511.976916999818
245,10515.976916999818
244,10519.976916999818
245,10523.976916999818
244,10527.976916999818
245,10531.976916999818
245,10535.976916999818
245,10539.976916999818
245,10543.976916999818
245,10547.976916999818
245,10551.976916999818
245,10555.976916999818
245,10559.976916999818
245,10563.976916999818
245,10567.976916999818
244,10571.976916999818
244,10575.976916999818
245,10579.976916999818
244,10583.976916999818
245,10587.976916999818
245,10591.976916999818
245,10595.976916999818
244,10599.976916999818
245,10603.976916999818
245,10607.976916999818
245,10611.976916999818
245,10615.976916999818
245,10619.976916999818
245,10623.976916999818
245,10627.976916999818
244,10631.976916999818
244,10635.976916999818
245,10639.976916999818
245,10643.976916999818
245,10647.976916999818
244,10651.976916999818
244,10655.976916999818
244,10659.976916999818
245,10663.976916999818
245,10667.976916999818
244,10671.976916999818
244,10675.976916999818
245,10679.976916999818
245,10683.976916999818
245,10687.976916999818
245,10691.976916999818
245,10695.976916999818
245,10699.976916999818
245,10703.976916999818
244,10707.976916999818
245,10711.976916999818
245,10715.976916999818
245,10719.976916999818
245,10723.976916999818
244,10727.976916999818
245,10731.976916999818
245,10735.976916999818
244,10739.976916999818
244,10743.976916999818
245,10747.976916999818
245,10751.976916999818
245,10755.976916999818
245,10759.976916999818
245,10763.976916999818
245,10767.976916999818
245,10771.976916999818
245,10775.976916999818
244,10779.976916999818
245,10783.976916999818
245,10787.976916999818
245,10791.976916999818
245,10795.976916999818
245,10799.976916999818
245,10803.976916999818
245,10807.976916999818
245,10811.976916999818
244,10815.976916999818
244,10819.976916999818
245,10823.976916999818
245,10827.976916999818
244,10831.976916999818
245,10835.976916999818
245,10839.976916999818
245,10843.976916999818
245,10847.976916999818
245,10851.976916999818
245,10855.976916999818
245,10859.976916999818
244,10863.976916999818
245,10867.976916999818
245,10871.976916999818
245,10875.976916999818
245,10879.976916999818
245,10883.976916999818
245,10887.976916999818
245,10891.976916999818
244,10895.976916999818
244,10899.976916999818
245,10903.976916999818
245,10907.976916999818
245,10911.976916999818
245,10915.976916999818
245,10919.976916999818
245,10923.976916999818
244,10927.976916999818
244,10931.976916999818
245,10935.976916999818
245,10939.976916999818
245,10943.976916999818
245,10947.976916999818
245,10951.976916999818
245,10955.976916999818
245,10959.976916999818
245,10963.976916999818
244,10967.976916999818
245,10971.976916999818
245,10975.976916999818
245,10979.976916999818
245,10983.976916999818
245,10987.976916999818
245,10991.976916999818
245,10995.976916999818
245,10999.976916999818
244,11003.976916999818
245,11007.976916999818
245,11011.976916999818
244,11015.976916999818
244,11019.976916999818
245,11023.976916999818
245,11027.976916999818
245,11031.976916999818
245,11035.976916999818
245,11039.976916999818
245,11043.976916999818
245,11047.976916999818
245,11051.976916999818
245,11055.976916999818
245,11059.976916999818
245,11063.976916999818
245,11067.976916999818
245,11071.976916999818
244,11075.976916999818
244,11079.976916999818
245,11083.976916999818
245,11087.976916999818
244,11091.976916999818
245,11095.976916999818
245,11099.976916999818
245,11103.976916999818
245,11107.976916999818
245,11111.976916999818
245,11115.976916999818
244,11119.976916999818
245,11123.976916999818
244,11127.976916999818
245,11131.976916999818
245,11135.976916999818
245,11139.976916999818
245,11143.976916999818
244,11147.976916999818
244,11151.976916999818
244,11155.976916999818
245,11159.976916999818
245,11163.976916999818
245,11167.976916999818
245,11171.976916999818
245,11175.976916999818
245,11179.976916999818
245,11183.976916999818
245,11187.976916999818
244,11191.976916999818
245,11195.976916999818
245,11199.976916999818
245,11203.976916999818
245,11207.976916999818
244,11211.976916999818
245,11215.976916999818
244,11219.976916999818
245,11223.976916999818
245,11227.976916999818
245,11231.976916999818
245,11235.976916999818
245,11239.976916999818
245,11243.976916999818
244,11247.976916999818
245,11251.976916999818
245,11255.976916999818
245,11259.976916999818
245,11263.976916999818
244,11267.976916999818
244,11271.976916999818
245,11275.976916999818
245,11279.976916999818
244,11283.976916999818
244,11287.976916999818
245,11291.976916999818
245,11295.976916999818
244,11299.976916999818
245,11303.976916999818
244,11307.976916999818
244,11311.976916999818
243,11315.976916999818
243,11319.976916999818
242,11323.976916999818
242,11327.976916999818
242,11331.976916999818
241,11335.976916999818
241,11339.976916999818
241,11343.976916999818
241,11347.976916999818
241,11351.976916999818
241,11355.976916999818
241,11359.976916999818
240,11363.976916999818
240,11367.976916999818
240,11371.976916999818
240,11375.976916999818
240,11379.976916999818
240,11383.976916999818
240,11387.976916999818
239,11391.976916999818
239,11395.976916999818
239,11399.976916999818
239,11403.976916999818
239,11407.976916999818
239,11411.976916999818
239,11415.976916999818
239,11419.976916999818
239,11423.976916999818
239,11427.976916999818
239,11431.976916999818
239,11435.976916999818
239,11439.976916999818
239,11443.976916999818
239,11447.976916999818
239,11451.976916999818
239,11455.976916999818
239,11459.976916999818
239,11463.976916999818
239,11467.976916999818
239,11471.976916999818
239,11475.976916999818
239,11479.976916999818
239,11483.976916999818
239,11487.976916999818
239,11491.976916999818
239,11495.976916999818
238,11499.976916999818
238,11503.976916999818
237,11507.976916999818
237,11511.976916999818
237,11515.976916999818
236,11519.976916999818
236,11523.976916999818
236,11527.976916999818
236,11531.976916999818
236,11535.976916999818
236,11539.976916999818
236,11543.976916999818
236,11547.976916999818
236,11551.976916999818
236,11555.976916999818
236,11559.976916999818
236,11563.976916999818
235,11567.976916999818
236,11571.976916999818
235,11575.976916999818
236,11579.976916999818
235,11583.976916999818
236,11587.976916999818
236,11591.976916999818
235,11595.976916999818
235,11599.976916999818
236,11603.976916999818
236,11607.976916999818
236,11611.976916999818
236,11615.976916999818
235,11619.976916999818
236,11623.976916999818
235,11627.976916999818
236,11631.976916999818
236,11635.976916999818
236,11639.976916999818
236,11643.976916999818
236,11647.976916999818
235,11651.976916999818
235,11655.976916999818
235,11659.976916999818
236,11663.976916999818
235,11667.976916999818
236,11671.976916999818
235,11675.976916999818
235,11679.976916999818
236,11683.976916999818
236,11687.976916999818
236,11691.976916999818
236,11695.976916999818
236,11699.976916999818
235,11703.976916999818
236,11707.976916999818
236,11711.976916999818
236,11715.976916999818
235,11719.976916999818
236,11723.976916999818
235,11727.976916999818
236,11731.976916999818
236,11735.976916999818
236,11739.976916999818
236,11743.976916999818
236,11747.976916999818
236,11751.976916999818
236,11755.976916999818
236,11759.976916999818
236,11763.976916999818
236,11767.976916999818
235,11771.976916999818
235,11775.976916999818
235,11779.976916999818
236,11783.976916999818
235,11787.976916999818
236,11791.976916999818
236,11795.976916999818
235,11799.976916999818
235,11803.976916999818
236,11807.976916999818
236,11811.976916999818
236,11815.976916999818
236,11819.976916999818
235,11823.976916999818
235,11827.976916999818
236,11831.976916999818
236,11835.976916999818
236,11839.976916999818
236,11843.976916999818
236,11847.976916999818
236,11851.976916999818
235,11855.976916999818
236,11859.976916999818
235,11863.976916999818
235,11867.976916999818
236,11871.976916999818
236,11875.976916999818
236,11879.976916999818
235,11883.976916999818
235,11887.976916999818
236,11891.976916999818
235,11895.976916999818
236,11899.976916999818
235,11903.976916999818
235,11907.976916999818
236,11911.976916999818
236,11915.976916999818
236,11919.976916999818
236,11923.976916999818
236,11927.976916999818
236,11931.976916999818
236,11935.976916999818
236,11939.976916999818
236,11943.976916999818
235,11947.976916999818
236,11951.976916999818
236,11955.976916999818
236,11959.976916999818
236,11963.976916999818
236,11967.976916999818
236,11971.976916999818
236,11975.976916999818
236,11979.976916999818
236,11983.976916999818
236,11987.976916999818
236,11991.976916999818
235,11995.976916999818
236,11999.976916999818
236,12003.976916999818
236,12007.976916999818
236,12011.976916999818
235,12015.976916999818
236,12019.976916999818
236,12023.976916999818
235,12027.976916999818
236,12031.976916999818
236,12035.976916999818
236,12039.976916999818
236,12043.976916999818
236,12047.976916999818
235,12051.976916999818
236,12055.976916999818
236,12059.976916999818
236,12063.976916999818
235,12067.976916999818
236,12071.976916999818
235,12075.976916999818
236,12079.976916999818
236,12083.976916999818
236,12087.976916999818
236,12091.976916999818
236,12095.976916999818
235,12099.976916999818
235,12103.976916999818
236,12107.976916999818
236,12111.976916999818
236,12115.976916999818
236,12119.976916999818
235,12123.976916999818
236,12127.976916999818
235,12131.976916999818
236,12135.976916999818
235,12139.976916999818
235,12143.976916999818
235,12147.976916999818
235,12151.976916999818
236,12155.976916999818
236,12159.976916999818
236,12163.976916999818
236,12167.976916999818
235,12171.976916999818
236,12175.976916999818
236,12179.976916999818
236,12183.976916999818
236,12187.976916999818
235,12191.976916999818
236,12195.976916999818
235,12199.976916999818
235,12203.976916999818
236,12207.976916999818
236,12211.976916999818
235,12215.976916999818
235,12219.976916999818
235,12223.976916999818
236,12227.976916999818
236,12231.976916999818
236,12235.976916999818
235,12239.976916999818
236,12243.976916999818
236,12247.976916999818
235,12251.976916999818
235,12255.976916999818
236,12259.976916999818
235,12263.976916999818
236,12267.976916999818
236,12271.976916999818
236,12275.976916999818
235,12279.976916999818
236,12283.976916999818
236,12287.976916999818
235,12291.976916999818
236,12295.976916999818
236,12299.976916999818
235,12303.976916999818
236,12307.976916999818
235,12311.976916999818
236,12315.976916999818
235,12319.976916999818
236,12323.976916999818
236,12327.976916999818
236,12331.976916999818
236,12335.976916999818
236,12339.976916999818
236,12343.976916999818
236,12347.976916999818
236,12351.976916999818
236,12355.976916999818
236,12359.976916999818
236,12363.976916999818
236,12367.976916999818
236,12371.976916999818
236,12375.976916999818
236,12379.976916999818
236,12383.976916999818
236,12387.976916999818
236,12391.976916999818
236,12395.976916999818
236,12399.976916999818
236,12403.976916999818
235,12407.976916999818
236,12411.976916999818
236,12415.976916999818
236,12419.976916999818
236,12423.976916999818
236,12427.976916999818
236,12431.976916999818
236,12435.976916999818
236,12439.976916999818
236,12443.976916999818
235,12447.976916999818
236,12451.976916999818
235,12455.976916999818
236,12459.976916999818
236,12463.976916999818
235,12467.976916999818
235,12471.976916999818
236,12475.976916999818
236,12479.976916999818
236,12483.976916999818
236,12487.976916999818
235,12491.976916999818
236,12495.976916999818
236,12499.976916999818
236,12503.976916999818
236,12507.976916999818
236,12511.976916999818
236,12515.976916999818
236,12519.976916999818
235,12523.976916999818
236,12527.976916999818
236,12531.976916999818
235,12535.976916999818
236,12539.976916999818
235,12543.976916999818
236,12547.976916999818
236,12551.976916999818
236,12555.976916999818
236,12559.976916999818
236,12563.976916999818
236,12567.976916999818
235,12571.976916999818
236,12575.976916999818
235,12579.976916999818
236,12583.976916999818
236,12587.976916999818
236,12591.976916999818
236,12595.976916999818
235,12599.976916999818
236,12603.976916999818
236,12607.976916999818
235,12611.976916999818
236,12615.976916999818
236,12619.976916999818
236,12623.976916999818
236,12627.976916999818
236,12631.976916999818
235,12635.976916999818
236,12639.976916999818
236,12643.976916999818
235,12647.976916999818
235,12651.976916999818
235,12655.976916999818
236,12659.976916999818
236,12663.976916999818
236,12667.976916999818
235,12671.976916999818
236,12675.976916999818
236,12679.976916999818
236,12683.976916999818
236,12687.976916999818
236,12691.976916999818
236,12695.976916999818
236,12699.976916999818
236,12703.976916999818
236,12707.976916999818
235,12711.976916999818
235,12715.976916999818
236,12719.976916999818
236,12723.976916999818
236,12727.976916999818
236,12731.976916999818
235,12735.976916999818
236,12739.976916999818
235,12743.976916999818
236,12747.976916999818
235,12751.976916999818
236,12755.976916999818
235,12759.976916999818
235,12763.976916999818
236,12767.976916999818
236,12771.976916999818
235,12775.976916999818
236,12779.976916999818
236,12783.976916999818
236,12787.976916999818
235,12791.976916999818
236,12795.976916999818
236,12799.976916999818
235,12803.976916999818
235,12807.976916999818
236,12811.976916999818
236,12815.976916999818
236,12819.976916999818
236,12823.976916999818
236,12827.976916999818
236,12831.976916999818
236,12835.976916999818
236,12839.976916999818
236,12843.976916999818
236,12847.976916999818
235,12851.976916999818
235,12855.976916999818
235,12859.976916999818
236,12863.976916999818
235,12867.976916999818
236,12871.976916999818
236,12875.976916999818
236,12879.976916999818
236,12883.976916999818
236,12887.976916999818
236,12891.976916999818
236,12895.976916999818
236,12899.976916999818
235,12903.976916999818
236,12907.976916999818
236,12911.976916999818
236,12915.976916999818
235,12919.976916999818
236,12923.976916999818
235,12927.976916999818
236,12931.976916999818
236,12935.976916999818
236,12939.976916999818
236,12943.976916999818
236,12947.976916999818
235,12951.976916999818
236,12955.976916999818
236,12959.976916999818
236,12963.976916999818
236,12967.976916999818
236,12971.976916999818
236,12975.976916999818
236,12979.976916999818
236,12983.976916999818
236,12987.976916999818
236,12991.976916999818
236,12995.976916999818
236,12999.976916999818
235,13003.976916999818
236,13007.976916999818
236,13011.976916999818
235,13015.976916999818
235,13019.976916999818
236,13023.976916999818
235,13027.976916999818
236,13031.976916999818
236,13035.976916999818
236,13039.976916999818
235,13043.976916999818
235,13047.976916999818
236,13051.976916999818
236,13055.976916999818
236,13059.976916999818
236,13063.976916999818
236,13067.976916999818
236,13071.976916999818
236,13075.976916999818
236,13079.976916999818
235,13083.976916999818
236,13087.976916999818
236,13091.976916999818
236,13095.976916999818
235,13099.976916999818
236,13103.976916999818
236,13107.976916999818
236,13111.976916999818
235,13115.976916999818
235,13119.976916999818
236,13123.976916999818
236,13127.976916999818
236,13131.976916999818
236,13135.976916999818
235,13139.976916999818
236,13143.976916999818
236,13147.976916999818
236,13151.976916999818
235,13155.976916999818
236,13159.976916999818
235,13163.976916999818
236,13167.976916999818
235,13171.976916999818
236,13175.976916999818
236,13179.976916999818
236,13183.976916999818
236,13187.976916999818
235,13191.976916999818
236,13195.976916999818
236,13199.976916999818
236,13203.976916999818
236,13207.976916999818
236,13211.976916999818
236,13215.976916999818
236,13219.976916999818
236,13223.976916999818
236,13227.976916999818
236,13231.976916999818
236,13235.976916999818
236,13239.976916999818
236,13243.976916999818
236,13247.976916999818
236,13251.976916999818
236,13255.976916999818
236,13259.976916999818
237,13263.976916999818
237,13267.976916999818
237,13271.976916999818
236,13275.976916999818
236,13279.976916999818
236,13283.976916999818
236,13287.976916999818
236,13291.976916999818
237,13295.976916999818
237,13299.976916999818
237,13303.976916999818
237,13307.976916999818
236,13311.976916999818
236,13315.976916999818
237,13319.976916999818
237,13323.976916999818
237,13327.976916999818
236,13331.976916999818
237,13335.976916999818
236,13339.976916999818
237,13343.976916999818
236,13347.976916999818
236,13351.976916999818
236,13355.976916999818
236,13359.976916999818
236,13363.976916999818
236,13367.976916999818
236,13371.976916999818
236,13375.976916999818
237,13379.976916999818
236,13383.976916999818
237,13387.976916999818
237,13391.976916999818
237,13395.976916999818
237,13399.976916999818
237,13403.976916999818
237,13407.976916999818
237,13411.976916999818
237,13415.976916999818
237,13419.976916999818
238,13423.976916999818
238,13427.976916999818
238,13431.976916999818
238,13435.976916999818
238,13439.976916999818
238,13443.976916999818
238,13447.976916999818
238,13451.976916999818
239,13455.976916999818
239,13459.976916999818
239,13463.976916999818
240,13467.976916999818
240,13471.976916999818
240,13475.976916999818
240,13479.976916999818
241,13483.976916999818
241,13487.976916999818
241,13491.976916999818
241,13495.976916999818
241,13499.976916999818
241,13503.976916999818
241,13507.976916999818
241,13511.976916999818
241,13515.976916999818
241,13519.976916999818
242,13523.976916999818
242,13527.976916999818
242,13531.976916999818
243,13535.976916999818
243,13539.976916999818
243,13543.976916999818
244,13547.976916999818
244,13551.976916999818
245,13555.976916999818
245,13559.976916999818
245,13563.976916999818
245,13567.976916999818
245,13571.976916999818
246,13575.976916999818
245,13579.976916999818
246,13583.976916999818
246,13587.976916999818
246,13591.976916999818
245,13595.976916999818
245,13599.976916999818
246,13603.976916999818
246,13607.976916999818
246,13611.976916999818
246,13615.976916999818
246,13619.976916999818
246,13623.976916999818
245,13627.976916999818
246,13631.976916999818
246,13635.976916999818
246,13639.976916999818
245,13643.976916999818
245,13647.976916999818
246,13651.976916999818
246,13655.976916999818
245,13659.976916999818
245,13663.976916999818
246,13667.976916999818
246,13671.976916999818
245,13675.976916999818
245,13679.976916999818
246,13683.976916999818
246,13687.976916999818
245,13691.976916999818
246,13695.976916999818
246,13699.976916999818
246,13703.976916999818
246,13707.976916999818
246,13711.976916999818
246,13715.976916999818
246,13719.976916999818
246,13723.976916999818
245,13727.976916999818
246,13731.976916999818
246,13735.976916999818
246,13739.976916999818
246,13743.976916999818
246,13747.976916999818
246,13751.976916999818
246,13755.976916999818
245,13759.976916999818
246,13763.976916999818
246,13767.976916999818
246,13771.976916999818
246,13775.976916999818
245,13779.976916999818
246,13783.976916999818
246,13787.976916999818
246,13791.976916999818
246,13795.976916999818
246,13799.976916999818
246,13803.976916999818
246,13807.976916999818
245,13811.976916999818
246,13815.976916999818
246,13819.976916999818
246,13823.976916999818
246,13827.976916999818
246,13831.976916999818
245,13835.976916999818
245,13839.976916999818
245,13843.976916999818
245,13847.976916999818
245,13851.976916999818
245,13855.976916999818
246,13859.976916999818
246,13863.976916999818
246,13867.976916999818
246,13871.976916999818
245,13875.976916999818
245,13879.976916999818
246,13883.976916999818
245,13887.976916999818
246,13891.976916999818
245,13895.976916999818
246,13899.976916999818
246,13903.976916999818
246,13907.976916999818
245,13911.976916999818
246,13915.976916999818
246,13919.976916999818
246,13923.976916999818
247,13927.976916999818
247,13931.976916999818
247,13935.976916999818
248,13939.976916999818
248,13943.976916999818
248,13947.976916999818
248,13951.976916999818
248,13955.976916999818
248,13959.976916999818
248,13963.976916999818
249,13967.976916999818
249,13971.976916999818
249,13975.976916999818
249,13979.976916999818
249,13983.976916999818
249,13987.976916999818
249,13991.976916999818
249,13995.976916999818
249,13999.976916999818
249,14003.976916999818
249,14007.976916999818
249,14011.976916999818
249,14015.976916999818
249,14019.976916999818
249,14023.976916999818
249,14027.976916999818
249,14031.976916999818
249,14035.976916999818
249,14039.976916999818
249,14043.976916999818
249,14047.976916999818
249,14051.976916999818
249,14055.976916999818
249,14059.976916999818
249,14063.976916999818
249,14067.976916999818
249,14071.976916999818
249,14075.976916999818
249,14079.976916999818
249,14083.976916999818
249,14087.976916999818
249,14091.976916999818
249,14095.976916999818
249,14099.976916999818
249,14103.976916999818
249,14107.976916999818
249,14111.976916999818
249,14115.976916999818
249,14119.976916999818
249,14123.976916999818
249,14127.976916999818
249,14131.976916999818
249,14135.976916999818
249,14139.976916999818
249,14143.976916999818
249,14147.976916999818
249,14151.976916999818
249,14155.976916999818
249,14159.976916999818
249,14163.976916999818
249,14167.976916999818
249,14171.976916999818
249,14175.976916999818
249,14179.976916999818
249,14183.976916999818
249,14187.976916999818
249,14191.976916999818
249,14195.976916999818
249,14199.976916999818
249,14203.976916999818
249,14207.976916999818
249,14211.976916999818
249,14215.976916999818
249,14219.976916999818
249,14223.976916999818
249,14227.976916999818
249,14231.976916999818
249,14235.976916999818
249,14239.976916999818
249,14243.976916999818
249,14247.976916999818
249,14251.976916999818
249,14255.976916999818
249,14259.976916999818
249,14263.976916999818
249,14267.976916999818
249,14271.976916999818
249,14275.976916999818
249,14279.976916999818
249,14283.976916999818
249,14287.976916999818
249,14291.976916999818
249,14295.976916999818
249,14299.976916999818
249,14303.976916999818
249,14307.976916999818
249,14311.976916999818
249,14315.976916999818
249,14319.976916999818
249,14323.976916999818
249,14327.976916999818
249,14331.976916999818
249,14335.976916999818
249,14339.976916999818
249,14343.976916999818
249,14347.976916999818
249,14351.976916999818
249,14355.976916999818
249,14359.976916999818
249,14363.976916999818
249,14367.976916999818
249,14371.976916999818
249,14375.976916999818
249,14379.976916999818
249,14383.976916999818
249,14387.976916999818
249,14391.976916999818
249,14395.976916999818
249,14399.976916999818
249,14403.976916999818
249,14407.976916999818
249,14411.976916999818
249,14415.976916999818
249,14419.976916999818
249,14423.976916999818
249,14427.976916999818
249,14431.976916999818
249,14435.976916999818
249,14439.976916999818
249,14443.976916999818
249,14447.976916999818
249,14451.976916999818
249,14455.976916999818
249,14459.976916999818
249,14463.976916999818
249,14467.976916999818
249,14471.976916999818
249,14475.976916999818
249,14479.976916999818
249,14483.976916999818
249,14487.976916999818
249,14491.976916999818
249,14495.976916999818
249,14499.976916999818
249,14503.976916999818
249,14507.976916999818
249,14511.976916999818
249,14515.976916999818
249,14519.976916999818
249,14523.976916999818
249,14527.976916999818
249,14531.976916999818
249,14535.976916999818
249,14539.976916999818
249,14543.976916999818
249,14547.976916999818
249,14551.976916999818
250,14555.976916999818
249,14559.976916999818
249,14563.976916999818
249,14567.976916999818
249,14571.976916999818
249,14575.976916999818
249,14579.976916999818
249,14583.976916999818
249,14587.976916999818
249,14591.976916999818
249,14595.976916999818
249,14599.976916999818
249,14603.976916999818
249,14607.976916999818
249,14611.976916999818
249,14615.976916999818
249,14619.976916999818
249,14623.976916999818
249,14627.976916999818
249,14631.976916999818
249,14635.976916999818
249,14639.976916999818
249,14643.976916999818
249,14647.976916999818
249,14651.976916999818
249,14655.976916999818
249,14659.976916999818
249,14663.976916999818
249,14667.976916999818
249,14671.976916999818
249,14675.976916999818
249,14679.976916999818
249,14683.976916999818
249,14687.976916999818
249,14691.976916999818
249,14695.976916999818
249,14699.976916999818
249,14703.976916999818
249,14707.976916999818
249,14711.976916999818
249,14715.976916999818
249,14719.976916999818
249,14723.976916999818
249,14727.976916999818
249,14731.976916999818
249,14735.976916999818
249,14739.976916999818
249,14743.976916999818
249,14747.976916999818
249,14751.976916999818
249,14755.976916999818
250,14759.976916999818
249,14763.976916999818
249,14767.976916999818
249,14771.976916999818
249,14775.976916999818
249,14779.976916999818
249,14783.976916999818
249,14787.976916999818
249,14791.976916999818
249,14795.976916999818
249,14799.976916999818
249,14803.976916999818
249,14807.976916999818
249,14811.976916999818
249,14815.976916999818
249,14819.976916999818
249,14823.976916999818
249,14827.976916999818
249,14831.976916999818
249,14835.976916999818
249,14839.976916999818
249,14843.976916999818
249,14847.976916999818
249,14851.976916999818
249,14855.976916999818
249,14859.976916999818
249,14863.976916999818
249,14867.976916999818
249,14871.976916999818
249,14875.976916999818
249,14879.976916999818
249,14883.976916999818
249,14887.976916999818
249,14891.976916999818
249,14895.976916999818
249,14899.976916999818
249,14903.976916999818
249,14907.976916999818
249,14911.976916999818
249,14915.976916999818
249,14919.976916999818
249,14923.976916999818
249,14927.976916999818
249,14931.976916999818
249,14935.976916999818
249,14939.976916999818
249,14943.976916999818
249,14947.976916999818
