-1.6790000001037697,14398.320999999896
value,time
0,3.968333000102575
0,7.968333000102575
0,11.968333000102575
0,15.968333000102575
0,19.968333000102575
0,23.968333000102575
0,27.968333000102575
0,31.968333000102575
0,35.968333000102575
0,39.968333000102575
0,43.968333000102575
0,47.968333000102575
0,51.968333000102575
0,55.968333000102575
0,59.968333000102575
0,63.968333000102575
0,67.96833300010258
0,71.96833300010258
0,75.96833300010258
0,79.96833300010258
0,83.96833300010258
0,87.96833300010258
0,91.96833300010258
0,95.96833300010258
0,99.96833300010258
0,103.96833300010258
0,107.96833300010258
0,111.96833300010258
0,115.96833300010258
0,119.96833300010258
0,123.96833300010258
0,127.96833300010258
0,131.96833300010258
0,135.96833300010258
0,139.96833300010258
0,143.96833300010258
0,147.96833300010258
0,151.96833300010258
0,155.96833300010258
0,159.96833300010258
0,163.96833300010258
0,167.96833300010258
0,171.96833300010258
0,175.96833300010258
0,179.96833300010258
0,183.96833300010258
0,187.96833300010258
0,191.96833300010258
0,195.96833300010258
0,199.96833300010258
0,203.96833300010258
0,207.96833300010258
0,211.96833300010258
0,215.96833300010258
0,219.96833300010258
0,223.96833300010258
0,227.96833300010258
0,231.96833300010258
0,235.96833300010258
0,239.96833300010258
0,243.96833300010258
0,247.96833300010258
0,251.96833300010258
0,255.96833300010258
0,259.9683330001026
0,263.9683330001026
0,267.9683330001026
0,271.9683330001026
0,275.9683330001026
0,279.9683330001026
0,283.9683330001026
0,287.9683330001026
0,291.9683330001026
0,295.9683330001026
0,299.9683330001026
0,303.9683330001026
0,307.9683330001026
0,311.9683330001026
0,315.9683330001026
0,319.9683330001026
0,323.9683330001026
0,327.9683330001026
0,331.9683330001026
0,335.9683330001026
0,339.9683330001026
0,343.9683330001026
0,347.9683330001026
0,351.9683330001026
0,355.9683330001026
0,359.9683330001026
0,363.9683330001026
0,367.9683330001026
0,371.9683330001026
0,375.9683330001026
0,379.9683330001026
0,383.9683330001026
0,387.9683330001026
0,391.9683330001026
0,395.9683330001026
0,399.9683330001026
0,403.9683330001026
0,407.9683330001026
0,411.9683330001026
0,415.9683330001026
0,419.9683330001026
0,423.9683330001026
0,427.9683330001026
0,431.9683330001026
0,435.9683330001026
0,439.9683330001026
0,443.9683330001026
0,447.9683330001026
0,451.9683330001026
0,455.9683330001026
0,459.9683330001026
0,463.9683330001026
0,467.9683330001026
0,471.9683330001026
0,475.9683330001026
0,479.9683330001026
0,483.9683330001026
0,487.9683330001026
0,491.9683330001026
0,495.9683330001026
0,499.9683330001026
0,503.9683330001026
0,507.9683330001026
0,511.9683330001026
0,515.9683330001026
0,519.9683330001026
0,523.9683330001026
0,527.9683330001026
0,531.9683330001026
0,535.9683330001026
0,539.9683330001026
0,543.9683330001026
0,547.9683330001026
0,551.9683330001026
0,555.9683330001026
0,559.9683330001026
0,563.9683330001026
0,567.9683330001026
0,571.9683330001026
0,575.9683330001026
0,579.9683330001026
0,583.9683330001026
0,587.9683330001026
0,591.9683330001026
0,595.9683330001026
0,599.9683330001026
0,603.9683330001026
0,607.9683330001026
0,611.9683330001026
0,615.9683330001026
0,619.9683330001026
0,623.9683330001026
0,627.9683330001026
0,631.9683330001026
0,635.9683330001026
0,639.9683330001026
0,643.9683330001026
0,647.9683330001026
0,651.9683330001026
0,655.9683330001026
0,659.9683330001026
0,663.9683330001026
0,667.9683330001026
0,671.9683330001026
0,675.9683330001026
0,679.9683330001026
0,683.9683330001026
0,687.9683330001026
0,691.9683330001026
0,695.9683330001026
0,699.9683330001026
0,703.9683330001026
0,707.9683330001026
0,711.9683330001026
0,715.9683330001026
0,719.9683330001026
0,723.9683330001026
0,727.9683330001026
0,731.9683330001026
0,735.9683330001026
0,739.9683330001026
0,743.9683330001026
0,747.9683330001026
0,751.9683330001026
0,755.9683330001026
0,759.9683330001026
0,763.9683330001026
0,767.9683330001026
0,771.9683330001026
0,775.9683330001026
0,779.9683330001026
0,783.9683330001026
0,787.9683330001026
0,791.9683330001026
0,795.9683330001026
0,799.9683330001026
0,803.9683330001026
0,807.9683330001026
0,811.9683330001026
0,815.9683330001026
0,819.9683330001026
0,823.9683330001026
0,827.9683330001026
0,831.9683330001026
0,835.9683330001026
0,839.9683330001026
0,843.9683330001026
0,847.9683330001026
0,851.9683330001026
0,855.9683330001026
0,859.9683330001026
0,863.9683330001026
0,867.9683330001026
0,871.9683330001026
0,875.9683330001026
0,879.9683330001026
0,883.9683330001026
0,887.9683330001026
0,891.9683330001026
0,895.9683330001026
0,899.9683330001026
0,903.9683330001026
0,907.9683330001026
0,911.9683330001026
0,915.9683330001026
0,919.9683330001026
0,923.9683330001026
0,927.9683330001026
0,931.9683330001026
0,935.9683330001026
0,939.9683330001026
0,943.9683330001026
0,947.9683330001026
0,951.9683330001026
0,955.9683330001026
0,959.9683330001026
0,963.9683330001026
0,967.9683330001026
0,971.9683330001026
0,975.9683330001026
0,979.9683330001026
0,983.9683330001026
0,987.9683330001026
0,991.9683330001026
0,995.9683330001026
0,999.9683330001026
0,1003.9683330001026
0,1007.9683330001026
0,1011.9683330001026
0,1015.9683330001026
0,1019.9683330001026
0,1023.9683330001026
0,1027.9683330001026
0,1031.9683330001026
0,1035.9683330001026
0,1039.9683330001026
0,1043.9683330001026
0,1047.9683330001026
0,1051.9683330001026
0,1055.9683330001026
0,1059.9683330001026
0,1063.9683330001026
0,1067.9683330001026
0,1071.9683330001026
0,1075.9683330001026
0,1079.9683330001026
0,1083.9683330001026
0,1087.9683330001026
0,1091.9683330001026
0,1095.9683330001026
0,1099.9683330001026
0,1103.9683330001026
0,1107.9683330001026
3,1111.9683330001026
5,1115.9683330001026
7,1119.9683330001026
9,1123.9683330001026
10,1127.9683330001026
12,1131.9683330001026
13,1135.9683330001026
13,1139.9683330001026
14,1143.9683330001026
15,1147.9683330001026
16,1151.9683330001026
16,1155.9683330001026
17,1159.9683330001026
17,1163.9683330001026
17,1167.9683330001026
18,1171.9683330001026
19,1175.9683330001026
19,1179.9683330001026
20,1183.9683330001026
21,1187.9683330001026
22,1191.9683330001026
23,1195.9683330001026
24,1199.9683330001026
24,1203.9683330001026
25,1207.9683330001026
27,1211.9683330001026
28,1215.9683330001026
29,1219.9683330001026
31,1223.9683330001026
32,1227.9683330001026
33,1231.9683330001026
35,1235.9683330001026
36,1239.9683330001026
37,1243.9683330001026
39,1247.9683330001026
40,1251.9683330001026
41,1255.9683330001026
42,1259.9683330001026
44,1263.9683330001026
44,1267.9683330001026
45,1271.9683330001026
45,1275.9683330001026
46,1279.9683330001026
47,1283.9683330001026
47,1287.9683330001026
48,1291.9683330001026
48,1295.9683330001026
49,1299.9683330001026
50,1303.9683330001026
50,1307.9683330001026
51,1311.9683330001026
51,1315.9683330001026
52,1319.9683330001026
53,1323.9683330001026
54,1327.9683330001026
54,1331.9683330001026
56,1335.9683330001026
57,1339.9683330001026
57,1343.9683330001026
58,1347.9683330001026
59,1351.9683330001026
60,1355.9683330001026
62,1359.9683330001026
63,1363.9683330001026
64,1367.9683330001026
65,1371.9683330001026
66,1375.9683330001026
68,1379.9683330001026
69,1383.9683330001026
70,1387.9683330001026
71,1391.9683330001026
73,1395.9683330001026
74,1399.9683330001026
76,1403.9683330001026
77,1407.9683330001026
79,1411.9683330001026
80,1415.9683330001026
82,1419.9683330001026
84,1423.9683330001026
85,1427.9683330001026
87,1431.9683330001026
88,1435.9683330001026
89,1439.9683330001026
91,1443.9683330001026
92,1447.9683330001026
94,1451.9683330001026
95,1455.9683330001026
97,1459.9683330001026
98,1463.9683330001026
99,1467.9683330001026
101,1471.9683330001026
102,1475.9683330001026
103,1479.9683330001026
104,1483.9683330001026
106,1487.9683330001026
107,1491.9683330001026
109,1495.9683330001026
110,1499.9683330001026
111,1503.9683330001026
112,1507.9683330001026
113,1511.9683330001026
114,1515.9683330001026
115,1519.9683330001026
116,1523.9683330001026
117,1527.9683330001026
118,1531.9683330001026
119,1535.9683330001026
120,1539.9683330001026
121,1543.9683330001026
122,1547.9683330001026
123,1551.9683330001026
123,1555.9683330001026
125,1559.9683330001026
126,1563.9683330001026
127,1567.9683330001026
128,1571.9683330001026
130,1575.9683330001026
131,1579.9683330001026
132,1583.9683330001026
134,1587.9683330001026
135,1591.9683330001026
136,1595.9683330001026
138,1599.9683330001026
139,1603.9683330001026
140,1607.9683330001026
141,1611.9683330001026
142,1615.9683330001026
144,1619.9683330001026
144,1623.9683330001026
145,1627.9683330001026
145,1631.9683330001026
145,1635.9683330001026
145,1639.9683330001026
145,1643.9683330001026
145,1647.9683330001026
145,1651.9683330001026
145,1655.9683330001026
145,1659.9683330001026
145,1663.9683330001026
146,1667.9683330001026
146,1671.9683330001026
147,1675.9683330001026
147,1679.9683330001026
147,1683.9683330001026
148,1687.9683330001026
148,1691.9683330001026
149,1695.9683330001026
149,1699.9683330001026
149,1703.9683330001026
150,1707.9683330001026
150,1711.9683330001026
150,1715.9683330001026
151,1719.9683330001026
151,1723.9683330001026
152,1727.9683330001026
152,1731.9683330001026
152,1735.9683330001026
153,1739.9683330001026
153,1743.9683330001026
153,1747.9683330001026
153,1751.9683330001026
154,1755.9683330001026
153,1759.9683330001026
154,1763.9683330001026
154,1767.9683330001026
154,1771.9683330001026
154,1775.9683330001026
154,1779.9683330001026
155,1783.9683330001026
155,1787.9683330001026
155,1791.9683330001026
155,1795.9683330001026
155,1799.9683330001026
155,1803.9683330001026
156,1807.9683330001026
156,1811.9683330001026
156,1815.9683330001026
156,1819.9683330001026
156,1823.9683330001026
156,1827.9683330001026
156,1831.9683330001026
156,1835.9683330001026
156,1839.9683330001026
156,1843.9683330001026
157,1847.9683330001026
157,1851.9683330001026
157,1855.9683330001026
157,1859.9683330001026
157,1863.9683330001026
158,1867.9683330001026
158,1871.9683330001026
158,1875.9683330001026
158,1879.9683330001026
158,1883.9683330001026
159,1887.9683330001026
159,1891.9683330001026
159,1895.9683330001026
159,1899.9683330001026
160,1903.9683330001026
159,1907.9683330001026
160,1911.9683330001026
160,1915.9683330001026
160,1919.9683330001026
160,1923.9683330001026
160,1927.9683330001026
161,1931.9683330001026
161,1935.9683330001026
161,1939.9683330001026
161,1943.9683330001026
161,1947.9683330001026
161,1951.9683330001026
162,1955.9683330001026
162,1959.9683330001026
162,1963.9683330001026
162,1967.9683330001026
162,1971.9683330001026
162,1975.9683330001026
162,1979.9683330001026
162,1983.9683330001026
162,1987.9683330001026
162,1991.9683330001026
162,1995.9683330001026
162,1999.9683330001026
162,2003.9683330001026
163,2007.9683330001026
163,2011.9683330001026
163,2015.9683330001026
163,2019.9683330001026
163,2023.9683330001026
164,2027.9683330001026
164,2031.9683330001026
164,2035.9683330001026
164,2039.9683330001026
164,2043.9683330001026
165,2047.9683330001026
165,2051.9683330001026
165,2055.9683330001026
166,2059.9683330001026
166,2063.9683330001026
166,2067.9683330001026
167,2071.9683330001026
167,2075.9683330001026
167,2079.9683330001026
167,2083.9683330001026
168,2087.9683330001026
169,2091.9683330001026
168,2095.9683330001026
169,2099.9683330001026
169,2103.9683330001026
169,2107.9683330001026
170,2111.9683330001026
170,2115.9683330001026
171,2119.9683330001026
171,2123.9683330001026
171,2127.9683330001026
171,2131.9683330001026
171,2135.9683330001026
172,2139.9683330001026
171,2143.9683330001026
172,2147.9683330001026
172,2151.9683330001026
172,2155.9683330001026
172,2159.9683330001026
172,2163.9683330001026
172,2167.9683330001026
172,2171.9683330001026
172,2175.9683330001026
172,2179.9683330001026
173,2183.9683330001026
173,2187.9683330001026
173,2191.9683330001026
173,2195.9683330001026
173,2199.9683330001026
173,2203.9683330001026
173,2207.9683330001026
173,2211.9683330001026
173,2215.9683330001026
173,2219.9683330001026
174,2223.9683330001026
174,2227.9683330001026
174,2231.9683330001026
174,2235.9683330001026
174,2239.9683330001026
175,2243.9683330001026
175,2247.9683330001026
175,2251.9683330001026
175,2255.9683330001026
175,2259.9683330001026
175,2263.9683330001026
175,2267.9683330001026
176,2271.9683330001026
176,2275.9683330001026
176,2279.9683330001026
177,2283.9683330001026
177,2287.9683330001026
177,2291.9683330001026
177,2295.9683330001026
177,2299.9683330001026
177,2303.9683330001026
177,2307.9683330001026
177,2311.9683330001026
178,2315.9683330001026
178,2319.9683330001026
178,2323.9683330001026
178,2327.9683330001026
178,2331.9683330001026
178,2335.9683330001026
178,2339.9683330001026
178,2343.9683330001026
179,2347.9683330001026
179,2351.9683330001026
179,2355.9683330001026
179,2359.9683330001026
179,2363.9683330001026
179,2367.9683330001026
179,2371.9683330001026
179,2375.9683330001026
179,2379.9683330001026
179,2383.9683330001026
180,2387.9683330001026
180,2391.9683330001026
180,2395.9683330001026
180,2399.9683330001026
180,2403.9683330001026
180,2407.9683330001026
180,2411.9683330001026
180,2415.9683330001026
180,2419.9683330001026
181,2423.9683330001026
181,2427.9683330001026
181,2431.9683330001026
181,2435.9683330001026
181,2439.9683330001026
181,2443.9683330001026
181,2447.9683330001026
181,2451.9683330001026
182,2455.9683330001026
182,2459.9683330001026
182,2463.9683330001026
182,2467.9683330001026
182,2471.9683330001026
183,2475.9683330001026
183,2479.9683330001026
183,2483.9683330001026
183,2487.9683330001026
184,2491.9683330001026
184,2495.9683330001026
184,2499.9683330001026
184,2503.9683330001026
185,2507.9683330001026
185,2511.9683330001026
185,2515.9683330001026
185,2519.9683330001026
186,2523.9683330001026
186,2527.9683330001026
186,2531.9683330001026
186,2535.9683330001026
186,2539.9683330001026
187,2543.9683330001026
187,2547.9683330001026
187,2551.9683330001026
187,2555.9683330001026
187,2559.9683330001026
187,2563.9683330001026
187,2567.9683330001026
187,2571.9683330001026
187,2575.9683330001026
187,2579.9683330001026
187,2583.9683330001026
187,2587.9683330001026
187,2591.9683330001026
187,2595.9683330001026
187,2599.9683330001026
187,2603.9683330001026
187,2607.9683330001026
187,2611.9683330001026
187,2615.9683330001026
187,2619.9683330001026
187,2623.9683330001026
187,2627.9683330001026
187,2631.9683330001026
188,2635.9683330001026
188,2639.9683330001026
188,2643.9683330001026
188,2647.9683330001026
188,2651.9683330001026
188,2655.9683330001026
188,2659.9683330001026
188,2663.9683330001026
188,2667.9683330001026
188,2671.9683330001026
188,2675.9683330001026
189,2679.9683330001026
189,2683.9683330001026
189,2687.9683330001026
189,2691.9683330001026
189,2695.9683330001026
189,2699.9683330001026
189,2703.9683330001026
189,2707.9683330001026
189,2711.9683330001026
190,2715.9683330001026
189,2719.9683330001026
190,2723.9683330001026
190,2727.9683330001026
190,2731.9683330001026
190,2735.9683330001026
190,2739.9683330001026
190,2743.9683330001026
190,2747.9683330001026
190,2751.9683330001026
190,2755.9683330001026
191,2759.9683330001026
191,2763.9683330001026
191,2767.9683330001026
191,2771.9683330001026
191,2775.9683330001026
191,2779.9683330001026
191,2783.9683330001026
191,2787.9683330001026
191,2791.9683330001026
191,2795.9683330001026
191,2799.9683330001026
191,2803.9683330001026
192,2807.9683330001026
192,2811.9683330001026
192,2815.9683330001026
192,2819.9683330001026
192,2823.9683330001026
191,2827.9683330001026
192,2831.9683330001026
192,2835.9683330001026
192,2839.9683330001026
192,2843.9683330001026
192,2847.9683330001026
192,2851.9683330001026
192,2855.9683330001026
192,2859.9683330001026
192,2863.9683330001026
192,2867.9683330001026
192,2871.9683330001026
192,2875.9683330001026
192,2879.9683330001026
192,2883.9683330001026
192,2887.9683330001026
192,2891.9683330001026
192,2895.9683330001026
192,2899.9683330001026
193,2903.9683330001026
193,2907.9683330001026
193,2911.9683330001026
193,2915.9683330001026
193,2919.9683330001026
193,2923.9683330001026
193,2927.9683330001026
193,2931.9683330001026
193,2935.9683330001026
193,2939.9683330001026
194,2943.9683330001026
194,2947.9683330001026
194,2951.9683330001026
194,2955.9683330001026
194,2959.9683330001026
194,2963.9683330001026
194,2967.9683330001026
194,2971.9683330001026
194,2975.9683330001026
194,2979.9683330001026
194,2983.9683330001026
195,2987.9683330001026
195,2991.9683330001026
195,2995.9683330001026
195,2999.9683330001026
195,3003.9683330001026
195,3007.9683330001026
195,3011.9683330001026
196,3015.9683330001026
196,3019.9683330001026
196,3023.9683330001026
196,3027.9683330001026
196,3031.9683330001026
196,3035.9683330001026
197,3039.9683330001026
197,3043.9683330001026
197,3047.9683330001026
197,3051.9683330001026
197,3055.9683330001026
197,3059.9683330001026
197,3063.9683330001026
197,3067.9683330001026
197,3071.9683330001026
197,3075.9683330001026
197,3079.9683330001026
198,3083.9683330001026
198,3087.9683330001026
198,3091.9683330001026
198,3095.9683330001026
198,3099.9683330001026
198,3103.9683330001026
198,3107.9683330001026
198,3111.9683330001026
198,3115.9683330001026
198,3119.9683330001026
198,3123.9683330001026
198,3127.9683330001026
198,3131.9683330001026
198,3135.9683330001026
198,3139.9683330001026
199,3143.9683330001026
199,3147.9683330001026
199,3151.9683330001026
199,3155.9683330001026
199,3159.9683330001026
199,3163.9683330001026
199,3167.9683330001026
199,3171.9683330001026
199,3175.9683330001026
199,3179.9683330001026
200,3183.9683330001026
199,3187.9683330001026
200,3191.9683330001026
200,3195.9683330001026
200,3199.9683330001026
200,3203.9683330001026
200,3207.9683330001026
200,3211.9683330001026
200,3215.9683330001026
201,3219.9683330001026
201,3223.9683330001026
201,3227.9683330001026
201,3231.9683330001026
201,3235.9683330001026
201,3239.9683330001026
201,3243.9683330001026
201,3247.9683330001026
201,3251.9683330001026
201,3255.9683330001026
202,3259.9683330001026
201,3263.9683330001026
202,3267.9683330001026
202,3271.9683330001026
202,3275.9683330001026
202,3279.9683330001026
202,3283.9683330001026
202,3287.9683330001026
202,3291.9683330001026
202,3295.9683330001026
203,3299.9683330001026
203,3303.9683330001026
203,3307.9683330001026
203,3311.9683330001026
203,3315.9683330001026
204,3319.9683330001026
204,3323.9683330001026
204,3327.9683330001026
204,3331.9683330001026
205,3335.9683330001026
205,3339.9683330001026
205,3343.9683330001026
205,3347.9683330001026
205,3351.9683330001026
206,3355.9683330001026
206,3359.9683330001026
206,3363.9683330001026
207,3367.9683330001026
206,3371.9683330001026
207,3375.9683330001026
207,3379.9683330001026
207,3383.9683330001026
207,3387.9683330001026
208,3391.9683330001026
208,3395.9683330001026
208,3399.9683330001026
208,3403.9683330001026
208,3407.9683330001026
208,3411.9683330001026
208,3415.9683330001026
209,3419.9683330001026
208,3423.9683330001026
208,3427.9683330001026
209,3431.9683330001026
209,3435.9683330001026
209,3439.9683330001026
209,3443.9683330001026
209,3447.9683330001026
209,3451.9683330001026
209,3455.9683330001026
209,3459.9683330001026
208,3463.9683330001026
209,3467.9683330001026
209,3471.9683330001026
208,3475.9683330001026
208,3479.9683330001026
209,3483.9683330001026
209,3487.9683330001026
209,3491.9683330001026
209,3495.9683330001026
208,3499.9683330001026
208,3503.9683330001026
209,3507.9683330001026
208,3511.9683330001026
208,3515.9683330001026
209,3519.9683330001026
208,3523.9683330001026
208,3527.9683330001026
209,3531.9683330001026
208,3535.9683330001026
209,3539.9683330001026
209,3543.9683330001026
208,3547.9683330001026
209,3551.9683330001026
209,3555.9683330001026
209,3559.9683330001026
209,3563.9683330001026
209,3567.9683330001026
209,3571.9683330001026
209,3575.9683330001026
209,3579.9683330001026
209,3583.9683330001026
209,3587.9683330001026
209,3591.9683330001026
209,3595.9683330001026
209,3599.9683330001026
209,3603.9683330001026
209,3607.9683330001026
209,3611.9683330001026
209,3615.9683330001026
209,3619.9683330001026
209,3623.9683330001026
209,3627.9683330001026
209,3631.9683330001026
209,3635.9683330001026
209,3639.9683330001026
209,3643.9683330001026
209,3647.9683330001026
209,3651.9683330001026
209,3655.9683330001026
209,3659.9683330001026
209,3663.9683330001026
209,3667.9683330001026
209,3671.9683330001026
209,3675.9683330001026
209,3679.9683330001026
209,3683.9683330001026
209,3687.9683330001026
209,3691.9683330001026
209,3695.9683330001026
209,3699.9683330001026
209,3703.9683330001026
209,3707.9683330001026
209,3711.9683330001026
209,3715.9683330001026
209,3719.9683330001026
209,3723.9683330001026
209,3727.9683330001026
209,3731.9683330001026
209,3735.9683330001026
209,3739.9683330001026
209,3743.9683330001026
209,3747.9683330001026
209,3751.9683330001026
209,3755.9683330001026
209,3759.9683330001026
209,3763.9683330001026
209,3767.9683330001026
209,3771.9683330001026
209,3775.9683330001026
209,3779.9683330001026
209,3783.9683330001026
209,3787.9683330001026
209,3791.9683330001026
209,3795.9683330001026
209,3799.9683330001026
209,3803.9683330001026
209,3807.9683330001026
209,3811.9683330001026
209,3815.9683330001026
209,3819.9683330001026
209,3823.9683330001026
209,3827.9683330001026
209,3831.9683330001026
209,3835.9683330001026
209,3839.9683330001026
209,3843.9683330001026
209,3847.9683330001026
209,3851.9683330001026
209,3855.9683330001026
209,3859.9683330001026
209,3863.9683330001026
209,3867.9683330001026
209,3871.9683330001026
209,3875.9683330001026
209,3879.9683330001026
209,3883.9683330001026
209,3887.9683330001026
209,3891.9683330001026
209,3895.9683330001026
209,3899.9683330001026
209,3903.9683330001026
209,3907.9683330001026
209,3911.9683330001026
209,3915.9683330001026
209,3919.9683330001026
209,3923.9683330001026
209,3927.9683330001026
209,3931.9683330001026
209,3935.9683330001026
209,3939.9683330001026
209,3943.9683330001026
209,3947.9683330001026
209,3951.9683330001026
209,3955.9683330001026
209,3959.9683330001026
209,3963.9683330001026
209,3967.9683330001026
209,3971.9683330001026
209,3975.9683330001026
209,3979.9683330001026
209,3983.9683330001026
209,3987.9683330001026
209,3991.9683330001026
209,3995.9683330001026
209,3999.9683330001026
209,4003.9683330001026
209,4007.9683330001026
209,4011.9683330001026
209,4015.9683330001026
209,4019.9683330001026
209,4023.9683330001026
209,4027.9683330001026
209,4031.9683330001026
209,4035.9683330001026
209,4039.9683330001026
209,4043.9683330001026
209,4047.9683330001026
209,4051.9683330001026
209,4055.9683330001026
209,4059.9683330001026
209,4063.9683330001026
209,4067.9683330001026
209,4071.9683330001026
209,4075.9683330001026
209,4079.9683330001026
209,4083.9683330001026
209,4087.9683330001026
209,4091.9683330001026
209,4095.9683330001026
209,4099.968333000103
209,4103.968333000103
209,4107.968333000103
209,4111.968333000103
210,4115.968333000103
209,4119.968333000103
209,4123.968333000103
209,4127.968333000103
209,4131.968333000103
209,4135.968333000103
209,4139.968333000103
209,4143.968333000103
209,4147.968333000103
209,4151.968333000103
209,4155.968333000103
209,4159.968333000103
209,4163.968333000103
209,4167.968333000103
209,4171.968333000103
209,4175.968333000103
209,4179.968333000103
209,4183.968333000103
209,4187.968333000103
209,4191.968333000103
209,4195.968333000103
209,4199.968333000103
209,4203.968333000103
209,4207.968333000103
209,4211.968333000103
209,4215.968333000103
209,4219.968333000103
209,4223.968333000103
210,4227.968333000103
209,4231.968333000103
209,4235.968333000103
209,4239.968333000103
209,4243.968333000103
209,4247.968333000103
209,4251.968333000103
209,4255.968333000103
209,4259.968333000103
209,4263.968333000103
209,4267.968333000103
209,4271.968333000103
209,4275.968333000103
209,4279.968333000103
209,4283.968333000103
209,4287.968333000103
209,4291.968333000103
209,4295.968333000103
209,4299.968333000103
209,4303.968333000103
209,4307.968333000103
209,4311.968333000103
209,4315.968333000103
209,4319.968333000103
209,4323.968333000103
209,4327.968333000103
209,4331.968333000103
209,4335.968333000103
209,4339.968333000103
209,4343.968333000103
209,4347.968333000103
209,4351.968333000103
209,4355.968333000103
209,4359.968333000103
209,4363.968333000103
209,4367.968333000103
209,4371.968333000103
209,4375.968333000103
209,4379.968333000103
209,4383.968333000103
209,4387.968333000103
209,4391.968333000103
209,4395.968333000103
209,4399.968333000103
209,4403.968333000103
209,4407.968333000103
209,4411.968333000103
209,4415.968333000103
209,4419.968333000103
209,4423.968333000103
209,4427.968333000103
209,4431.968333000103
209,4435.968333000103
209,4439.968333000103
209,4443.968333000103
209,4447.968333000103
209,4451.968333000103
209,4455.968333000103
209,4459.968333000103
209,4463.968333000103
210,4467.968333000103
209,4471.968333000103
209,4475.968333000103
209,4479.968333000103
209,4483.968333000103
209,4487.968333000103
209,4491.968333000103
209,4495.968333000103
209,4499.968333000103
209,4503.968333000103
209,4507.968333000103
209,4511.968333000103
209,4515.968333000103
209,4519.968333000103
209,4523.968333000103
209,4527.968333000103
209,4531.968333000103
209,4535.968333000103
209,4539.968333000103
209,4543.968333000103
209,4547.968333000103
209,4551.968333000103
209,4555.968333000103
209,4559.968333000103
209,4563.968333000103
209,4567.968333000103
209,4571.968333000103
209,4575.968333000103
210,4579.968333000103
210,4583.968333000103
210,4587.968333000103
210,4591.968333000103
210,4595.968333000103
210,4599.968333000103
210,4603.968333000103
210,4607.968333000103
210,4611.968333000103
210,4615.968333000103
210,4619.968333000103
210,4623.968333000103
210,4627.968333000103
210,4631.968333000103
210,4635.968333000103
210,4639.968333000103
210,4643.968333000103
210,4647.968333000103
210,4651.968333000103
210,4655.968333000103
210,4659.968333000103
210,4663.968333000103
210,4667.968333000103
210,4671.968333000103
210,4675.968333000103
210,4679.968333000103
210,4683.968333000103
210,4687.968333000103
210,4691.968333000103
210,4695.968333000103
210,4699.968333000103
209,4703.968333000103
210,4707.968333000103
210,4711.968333000103
210,4715.968333000103
210,4719.968333000103
210,4723.968333000103
210,4727.968333000103
210,4731.968333000103
210,4735.968333000103
210,4739.968333000103
210,4743.968333000103
210,4747.968333000103
210,4751.968333000103
210,4755.968333000103
210,4759.968333000103
210,4763.968333000103
210,4767.968333000103
210,4771.968333000103
210,4775.968333000103
210,4779.968333000103
210,4783.968333000103
210,4787.968333000103
210,4791.968333000103
210,4795.968333000103
210,4799.968333000103
210,4803.968333000103
210,4807.968333000103
210,4811.968333000103
210,4815.968333000103
210,4819.968333000103
210,4823.968333000103
210,4827.968333000103
210,4831.968333000103
210,4835.968333000103
210,4839.968333000103
210,4843.968333000103
210,4847.968333000103
210,4851.968333000103
210,4855.968333000103
210,4859.968333000103
210,4863.968333000103
210,4867.968333000103
210,4871.968333000103
211,4875.968333000103
211,4879.968333000103
211,4883.968333000103
211,4887.968333000103
211,4891.968333000103
211,4895.968333000103
211,4899.968333000103
211,4903.968333000103
211,4907.968333000103
212,4911.968333000103
212,4915.968333000103
212,4919.968333000103
212,4923.968333000103
212,4927.968333000103
212,4931.968333000103
213,4935.968333000103
212,4939.968333000103
212,4943.968333000103
213,4947.968333000103
213,4951.968333000103
213,4955.968333000103
213,4959.968333000103
213,4963.968333000103
214,4967.968333000103
214,4971.968333000103
214,4975.968333000103
214,4979.968333000103
215,4983.968333000103
215,4987.968333000103
215,4991.968333000103
215,4995.968333000103
215,4999.968333000103
216,5003.968333000103
216,5007.968333000103
216,5011.968333000103
216,5015.968333000103
217,5019.968333000103
217,5023.968333000103
217,5027.968333000103
217,5031.968333000103
217,5035.968333000103
217,5039.968333000103
217,5043.968333000103
217,5047.968333000103
218,5051.968333000103
217,5055.968333000103
218,5059.968333000103
218,5063.968333000103
218,5067.968333000103
218,5071.968333000103
218,5075.968333000103
218,5079.968333000103
218,5083.968333000103
218,5087.968333000103
218,5091.968333000103
218,5095.968333000103
218,5099.968333000103
218,5103.968333000103
218,5107.968333000103
218,5111.968333000103
218,5115.968333000103
218,5119.968333000103
218,5123.968333000103
218,5127.968333000103
218,5131.968333000103
218,5135.968333000103
218,5139.968333000103
219,5143.968333000103
218,5147.968333000103
219,5151.968333000103
219,5155.968333000103
219,5159.968333000103
219,5163.968333000103
219,5167.968333000103
219,5171.968333000103
219,5175.968333000103
220,5179.968333000103
219,5183.968333000103
220,5187.968333000103
220,5191.968333000103
220,5195.968333000103
220,5199.968333000103
220,5203.968333000103
220,5207.968333000103
220,5211.968333000103
221,5215.968333000103
221,5219.968333000103
221,5223.968333000103
221,5227.968333000103
221,5231.968333000103
222,5235.968333000103
222,5239.968333000103
221,5243.968333000103
222,5247.968333000103
222,5251.968333000103
222,5255.968333000103
222,5259.968333000103
222,5263.968333000103
223,5267.968333000103
223,5271.968333000103
223,5275.968333000103
223,5279.968333000103
223,5283.968333000103
223,5287.968333000103
223,5291.968333000103
223,5295.968333000103
224,5299.968333000103
224,5303.968333000103
224,5307.968333000103
224,5311.968333000103
224,5315.968333000103
224,5319.968333000103
224,5323.968333000103
224,5327.968333000103
224,5331.968333000103
224,5335.968333000103
224,5339.968333000103
224,5343.968333000103
224,5347.968333000103
224,5351.968333000103
224,5355.968333000103
224,5359.968333000103
224,5363.968333000103
225,5367.968333000103
225,5371.968333000103
225,5375.968333000103
225,5379.968333000103
225,5383.968333000103
225,5387.968333000103
225,5391.968333000103
225,5395.968333000103
225,5399.968333000103
225,5403.968333000103
225,5407.968333000103
226,5411.968333000103
226,5415.968333000103
226,5419.968333000103
226,5423.968333000103
226,5427.968333000103
227,5431.968333000103
227,5435.968333000103
227,5439.968333000103
227,5443.968333000103
227,5447.968333000103
227,5451.968333000103
227,5455.968333000103
228,5459.968333000103
228,5463.968333000103
228,5467.968333000103
228,5471.968333000103
228,5475.968333000103
228,5479.968333000103
229,5483.968333000103
229,5487.968333000103
229,5491.968333000103
229,5495.968333000103
229,5499.968333000103
229,5503.968333000103
229,5507.968333000103
229,5511.968333000103
229,5515.968333000103
229,5519.968333000103
229,5523.968333000103
229,5527.968333000103
229,5531.968333000103
229,5535.968333000103
230,5539.968333000103
229,5543.968333000103
229,5547.968333000103
229,5551.968333000103
229,5555.968333000103
229,5559.968333000103
229,5563.968333000103
229,5567.968333000103
229,5571.968333000103
229,5575.968333000103
229,5579.968333000103
229,5583.968333000103
229,5587.968333000103
229,5591.968333000103
229,5595.968333000103
229,5599.968333000103
229,5603.968333000103
229,5607.968333000103
229,5611.968333000103
229,5615.968333000103
229,5619.968333000103
229,5623.968333000103
229,5627.968333000103
229,5631.968333000103
229,5635.968333000103
229,5639.968333000103
229,5643.968333000103
229,5647.968333000103
229,5651.968333000103
229,5655.968333000103
229,5659.968333000103
229,5663.968333000103
229,5667.968333000103
229,5671.968333000103
229,5675.968333000103
230,5679.968333000103
229,5683.968333000103
229,5687.968333000103
229,5691.968333000103
229,5695.968333000103
229,5699.968333000103
229,5703.968333000103
229,5707.968333000103
229,5711.968333000103
229,5715.968333000103
229,5719.968333000103
229,5723.968333000103
229,5727.968333000103
229,5731.968333000103
229,5735.968333000103
229,5739.968333000103
229,5743.968333000103
229,5747.968333000103
229,5751.968333000103
229,5755.968333000103
229,5759.968333000103
229,5763.968333000103
229,5767.968333000103
229,5771.968333000103
229,5775.968333000103
229,5779.968333000103
229,5783.968333000103
229,5787.968333000103
229,5791.968333000103
229,5795.968333000103
229,5799.968333000103
229,5803.968333000103
229,5807.968333000103
229,5811.968333000103
229,5815.968333000103
229,5819.968333000103
229,5823.968333000103
229,5827.968333000103
229,5831.968333000103
229,5835.968333000103
229,5839.968333000103
229,5843.968333000103
229,5847.968333000103
229,5851.968333000103
229,5855.968333000103
229,5859.968333000103
229,5863.968333000103
229,5867.968333000103
229,5871.968333000103
229,5875.968333000103
229,5879.968333000103
229,5883.968333000103
229,5887.968333000103
229,5891.968333000103
229,5895.968333000103
229,5899.968333000103
229,5903.968333000103
229,5907.968333000103
229,5911.968333000103
229,5915.968333000103
229,5919.968333000103
229,5923.968333000103
229,5927.968333000103
229,5931.968333000103
230,5935.968333000103
229,5939.968333000103
229,5943.968333000103
229,5947.968333000103
229,5951.968333000103
229,5955.968333000103
229,5959.968333000103
229,5963.968333000103
229,5967.968333000103
229,5971.968333000103
229,5975.968333000103
229,5979.968333000103
229,5983.968333000103
229,5987.968333000103
229,5991.968333000103
229,5995.968333000103
229,5999.968333000103
229,6003.968333000103
229,6007.968333000103
229,6011.968333000103
229,6015.968333000103
229,6019.968333000103
229,6023.968333000103
229,6027.968333000103
229,6031.968333000103
229,6035.968333000103
229,6039.968333000103
229,6043.968333000103
229,6047.968333000103
229,6051.968333000103
229,6055.968333000103
229,6059.968333000103
229,6063.968333000103
229,6067.968333000103
229,6071.968333000103
229,6075.968333000103
229,6079.968333000103
229,6083.968333000103
229,6087.968333000103
229,6091.968333000103
229,6095.968333000103
229,6099.968333000103
229,6103.968333000103
229,6107.968333000103
229,6111.968333000103
229,6115.968333000103
229,6119.968333000103
229,6123.968333000103
229,6127.968333000103
229,6131.968333000103
229,6135.968333000103
229,6139.968333000103
229,6143.968333000103
229,6147.968333000103
229,6151.968333000103
229,6155.968333000103
229,6159.968333000103
229,6163.968333000103
229,6167.968333000103
229,6171.968333000103
229,6175.968333000103
229,6179.968333000103
229,6183.968333000103
229,6187.968333000103
229,6191.968333000103
229,6195.968333000103
229,6199.968333000103
229,6203.968333000103
229,6207.968333000103
229,6211.968333000103
229,6215.968333000103
229,6219.968333000103
229,6223.968333000103
229,6227.968333000103
229,6231.968333000103
229,6235.968333000103
229,6239.968333000103
229,6243.968333000103
229,6247.968333000103
229,6251.968333000103
229,6255.968333000103
229,6259.968333000103
229,6263.968333000103
229,6267.968333000103
229,6271.968333000103
229,6275.968333000103
229,6279.968333000103
229,6283.968333000103
229,6287.968333000103
229,6291.968333000103
229,6295.968333000103
229,6299.968333000103
229,6303.968333000103
229,6307.968333000103
229,6311.968333000103
229,6315.968333000103
229,6319.968333000103
229,6323.968333000103
229,6327.968333000103
229,6331.968333000103
229,6335.968333000103
229,6339.968333000103
229,6343.968333000103
229,6347.968333000103
229,6351.968333000103
229,6355.968333000103
229,6359.968333000103
229,6363.968333000103
229,6367.968333000103
229,6371.968333000103
229,6375.968333000103
229,6379.968333000103
229,6383.968333000103
229,6387.968333000103
229,6391.968333000103
229,6395.968333000103
229,6399.968333000103
229,6403.968333000103
229,6407.968333000103
229,6411.968333000103
229,6415.968333000103
229,6419.968333000103
229,6423.968333000103
229,6427.968333000103
229,6431.968333000103
229,6435.968333000103
229,6439.968333000103
229,6443.968333000103
229,6447.968333000103
229,6451.968333000103
229,6455.968333000103
229,6459.968333000103
229,6463.968333000103
229,6467.968333000103
230,6471.968333000103
229,6475.968333000103
229,6479.968333000103
229,6483.968333000103
229,6487.968333000103
229,6491.968333000103
229,6495.968333000103
229,6499.968333000103
229,6503.968333000103
229,6507.968333000103
229,6511.968333000103
229,6515.968333000103
229,6519.968333000103
229,6523.968333000103
229,6527.968333000103
229,6531.968333000103
229,6535.968333000103
229,6539.968333000103
229,6543.968333000103
229,6547.968333000103
229,6551.968333000103
229,6555.968333000103
229,6559.968333000103
229,6563.968333000103
229,6567.968333000103
229,6571.968333000103
229,6575.968333000103
229,6579.968333000103
229,6583.968333000103
229,6587.968333000103
229,6591.968333000103
229,6595.968333000103
229,6599.968333000103
229,6603.968333000103
229,6607.968333000103
229,6611.968333000103
229,6615.968333000103
229,6619.968333000103
229,6623.968333000103
229,6627.968333000103
229,6631.968333000103
229,6635.968333000103
229,6639.968333000103
229,6643.968333000103
229,6647.968333000103
229,6651.968333000103
229,6655.968333000103
229,6659.968333000103
229,6663.968333000103
229,6667.968333000103
229,6671.968333000103
229,6675.968333000103
229,6679.968333000103
229,6683.968333000103
229,6687.968333000103
229,6691.968333000103
229,6695.968333000103
230,6699.968333000103
229,6703.968333000103
229,6707.968333000103
229,6711.968333000103
229,6715.968333000103
229,6719.968333000103
229,6723.968333000103
229,6727.968333000103
229,6731.968333000103
229,6735.968333000103
229,6739.968333000103
229,6743.968333000103
229,6747.968333000103
229,6751.968333000103
229,6755.968333000103
229,6759.968333000103
229,6763.968333000103
229,6767.968333000103
229,6771.968333000103
229,6775.968333000103
229,6779.968333000103
230,6783.968333000103
229,6787.968333000103
229,6791.968333000103
229,6795.968333000103
229,6799.968333000103
229,6803.968333000103
229,6807.968333000103
229,6811.968333000103
229,6815.968333000103
229,6819.968333000103
229,6823.968333000103
229,6827.968333000103
229,6831.968333000103
229,6835.968333000103
229,6839.968333000103
229,6843.968333000103
229,6847.968333000103
229,6851.968333000103
229,6855.968333000103
229,6859.968333000103
230,6863.968333000103
229,6867.968333000103
229,6871.968333000103
229,6875.968333000103
229,6879.968333000103
229,6883.968333000103
229,6887.968333000103
229,6891.968333000103
229,6895.968333000103
229,6899.968333000103
229,6903.968333000103
229,6907.968333000103
229,6911.968333000103
229,6915.968333000103
229,6919.968333000103
229,6923.968333000103
229,6927.968333000103
229,6931.968333000103
229,6935.968333000103
229,6939.968333000103
229,6943.968333000103
229,6947.968333000103
229,6951.968333000103
229,6955.968333000103
229,6959.968333000103
229,6963.968333000103
229,6967.968333000103
229,6971.968333000103
229,6975.968333000103
229,6979.968333000103
229,6983.968333000103
229,6987.968333000103
229,6991.968333000103
229,6995.968333000103
229,6999.968333000103
229,7003.968333000103
229,7007.968333000103
229,7011.968333000103
229,7015.968333000103
229,7019.968333000103
229,7023.968333000103
229,7027.968333000103
229,7031.968333000103
229,7035.968333000103
229,7039.968333000103
229,7043.968333000103
229,7047.968333000103
229,7051.968333000103
229,7055.968333000103
229,7059.968333000103
229,7063.968333000103
229,7067.968333000103
229,7071.968333000103
229,7075.968333000103
229,7079.968333000103
229,7083.968333000103
229,7087.968333000103
229,7091.968333000103
229,7095.968333000103
229,7099.968333000103
229,7103.968333000103
229,7107.968333000103
229,7111.968333000103
229,7115.968333000103
229,7119.968333000103
229,7123.968333000103
229,7127.968333000103
229,7131.968333000103
229,7135.968333000103
229,7139.968333000103
229,7143.968333000103
229,7147.968333000103
229,7151.968333000103
229,7155.968333000103
229,7159.968333000103
229,7163.968333000103
229,7167.968333000103
229,7171.968333000103
229,7175.968333000103
229,7179.968333000103
229,7183.968333000103
229,7187.968333000103
229,7191.968333000103
229,7195.968333000103
229,7199.968333000103
229,7203.968333000103
229,7207.968333000103
229,7211.968333000103
229,7215.968333000103
229,7219.968333000103
229,7223.968333000103
229,7227.968333000103
229,7231.968333000103
229,7235.968333000103
229,7239.968333000103
229,7243.968333000103
229,7247.968333000103
229,7251.968333000103
229,7255.968333000103
229,7259.968333000103
229,7263.968333000103
229,7267.968333000103
229,7271.968333000103
229,7275.968333000103
229,7279.968333000103
229,7283.968333000103
229,7287.968333000103
230,7291.968333000103
229,7295.968333000103
229,7299.968333000103
229,7303.968333000103
229,7307.968333000103
229,7311.968333000103
229,7315.968333000103
229,7319.968333000103
229,7323.968333000103
229,7327.968333000103
229,7331.968333000103
229,7335.968333000103
229,7339.968333000103
229,7343.968333000103
229,7347.968333000103
229,7351.968333000103
229,7355.968333000103
229,7359.968333000103
230,7363.968333000103
229,7367.968333000103
229,7371.968333000103
229,7375.968333000103
229,7379.968333000103
229,7383.968333000103
229,7387.968333000103
229,7391.968333000103
229,7395.968333000103
229,7399.968333000103
229,7403.968333000103
229,7407.968333000103
229,7411.968333000103
229,7415.968333000103
229,7419.968333000103
229,7423.968333000103
229,7427.968333000103
229,7431.968333000103
229,7435.968333000103
229,7439.968333000103
229,7443.968333000103
229,7447.968333000103
229,7451.968333000103
229,7455.968333000103
229,7459.968333000103
229,7463.968333000103
229,7467.968333000103
229,7471.968333000103
229,7475.968333000103
229,7479.968333000103
229,7483.968333000103
229,7487.968333000103
229,7491.968333000103
229,7495.968333000103
229,7499.968333000103
229,7503.968333000103
229,7507.968333000103
229,7511.968333000103
229,7515.968333000103
229,7519.968333000103
229,7523.968333000103
229,7527.968333000103
229,7531.968333000103
229,7535.968333000103
229,7539.968333000103
229,7543.968333000103
229,7547.968333000103
229,7551.968333000103
229,7555.968333000103
229,7559.968333000103
229,7563.968333000103
229,7567.968333000103
229,7571.968333000103
229,7575.968333000103
229,7579.968333000103
229,7583.968333000103
229,7587.968333000103
229,7591.968333000103
229,7595.968333000103
229,7599.968333000103
229,7603.968333000103
229,7607.968333000103
229,7611.968333000103
229,7615.968333000103
229,7619.968333000103
229,7623.968333000103
229,7627.968333000103
229,7631.968333000103
229,7635.968333000103
229,7639.968333000103
229,7643.968333000103
229,7647.968333000103
229,7651.968333000103
229,7655.968333000103
229,7659.968333000103
229,7663.968333000103
229,7667.968333000103
229,7671.968333000103
229,7675.968333000103
229,7679.968333000103
229,7683.968333000103
229,7687.968333000103
229,7691.968333000103
229,7695.968333000103
229,7699.968333000103
229,7703.968333000103
229,7707.968333000103
229,7711.968333000103
229,7715.968333000103
229,7719.968333000103
229,7723.968333000103
229,7727.968333000103
229,7731.968333000103
229,7735.968333000103
229,7739.968333000103
229,7743.968333000103
229,7747.968333000103
229,7751.968333000103
229,7755.968333000103
229,7759.968333000103
229,7763.968333000103
229,7767.968333000103
229,7771.968333000103
229,7775.968333000103
229,7779.968333000103
229,7783.968333000103
229,7787.968333000103
229,7791.968333000103
229,7795.968333000103
229,7799.968333000103
229,7803.968333000103
229,7807.968333000103
229,7811.968333000103
229,7815.968333000103
229,7819.968333000103
229,7823.968333000103
229,7827.968333000103
229,7831.968333000103
229,7835.968333000103
229,7839.968333000103
229,7843.968333000103
229,7847.968333000103
229,7851.968333000103
229,7855.968333000103
229,7859.968333000103
229,7863.968333000103
229,7867.968333000103
229,7871.968333000103
229,7875.968333000103
229,7879.968333000103
229,7883.968333000103
229,7887.968333000103
229,7891.968333000103
229,7895.968333000103
229,7899.968333000103
229,7903.968333000103
229,7907.968333000103
229,7911.968333000103
229,7915.968333000103
229,7919.968333000103
229,7923.968333000103
229,7927.968333000103
229,7931.968333000103
229,7935.968333000103
229,7939.968333000103
229,7943.968333000103
229,7947.968333000103
229,7951.968333000103
229,7955.968333000103
229,7959.968333000103
229,7963.968333000103
229,7967.968333000103
229,7971.968333000103
229,7975.968333000103
229,7979.968333000103
229,7983.968333000103
229,7987.968333000103
229,7991.968333000103
230,7995.968333000103
229,7999.968333000103
229,8003.968333000103
229,8007.968333000103
229,8011.968333000103
229,8015.968333000103
229,8019.968333000103
229,8023.968333000103
229,8027.968333000103
229,8031.968333000103
229,8035.968333000103
229,8039.968333000103
229,8043.968333000103
229,8047.968333000103
229,8051.968333000103
229,8055.968333000103
229,8059.968333000103
229,8063.968333000103
229,8067.968333000103
229,8071.968333000103
229,8075.968333000103
229,8079.968333000103
229,8083.968333000103
229,8087.968333000103
229,8091.968333000103
229,8095.968333000103
229,8099.968333000103
229,8103.968333000103
229,8107.968333000103
229,8111.968333000103
229,8115.968333000103
229,8119.968333000103
229,8123.968333000103
229,8127.968333000103
229,8131.968333000103
229,8135.968333000103
229,8139.968333000103
229,8143.968333000103
229,8147.968333000103
229,8151.968333000103
229,8155.968333000103
229,8159.968333000103
229,8163.968333000103
229,8167.968333000103
229,8171.968333000103
229,8175.968333000103
229,8179.968333000103
229,8183.968333000103
229,8187.968333000103
229,8191.968333000103
229,8195.968333000103
229,8199.968333000103
229,8203.968333000103
229,8207.968333000103
229,8211.968333000103
229,8215.968333000103
229,8219.968333000103
229,8223.968333000103
229,8227.968333000103
229,8231.968333000103
229,8235.968333000103
229,8239.968333000103
229,8243.968333000103
229,8247.968333000103
229,8251.968333000103
229,8255.968333000103
229,8259.968333000103
229,8263.968333000103
229,8267.968333000103
229,8271.968333000103
229,8275.968333000103
229,8279.968333000103
229,8283.968333000103
229,8287.968333000103
229,8291.968333000103
229,8295.968333000103
229,8299.968333000103
229,8303.968333000103
229,8307.968333000103
229,8311.968333000103
229,8315.968333000103
229,8319.968333000103
229,8323.968333000103
229,8327.968333000103
229,8331.968333000103
229,8335.968333000103
229,8339.968333000103
229,8343.968333000103
229,8347.968333000103
229,8351.968333000103
229,8355.968333000103
229,8359.968333000103
229,8363.968333000103
229,8367.968333000103
229,8371.968333000103
229,8375.968333000103
229,8379.968333000103
229,8383.968333000103
229,8387.968333000103
229,8391.968333000103
229,8395.968333000103
229,8399.968333000103
229,8403.968333000103
229,8407.968333000103
229,8411.968333000103
229,8415.968333000103
229,8419.968333000103
229,8423.968333000103
229,8427.968333000103
229,8431.968333000103
229,8435.968333000103
229,8439.968333000103
229,8443.968333000103
229,8447.968333000103
229,8451.968333000103
229,8455.968333000103
229,8459.968333000103
229,8463.968333000103
229,8467.968333000103
229,8471.968333000103
229,8475.968333000103
229,8479.968333000103
229,8483.968333000103
229,8487.968333000103
229,8491.968333000103
229,8495.968333000103
229,8499.968333000103
229,8503.968333000103
229,8507.968333000103
229,8511.968333000103
229,8515.968333000103
229,8519.968333000103
229,8523.968333000103
229,8527.968333000103
229,8531.968333000103
229,8535.968333000103
229,8539.968333000103
229,8543.968333000103
229,8547.968333000103
229,8551.968333000103
229,8555.968333000103
229,8559.968333000103
229,8563.968333000103
229,8567.968333000103
229,8571.968333000103
229,8575.968333000103
229,8579.968333000103
229,8583.968333000103
229,8587.968333000103
229,8591.968333000103
229,8595.968333000103
229,8599.968333000103
229,8603.968333000103
229,8607.968333000103
229,8611.968333000103
229,8615.968333000103
229,8619.968333000103
229,8623.968333000103
229,8627.968333000103
229,8631.968333000103
229,8635.968333000103
229,8639.968333000103
229,8643.968333000103
229,8647.968333000103
229,8651.968333000103
229,8655.968333000103
229,8659.968333000103
229,8663.968333000103
229,8667.968333000103
229,8671.968333000103
229,8675.968333000103
229,8679.968333000103
229,8683.968333000103
229,8687.968333000103
229,8691.968333000103
229,8695.968333000103
229,8699.968333000103
229,8703.968333000103
229,8707.968333000103
229,8711.968333000103
229,8715.968333000103
229,8719.968333000103
229,8723.968333000103
229,8727.968333000103
229,8731.968333000103
229,8735.968333000103
229,8739.968333000103
229,8743.968333000103
229,8747.968333000103
229,8751.968333000103
229,8755.968333000103
229,8759.968333000103
229,8763.968333000103
229,8767.968333000103
229,8771.968333000103
229,8775.968333000103
229,8779.968333000103
229,8783.968333000103
229,8787.968333000103
229,8791.968333000103
229,8795.968333000103
229,8799.968333000103
229,8803.968333000103
229,8807.968333000103
229,8811.968333000103
229,8815.968333000103
229,8819.968333000103
229,8823.968333000103
229,8827.968333000103
229,8831.968333000103
229,8835.968333000103
229,8839.968333000103
229,8843.968333000103
229,8847.968333000103
229,8851.968333000103
229,8855.968333000103
229,8859.968333000103
229,8863.968333000103
229,8867.968333000103
229,8871.968333000103
229,8875.968333000103
229,8879.968333000103
229,8883.968333000103
229,8887.968333000103
229,8891.968333000103
229,8895.968333000103
229,8899.968333000103
229,8903.968333000103
229,8907.968333000103
229,8911.968333000103
229,8915.968333000103
229,8919.968333000103
229,8923.968333000103
229,8927.968333000103
229,8931.968333000103
229,8935.968333000103
229,8939.968333000103
229,8943.968333000103
229,8947.968333000103
229,8951.968333000103
229,8955.968333000103
229,8959.968333000103
229,8963.968333000103
229,8967.968333000103
229,8971.968333000103
229,8975.968333000103
229,8979.968333000103
229,8983.968333000103
229,8987.968333000103
229,8991.968333000103
229,8995.968333000103
229,8999.968333000103
229,9003.968333000103
229,9007.968333000103
229,9011.968333000103
229,9015.968333000103
229,9019.968333000103
229,9023.968333000103
229,9027.968333000103
229,9031.968333000103
229,9035.968333000103
229,9039.968333000103
229,9043.968333000103
229,9047.968333000103
229,9051.968333000103
229,9055.968333000103
229,9059.968333000103
229,9063.968333000103
229,9067.968333000103
229,9071.968333000103
229,9075.968333000103
229,9079.968333000103
229,9083.968333000103
229,9087.968333000103
229,9091.968333000103
229,9095.968333000103
229,9099.968333000103
229,9103.968333000103
229,9107.968333000103
229,9111.968333000103
229,9115.968333000103
229,9119.968333000103
229,9123.968333000103
229,9127.968333000103
229,9131.968333000103
229,9135.968333000103
229,9139.968333000103
229,9143.968333000103
229,9147.968333000103
229,9151.968333000103
229,9155.968333000103
229,9159.968333000103
229,9163.968333000103
229,9167.968333000103
229,9171.968333000103
229,9175.968333000103
229,9179.968333000103
229,9183.968333000103
229,9187.968333000103
229,9191.968333000103
229,9195.968333000103
229,9199.968333000103
229,9203.968333000103
229,9207.968333000103
229,9211.968333000103
229,9215.968333000103
229,9219.968333000103
229,9223.968333000103
229,9227.968333000103
229,9231.968333000103
229,9235.968333000103
229,9239.968333000103
229,9243.968333000103
229,9247.968333000103
229,9251.968333000103
229,9255.968333000103
229,9259.968333000103
229,9263.968333000103
229,9267.968333000103
229,9271.968333000103
229,9275.968333000103
229,9279.968333000103
229,9283.968333000103
229,9287.968333000103
229,9291.968333000103
229,9295.968333000103
229,9299.968333000103
229,9303.968333000103
229,9307.968333000103
229,9311.968333000103
229,9315.968333000103
229,9319.968333000103
229,9323.968333000103
229,9327.968333000103
229,9331.968333000103
229,9335.968333000103
229,9339.968333000103
229,9343.968333000103
229,9347.968333000103
229,9351.968333000103
229,9355.968333000103
229,9359.968333000103
229,9363.968333000103
229,9367.968333000103
229,9371.968333000103
229,9375.968333000103
229,9379.968333000103
229,9383.968333000103
229,9387.968333000103
229,9391.968333000103
229,9395.968333000103
229,9399.968333000103
229,9403.968333000103
229,9407.968333000103
229,9411.968333000103
229,9415.968333000103
229,9419.968333000103
229,9423.968333000103
229,9427.968333000103
229,9431.968333000103
229,9435.968333000103
229,9439.968333000103
229,9443.968333000103
229,9447.968333000103
229,9451.968333000103
229,9455.968333000103
229,9459.968333000103
229,9463.968333000103
229,9467.968333000103
229,9471.968333000103
229,9475.968333000103
229,9479.968333000103
229,9483.968333000103
229,9487.968333000103
229,9491.968333000103
229,9495.968333000103
229,9499.968333000103
229,9503.968333000103
229,9507.968333000103
229,9511.968333000103
229,9515.968333000103
229,9519.968333000103
229,9523.968333000103
229,9527.968333000103
229,9531.968333000103
229,9535.968333000103
229,9539.968333000103
229,9543.968333000103
229,9547.968333000103
229,9551.968333000103
229,9555.968333000103
229,9559.968333000103
229,9563.968333000103
229,9567.968333000103
229,9571.968333000103
229,9575.968333000103
229,9579.968333000103
229,9583.968333000103
229,9587.968333000103
229,9591.968333000103
229,9595.968333000103
229,9599.968333000103
229,9603.968333000103
229,9607.968333000103
229,9611.968333000103
229,9615.968333000103
229,9619.968333000103
229,9623.968333000103
229,9627.968333000103
229,9631.968333000103
229,9635.968333000103
229,9639.968333000103
229,9643.968333000103
229,9647.968333000103
229,9651.968333000103
229,9655.968333000103
229,9659.968333000103
229,9663.968333000103
229,9667.968333000103
229,9671.968333000103
229,9675.968333000103
229,9679.968333000103
229,9683.968333000103
229,9687.968333000103
229,9691.968333000103
229,9695.968333000103
229,9699.968333000103
229,9703.968333000103
229,9707.968333000103
229,9711.968333000103
229,9715.968333000103
229,9719.968333000103
229,9723.968333000103
229,9727.968333000103
229,9731.968333000103
229,9735.968333000103
229,9739.968333000103
229,9743.968333000103
229,9747.968333000103
229,9751.968333000103
229,9755.968333000103
229,9759.968333000103
229,9763.968333000103
229,9767.968333000103
229,9771.968333000103
229,9775.968333000103
229,9779.968333000103
229,9783.968333000103
229,9787.968333000103
229,9791.968333000103
229,9795.968333000103
229,9799.968333000103
229,9803.968333000103
229,9807.968333000103
229,9811.968333000103
229,9815.968333000103
229,9819.968333000103
229,9823.968333000103
229,9827.968333000103
229,9831.968333000103
229,9835.968333000103
229,9839.968333000103
229,9843.968333000103
229,9847.968333000103
229,9851.968333000103
229,9855.968333000103
229,9859.968333000103
229,9863.968333000103
229,9867.968333000103
229,9871.968333000103
229,9875.968333000103
229,9879.968333000103
229,9883.968333000103
229,9887.968333000103
229,9891.968333000103
229,9895.968333000103
229,9899.968333000103
229,9903.968333000103
229,9907.968333000103
229,9911.968333000103
229,9915.968333000103
229,9919.968333000103
229,9923.968333000103
229,9927.968333000103
229,9931.968333000103
229,9935.968333000103
229,9939.968333000103
229,9943.968333000103
229,9947.968333000103
229,9951.968333000103
229,9955.968333000103
229,9959.968333000103
229,9963.968333000103
229,9967.968333000103
229,9971.968333000103
229,9975.968333000103
229,9979.968333000103
229,9983.968333000103
229,9987.968333000103
229,9991.968333000103
229,9995.968333000103
229,9999.968333000103
229,10003.968333000103
229,10007.968333000103
229,10011.968333000103
229,10015.968333000103
229,10019.968333000103
229,10023.968333000103
229,10027.968333000103
229,10031.968333000103
229,10035.968333000103
229,10039.968333000103
229,10043.968333000103
229,10047.968333000103
229,10051.968333000103
229,10055.968333000103
229,10059.968333000103
229,10063.968333000103
229,10067.968333000103
229,10071.968333000103
229,10075.968333000103
229,10079.968333000103
229,10083.968333000103
229,10087.968333000103
229,10091.968333000103
229,10095.968333000103
229,10099.968333000103
229,10103.968333000103
229,10107.968333000103
229,10111.968333000103
229,10115.968333000103
229,10119.968333000103
229,10123.968333000103
229,10127.968333000103
229,10131.968333000103
229,10135.968333000103
229,10139.968333000103
229,10143.968333000103
229,10147.968333000103
229,10151.968333000103
229,10155.968333000103
229,10159.968333000103
229,10163.968333000103
229,10167.968333000103
229,10171.968333000103
229,10175.968333000103
229,10179.968333000103
229,10183.968333000103
229,10187.968333000103
229,10191.968333000103
229,10195.968333000103
229,10199.968333000103
229,10203.968333000103
229,10207.968333000103
229,10211.968333000103
229,10215.968333000103
229,10219.968333000103
229,10223.968333000103
229,10227.968333000103
229,10231.968333000103
229,10235.968333000103
229,10239.968333000103
229,10243.968333000103
229,10247.968333000103
229,10251.968333000103
229,10255.968333000103
229,10259.968333000103
229,10263.968333000103
229,10267.968333000103
229,10271.968333000103
229,10275.968333000103
229,10279.968333000103
229,10283.968333000103
229,10287.968333000103
229,10291.968333000103
229,10295.968333000103
229,10299.968333000103
229,10303.968333000103
229,10307.968333000103
229,10311.968333000103
229,10315.968333000103
229,10319.968333000103
229,10323.968333000103
229,10327.968333000103
229,10331.968333000103
229,10335.968333000103
229,10339.968333000103
229,10343.968333000103
229,10347.968333000103
229,10351.968333000103
229,10355.968333000103
229,10359.968333000103
229,10363.968333000103
229,10367.968333000103
229,10371.968333000103
229,10375.968333000103
229,10379.968333000103
229,10383.968333000103
229,10387.968333000103
229,10391.968333000103
229,10395.968333000103
229,10399.968333000103
229,10403.968333000103
229,10407.968333000103
229,10411.968333000103
229,10415.968333000103
229,10419.968333000103
229,10423.968333000103
229,10427.968333000103
229,10431.968333000103
229,10435.968333000103
229,10439.968333000103
229,10443.968333000103
229,10447.968333000103
229,10451.968333000103
229,10455.968333000103
229,10459.968333000103
229,10463.968333000103
229,10467.968333000103
229,10471.968333000103
229,10475.968333000103
229,10479.968333000103
229,10483.968333000103
229,10487.968333000103
229,10491.968333000103
229,10495.968333000103
229,10499.968333000103
229,10503.968333000103
229,10507.968333000103
229,10511.968333000103
229,10515.968333000103
229,10519.968333000103
229,10523.968333000103
229,10527.968333000103
229,10531.968333000103
229,10535.968333000103
229,10539.968333000103
229,10543.968333000103
229,10547.968333000103
229,10551.968333000103
229,10555.968333000103
229,10559.968333000103
229,10563.968333000103
229,10567.968333000103
229,10571.968333000103
229,10575.968333000103
229,10579.968333000103
229,10583.968333000103
229,10587.968333000103
229,10591.968333000103
229,10595.968333000103
229,10599.968333000103
229,10603.968333000103
229,10607.968333000103
229,10611.968333000103
229,10615.968333000103
229,10619.968333000103
229,10623.968333000103
229,10627.968333000103
229,10631.968333000103
229,10635.968333000103
229,10639.968333000103
229,10643.968333000103
229,10647.968333000103
229,10651.968333000103
229,10655.968333000103
229,10659.968333000103
229,10663.968333000103
229,10667.968333000103
229,10671.968333000103
229,10675.968333000103
229,10679.968333000103
229,10683.968333000103
229,10687.968333000103
229,10691.968333000103
229,10695.968333000103
229,10699.968333000103
229,10703.968333000103
229,10707.968333000103
229,10711.968333000103
229,10715.968333000103
229,10719.968333000103
229,10723.968333000103
229,10727.968333000103
229,10731.968333000103
229,10735.968333000103
229,10739.968333000103
229,10743.968333000103
229,10747.968333000103
229,10751.968333000103
229,10755.968333000103
229,10759.968333000103
229,10763.968333000103
229,10767.968333000103
229,10771.968333000103
229,10775.968333000103
229,10779.968333000103
229,10783.968333000103
229,10787.968333000103
229,10791.968333000103
229,10795.968333000103
229,10799.968333000103
229,10803.968333000103
229,10807.968333000103
229,10811.968333000103
229,10815.968333000103
229,10819.968333000103
229,10823.968333000103
229,10827.968333000103
229,10831.968333000103
229,10835.968333000103
229,10839.968333000103
229,10843.968333000103
229,10847.968333000103
229,10851.968333000103
229,10855.968333000103
229,10859.968333000103
229,10863.968333000103
229,10867.968333000103
229,10871.968333000103
229,10875.968333000103
229,10879.968333000103
229,10883.968333000103
229,10887.968333000103
229,10891.968333000103
229,10895.968333000103
229,10899.968333000103
229,10903.968333000103
229,10907.968333000103
229,10911.968333000103
229,10915.968333000103
229,10919.968333000103
229,10923.968333000103
229,10927.968333000103
229,10931.968333000103
229,10935.968333000103
229,10939.968333000103
229,10943.968333000103
229,10947.968333000103
229,10951.968333000103
229,10955.968333000103
229,10959.968333000103
229,10963.968333000103
229,10967.968333000103
229,10971.968333000103
229,10975.968333000103
229,10979.968333000103
229,10983.968333000103
229,10987.968333000103
229,10991.968333000103
229,10995.968333000103
229,10999.968333000103
229,11003.968333000103
229,11007.968333000103
229,11011.968333000103
229,11015.968333000103
229,11019.968333000103
229,11023.968333000103
229,11027.968333000103
229,11031.968333000103
229,11035.968333000103
229,11039.968333000103
229,11043.968333000103
229,11047.968333000103
229,11051.968333000103
229,11055.968333000103
229,11059.968333000103
229,11063.968333000103
229,11067.968333000103
229,11071.968333000103
229,11075.968333000103
229,11079.968333000103
229,11083.968333000103
229,11087.968333000103
229,11091.968333000103
229,11095.968333000103
229,11099.968333000103
229,11103.968333000103
229,11107.968333000103
229,11111.968333000103
229,11115.968333000103
229,11119.968333000103
229,11123.968333000103
229,11127.968333000103
229,11131.968333000103
229,11135.968333000103
229,11139.968333000103
229,11143.968333000103
229,11147.968333000103
229,11151.968333000103
229,11155.968333000103
229,11159.968333000103
229,11163.968333000103
229,11167.968333000103
229,11171.968333000103
229,11175.968333000103
229,11179.968333000103
229,11183.968333000103
229,11187.968333000103
229,11191.968333000103
229,11195.968333000103
229,11199.968333000103
229,11203.968333000103
229,11207.968333000103
229,11211.968333000103
229,11215.968333000103
229,11219.968333000103
229,11223.968333000103
229,11227.968333000103
229,11231.968333000103
229,11235.968333000103
229,11239.968333000103
229,11243.968333000103
229,11247.968333000103
229,11251.968333000103
229,11255.968333000103
229,11259.968333000103
229,11263.968333000103
229,11267.968333000103
229,11271.968333000103
229,11275.968333000103
229,11279.968333000103
229,11283.968333000103
229,11287.968333000103
229,11291.968333000103
229,11295.968333000103
229,11299.968333000103
229,11303.968333000103
229,11307.968333000103
229,11311.968333000103
229,11315.968333000103
229,11319.968333000103
229,11323.968333000103
229,11327.968333000103
229,11331.968333000103
229,11335.968333000103
229,11339.968333000103
229,11343.968333000103
229,11347.968333000103
229,11351.968333000103
229,11355.968333000103
229,11359.968333000103
229,11363.968333000103
229,11367.968333000103
229,11371.968333000103
229,11375.968333000103
229,11379.968333000103
229,11383.968333000103
229,11387.968333000103
229,11391.968333000103
229,11395.968333000103
229,11399.968333000103
229,11403.968333000103
229,11407.968333000103
229,11411.968333000103
229,11415.968333000103
229,11419.968333000103
229,11423.968333000103
229,11427.968333000103
229,11431.968333000103
229,11435.968333000103
229,11439.968333000103
229,11443.968333000103
229,11447.968333000103
229,11451.968333000103
229,11455.968333000103
229,11459.968333000103
229,11463.968333000103
229,11467.968333000103
229,11471.968333000103
229,11475.968333000103
229,11479.968333000103
229,11483.968333000103
229,11487.968333000103
229,11491.968333000103
229,11495.968333000103
229,11499.968333000103
229,11503.968333000103
229,11507.968333000103
229,11511.968333000103
229,11515.968333000103
229,11519.968333000103
229,11523.968333000103
229,11527.968333000103
229,11531.968333000103
229,11535.968333000103
229,11539.968333000103
229,11543.968333000103
229,11547.968333000103
229,11551.968333000103
229,11555.968333000103
229,11559.968333000103
229,11563.968333000103
229,11567.968333000103
229,11571.968333000103
229,11575.968333000103
229,11579.968333000103
229,11583.968333000103
229,11587.968333000103
229,11591.968333000103
229,11595.968333000103
229,11599.968333000103
229,11603.968333000103
229,11607.968333000103
229,11611.968333000103
229,11615.968333000103
229,11619.968333000103
229,11623.968333000103
229,11627.968333000103
229,11631.968333000103
229,11635.968333000103
229,11639.968333000103
229,11643.968333000103
229,11647.968333000103
229,11651.968333000103
229,11655.968333000103
229,11659.968333000103
229,11663.968333000103
229,11667.968333000103
229,11671.968333000103
229,11675.968333000103
229,11679.968333000103
229,11683.968333000103
229,11687.968333000103
229,11691.968333000103
229,11695.968333000103
229,11699.968333000103
229,11703.968333000103
229,11707.968333000103
229,11711.968333000103
229,11715.968333000103
229,11719.968333000103
229,11723.968333000103
229,11727.968333000103
229,11731.968333000103
229,11735.968333000103
229,11739.968333000103
229,11743.968333000103
229,11747.968333000103
229,11751.968333000103
229,11755.968333000103
229,11759.968333000103
229,11763.968333000103
229,11767.968333000103
229,11771.968333000103
229,11775.968333000103
229,11779.968333000103
229,11783.968333000103
229,11787.968333000103
229,11791.968333000103
229,11795.968333000103
229,11799.968333000103
229,11803.968333000103
229,11807.968333000103
229,11811.968333000103
229,11815.968333000103
229,11819.968333000103
229,11823.968333000103
229,11827.968333000103
229,11831.968333000103
229,11835.968333000103
229,11839.968333000103
229,11843.968333000103
229,11847.968333000103
229,11851.968333000103
229,11855.968333000103
229,11859.968333000103
229,11863.968333000103
229,11867.968333000103
229,11871.968333000103
229,11875.968333000103
229,11879.968333000103
229,11883.968333000103
229,11887.968333000103
229,11891.968333000103
229,11895.968333000103
229,11899.968333000103
229,11903.968333000103
229,11907.968333000103
229,11911.968333000103
229,11915.968333000103
229,11919.968333000103
229,11923.968333000103
229,11927.968333000103
229,11931.968333000103
229,11935.968333000103
229,11939.968333000103
229,11943.968333000103
229,11947.968333000103
229,11951.968333000103
229,11955.968333000103
229,11959.968333000103
229,11963.968333000103
229,11967.968333000103
229,11971.968333000103
229,11975.968333000103
229,11979.968333000103
229,11983.968333000103
229,11987.968333000103
229,11991.968333000103
229,11995.968333000103
229,11999.968333000103
229,12003.968333000103
229,12007.968333000103
229,12011.968333000103
229,12015.968333000103
229,12019.968333000103
229,12023.968333000103
229,12027.968333000103
229,12031.968333000103
229,12035.968333000103
229,12039.968333000103
229,12043.968333000103
229,12047.968333000103
229,12051.968333000103
229,12055.968333000103
229,12059.968333000103
229,12063.968333000103
229,12067.968333000103
229,12071.968333000103
229,12075.968333000103
229,12079.968333000103
229,12083.968333000103
229,12087.968333000103
229,12091.968333000103
229,12095.968333000103
229,12099.968333000103
229,12103.968333000103
229,12107.968333000103
229,12111.968333000103
229,12115.968333000103
229,12119.968333000103
229,12123.968333000103
229,12127.968333000103
229,12131.968333000103
229,12135.968333000103
229,12139.968333000103
229,12143.968333000103
229,12147.968333000103
229,12151.968333000103
229,12155.968333000103
229,12159.968333000103
229,12163.968333000103
229,12167.968333000103
229,12171.968333000103
229,12175.968333000103
229,12179.968333000103
229,12183.968333000103
229,12187.968333000103
229,12191.968333000103
229,12195.968333000103
229,12199.968333000103
229,12203.968333000103
229,12207.968333000103
229,12211.968333000103
229,12215.968333000103
229,12219.968333000103
229,12223.968333000103
229,12227.968333000103
229,12231.968333000103
229,12235.968333000103
229,12239.968333000103
229,12243.968333000103
229,12247.968333000103
229,12251.968333000103
229,12255.968333000103
229,12259.968333000103
229,12263.968333000103
229,12267.968333000103
229,12271.968333000103
229,12275.968333000103
229,12279.968333000103
229,12283.968333000103
229,12287.968333000103
229,12291.968333000103
229,12295.968333000103
229,12299.968333000103
229,12303.968333000103
229,12307.968333000103
229,12311.968333000103
229,12315.968333000103
229,12319.968333000103
229,12323.968333000103
229,12327.968333000103
229,12331.968333000103
229,12335.968333000103
229,12339.968333000103
229,12343.968333000103
229,12347.968333000103
229,12351.968333000103
229,12355.968333000103
229,12359.968333000103
229,12363.968333000103
229,12367.968333000103
229,12371.968333000103
229,12375.968333000103
229,12379.968333000103
229,12383.968333000103
229,12387.968333000103
229,12391.968333000103
229,12395.968333000103
229,12399.968333000103
229,12403.968333000103
229,12407.968333000103
229,12411.968333000103
229,12415.968333000103
229,12419.968333000103
229,12423.968333000103
229,12427.968333000103
229,12431.968333000103
229,12435.968333000103
229,12439.968333000103
229,12443.968333000103
229,12447.968333000103
229,12451.968333000103
229,12455.968333000103
229,12459.968333000103
229,12463.968333000103
229,12467.968333000103
229,12471.968333000103
229,12475.968333000103
229,12479.968333000103
229,12483.968333000103
229,12487.968333000103
229,12491.968333000103
229,12495.968333000103
229,12499.968333000103
229,12503.968333000103
229,12507.968333000103
229,12511.968333000103
229,12515.968333000103
229,12519.968333000103
229,12523.968333000103
229,12527.968333000103
229,12531.968333000103
229,12535.968333000103
229,12539.968333000103
229,12543.968333000103
229,12547.968333000103
229,12551.968333000103
229,12555.968333000103
229,12559.968333000103
229,12563.968333000103
229,12567.968333000103
229,12571.968333000103
229,12575.968333000103
229,12579.968333000103
229,12583.968333000103
229,12587.968333000103
229,12591.968333000103
229,12595.968333000103
229,12599.968333000103
229,12603.968333000103
229,12607.968333000103
229,12611.968333000103
229,12615.968333000103
229,12619.968333000103
229,12623.968333000103
229,12627.968333000103
229,12631.968333000103
229,12635.968333000103
229,12639.968333000103
229,12643.968333000103
229,12647.968333000103
229,12651.968333000103
229,12655.968333000103
229,12659.968333000103
229,12663.968333000103
229,12667.968333000103
229,12671.968333000103
229,12675.968333000103
229,12679.968333000103
229,12683.968333000103
229,12687.968333000103
229,12691.968333000103
229,12695.968333000103
229,12699.968333000103
229,12703.968333000103
229,12707.968333000103
229,12711.968333000103
229,12715.968333000103
229,12719.968333000103
229,12723.968333000103
229,12727.968333000103
229,12731.968333000103
229,12735.968333000103
229,12739.968333000103
229,12743.968333000103
229,12747.968333000103
229,12751.968333000103
229,12755.968333000103
229,12759.968333000103
229,12763.968333000103
229,12767.968333000103
229,12771.968333000103
229,12775.968333000103
229,12779.968333000103
229,12783.968333000103
229,12787.968333000103
229,12791.968333000103
229,12795.968333000103
229,12799.968333000103
229,12803.968333000103
229,12807.968333000103
229,12811.968333000103
229,12815.968333000103
229,12819.968333000103
229,12823.968333000103
229,12827.968333000103
229,12831.968333000103
229,12835.968333000103
229,12839.968333000103
229,12843.968333000103
229,12847.968333000103
229,12851.968333000103
229,12855.968333000103
229,12859.968333000103
229,12863.968333000103
229,12867.968333000103
229,12871.968333000103
229,12875.968333000103
229,12879.968333000103
229,12883.968333000103
229,12887.968333000103
229,12891.968333000103
229,12895.968333000103
229,12899.968333000103
229,12903.968333000103
229,12907.968333000103
229,12911.968333000103
229,12915.968333000103
229,12919.968333000103
229,12923.968333000103
229,12927.968333000103
229,12931.968333000103
229,12935.968333000103
229,12939.968333000103
229,12943.968333000103
229,12947.968333000103
229,12951.968333000103
229,12955.968333000103
229,12959.968333000103
229,12963.968333000103
229,12967.968333000103
229,12971.968333000103
229,12975.968333000103
229,12979.968333000103
229,12983.968333000103
229,12987.968333000103
229,12991.968333000103
229,12995.968333000103
229,12999.968333000103
229,13003.968333000103
229,13007.968333000103
229,13011.968333000103
229,13015.968333000103
229,13019.968333000103
229,13023.968333000103
229,13027.968333000103
229,13031.968333000103
229,13035.968333000103
229,13039.968333000103
229,13043.968333000103
229,13047.968333000103
229,13051.968333000103
229,13055.968333000103
229,13059.968333000103
229,13063.968333000103
229,13067.968333000103
229,13071.968333000103
229,13075.968333000103
229,13079.968333000103
229,13083.968333000103
229,13087.968333000103
229,13091.968333000103
229,13095.968333000103
229,13099.968333000103
229,13103.968333000103
229,13107.968333000103
230,13111.968333000103
229,13115.968333000103
229,13119.968333000103
229,13123.968333000103
229,13127.968333000103
229,13131.968333000103
229,13135.968333000103
229,13139.968333000103
229,13143.968333000103
229,13147.968333000103
229,13151.968333000103
229,13155.968333000103
229,13159.968333000103
229,13163.968333000103
229,13167.968333000103
229,13171.968333000103
229,13175.968333000103
230,13179.968333000103
229,13183.968333000103
229,13187.968333000103
229,13191.968333000103
229,13195.968333000103
229,13199.968333000103
229,13203.968333000103
229,13207.968333000103
229,13211.968333000103
229,13215.968333000103
229,13219.968333000103
229,13223.968333000103
229,13227.968333000103
230,13231.968333000103
229,13235.968333000103
229,13239.968333000103
229,13243.968333000103
229,13247.968333000103
229,13251.968333000103
229,13255.968333000103
229,13259.968333000103
229,13263.968333000103
229,13267.968333000103
229,13271.968333000103
229,13275.968333000103
229,13279.968333000103
229,13283.968333000103
229,13287.968333000103
229,13291.968333000103
229,13295.968333000103
229,13299.968333000103
229,13303.968333000103
229,13307.968333000103
229,13311.968333000103
229,13315.968333000103
229,13319.968333000103
229,13323.968333000103
229,13327.968333000103
229,13331.968333000103
229,13335.968333000103
229,13339.968333000103
229,13343.968333000103
229,13347.968333000103
229,13351.968333000103
229,13355.968333000103
229,13359.968333000103
229,13363.968333000103
229,13367.968333000103
229,13371.968333000103
229,13375.968333000103
229,13379.968333000103
229,13383.968333000103
229,13387.968333000103
229,13391.968333000103
229,13395.968333000103
229,13399.968333000103
229,13403.968333000103
229,13407.968333000103
229,13411.968333000103
229,13415.968333000103
229,13419.968333000103
229,13423.968333000103
229,13427.968333000103
229,13431.968333000103
229,13435.968333000103
229,13439.968333000103
229,13443.968333000103
229,13447.968333000103
229,13451.968333000103
229,13455.968333000103
229,13459.968333000103
229,13463.968333000103
229,13467.968333000103
229,13471.968333000103
229,13475.968333000103
229,13479.968333000103
229,13483.968333000103
229,13487.968333000103
229,13491.968333000103
229,13495.968333000103
229,13499.968333000103
229,13503.968333000103
229,13507.968333000103
229,13511.968333000103
229,13515.968333000103
229,13519.968333000103
229,13523.968333000103
229,13527.968333000103
229,13531.968333000103
229,13535.968333000103
229,13539.968333000103
229,13543.968333000103
229,13547.968333000103
229,13551.968333000103
229,13555.968333000103
229,13559.968333000103
229,13563.968333000103
229,13567.968333000103
229,13571.968333000103
229,13575.968333000103
229,13579.968333000103
229,13583.968333000103
229,13587.968333000103
229,13591.968333000103
229,13595.968333000103
229,13599.968333000103
229,13603.968333000103
229,13607.968333000103
229,13611.968333000103
229,13615.968333000103
229,13619.968333000103
229,13623.968333000103
230,13627.968333000103
229,13631.968333000103
229,13635.968333000103
229,13639.968333000103
229,13643.968333000103
229,13647.968333000103
229,13651.968333000103
229,13655.968333000103
229,13659.968333000103
229,13663.968333000103
229,13667.968333000103
229,13671.968333000103
229,13675.968333000103
229,13679.968333000103
229,13683.968333000103
229,13687.968333000103
229,13691.968333000103
229,13695.968333000103
229,13699.968333000103
230,13703.968333000103
229,13707.968333000103
229,13711.968333000103
229,13715.968333000103
229,13719.968333000103
229,13723.968333000103
229,13727.968333000103
229,13731.968333000103
229,13735.968333000103
229,13739.968333000103
229,13743.968333000103
229,13747.968333000103
229,13751.968333000103
229,13755.968333000103
229,13759.968333000103
229,13763.968333000103
229,13767.968333000103
229,13771.968333000103
229,13775.968333000103
229,13779.968333000103
229,13783.968333000103
229,13787.968333000103
229,13791.968333000103
229,13795.968333000103
229,13799.968333000103
229,13803.968333000103
229,13807.968333000103
229,13811.968333000103
229,13815.968333000103
229,13819.968333000103
229,13823.968333000103
229,13827.968333000103
229,13831.968333000103
229,13835.968333000103
229,13839.968333000103
229,13843.968333000103
229,13847.968333000103
229,13851.968333000103
229,13855.968333000103
229,13859.968333000103
229,13863.968333000103
229,13867.968333000103
229,13871.968333000103
229,13875.968333000103
229,13879.968333000103
229,13883.968333000103
229,13887.968333000103
229,13891.968333000103
229,13895.968333000103
229,13899.968333000103
229,13903.968333000103
229,13907.968333000103
229,13911.968333000103
229,13915.968333000103
229,13919.968333000103
229,13923.968333000103
229,13927.968333000103
229,13931.968333000103
230,13935.968333000103
229,13939.968333000103
229,13943.968333000103
229,13947.968333000103
229,13951.968333000103
229,13955.968333000103
229,13959.968333000103
229,13963.968333000103
229,13967.968333000103
229,13971.968333000103
229,13975.968333000103
230,13979.968333000103
229,13983.968333000103
229,13987.968333000103
229,13991.968333000103
229,13995.968333000103
229,13999.968333000103
229,14003.968333000103
229,14007.968333000103
229,14011.968333000103
229,14015.968333000103
229,14019.968333000103
229,14023.968333000103
229,14027.968333000103
229,14031.968333000103
229,14035.968333000103
229,14039.968333000103
229,14043.968333000103
229,14047.968333000103
229,14051.968333000103
229,14055.968333000103
229,14059.968333000103
229,14063.968333000103
229,14067.968333000103
229,14071.968333000103
229,14075.968333000103
229,14079.968333000103
229,14083.968333000103
229,14087.968333000103
229,14091.968333000103
229,14095.968333000103
229,14099.968333000103
229,14103.968333000103
229,14107.968333000103
229,14111.968333000103
229,14115.968333000103
229,14119.968333000103
229,14123.968333000103
229,14127.968333000103
229,14131.968333000103
229,14135.968333000103
229,14139.968333000103
229,14143.968333000103
229,14147.968333000103
229,14151.968333000103
229,14155.968333000103
229,14159.968333000103
229,14163.968333000103
229,14167.968333000103
229,14171.968333000103
229,14175.968333000103
229,14179.968333000103
229,14183.968333000103
229,14187.968333000103
229,14191.968333000103
229,14195.968333000103
229,14199.968333000103
229,14203.968333000103
229,14207.968333000103
229,14211.968333000103
229,14215.968333000103
229,14219.968333000103
229,14223.968333000103
229,14227.968333000103
229,14231.968333000103
229,14235.968333000103
229,14239.968333000103
229,14243.968333000103
229,14247.968333000103
229,14251.968333000103
229,14255.968333000103
229,14259.968333000103
229,14263.968333000103
229,14267.968333000103
229,14271.968333000103
229,14275.968333000103
229,14279.968333000103
229,14283.968333000103
229,14287.968333000103
229,14291.968333000103
229,14295.968333000103
229,14299.968333000103
229,14303.968333000103
229,14307.968333000103
229,14311.968333000103
229,14315.968333000103
229,14319.968333000103
229,14323.968333000103
229,14327.968333000103
229,14331.968333000103
229,14335.968333000103
229,14339.968333000103
229,14343.968333000103
229,14347.968333000103
229,14351.968333000103
229,14355.968333000103
229,14359.968333000103
229,14363.968333000103
229,14367.968333000103
229,14371.968333000103
229,14375.968333000103
229,14379.968333000103
229,14383.968333000103
229,14387.968333000103
229,14391.968333000103
229,14395.968333000103
229,14399.968333000103
229,14403.968333000103
