3.0021660001875716,13283.002166000188
value,time
0,3.997374999926251
0,7.997374999926251
0,11.997374999926251
0,15.997374999926251
0,19.99737499992625
0,23.99737499992625
0,27.99737499992625
0,31.99737499992625
0,35.99737499992625
0,39.99737499992625
0,43.99737499992625
0,47.99737499992625
0,51.99737499992625
0,55.99737499992625
0,59.99737499992625
0,63.99737499992625
0,67.99737499992625
0,71.99737499992625
0,75.99737499992625
0,79.99737499992625
0,83.99737499992625
0,87.99737499992625
0,91.99737499992625
0,95.99737499992625
0,99.99737499992625
0,103.99737499992625
0,107.99737499992625
0,111.99737499992625
0,115.99737499992625
0,119.99737499992625
0,123.99737499992625
0,127.99737499992625
0,131.99737499992625
0,135.99737499992625
0,139.99737499992625
0,143.99737499992625
0,147.99737499992625
0,151.99737499992625
0,155.99737499992625
0,159.99737499992625
0,163.99737499992625
0,167.99737499992625
0,171.99737499992625
0,175.99737499992625
0,179.99737499992625
0,183.99737499992625
0,187.99737499992625
0,191.99737499992625
0,195.99737499992625
0,199.99737499992625
0,203.99737499992625
0,207.99737499992625
0,211.99737499992625
0,215.99737499992625
0,219.99737499992625
0,223.99737499992625
0,227.99737499992625
0,231.99737499992625
0,235.99737499992625
0,239.99737499992625
0,243.99737499992625
0,247.99737499992625
0,251.99737499992625
0,255.99737499992625
0,259.99737499992625
0,263.99737499992625
0,267.99737499992625
0,271.99737499992625
0,275.99737499992625
0,279.99737499992625
0,283.99737499992625
0,287.99737499992625
0,291.99737499992625
0,295.99737499992625
0,299.99737499992625
0,303.99737499992625
0,307.99737499992625
0,311.99737499992625
0,315.99737499992625
0,319.99737499992625
0,323.99737499992625
0,327.99737499992625
0,331.99737499992625
0,335.99737499992625
0,339.99737499992625
0,343.99737499992625
0,347.99737499992625
0,351.99737499992625
0,355.99737499992625
0,359.99737499992625
0,363.99737499992625
0,367.99737499992625
0,371.99737499992625
0,375.99737499992625
0,379.99737499992625
0,383.99737499992625
2,387.99737499992625
4,391.99737499992625
6,395.99737499992625
8,399.99737499992625
11,403.99737499992625
13,407.99737499992625
15,411.99737499992625
17,415.99737499992625
20,419.99737499992625
22,423.99737499992625
24,427.99737499992625
26,431.99737499992625
28,435.99737499992625
30,439.99737499992625
32,443.99737499992625
35,447.99737499992625
36,451.99737499992625
38,455.99737499992625
39,459.99737499992625
41,463.99737499992625
42,467.99737499992625
43,471.99737499992625
45,475.99737499992625
45,479.99737499992625
47,483.99737499992625
48,487.99737499992625
49,491.99737499992625
50,495.99737499992625
51,499.99737499992625
52,503.99737499992625
53,507.99737499992625
54,511.99737499992625
55,515.9973749999263
56,519.9973749999263
57,523.9973749999263
58,527.9973749999263
59,531.9973749999263
60,535.9973749999263
61,539.9973749999263
62,543.9973749999263
64,547.9973749999263
65,551.9973749999263
66,555.9973749999263
67,559.9973749999263
68,563.9973749999263
68,567.9973749999263
69,571.9973749999263
70,575.9973749999263
71,579.9973749999263
72,583.9973749999263
72,587.9973749999263
73,591.9973749999263
74,595.9973749999263
75,599.9973749999263
76,603.9973749999263
76,607.9973749999263
77,611.9973749999263
78,615.9973749999263
78,619.9973749999263
79,623.9973749999263
79,627.9973749999263
80,631.9973749999263
80,635.9973749999263
81,639.9973749999263
82,643.9973749999263
82,647.9973749999263
83,651.9973749999263
84,655.9973749999263
84,659.9973749999263
85,663.9973749999263
85,667.9973749999263
86,671.9973749999263
86,675.9973749999263
86,679.9973749999263
87,683.9973749999263
87,687.9973749999263
88,691.9973749999263
88,695.9973749999263
88,699.9973749999263
88,703.9973749999263
89,707.9973749999263
89,711.9973749999263
90,715.9973749999263
90,719.9973749999263
91,723.9973749999263
91,727.9973749999263
92,731.9973749999263
93,735.9973749999263
93,739.9973749999263
94,743.9973749999263
95,747.9973749999263
95,751.9973749999263
96,755.9973749999263
96,759.9973749999263
97,763.9973749999263
97,767.9973749999263
97,771.9973749999263
97,775.9973749999263
98,779.9973749999263
98,783.9973749999263
98,787.9973749999263
98,791.9973749999263
98,795.9973749999263
98,799.9973749999263
98,803.9973749999263
97,807.9973749999263
98,811.9973749999263
98,815.9973749999263
98,819.9973749999263
97,823.9973749999263
97,827.9973749999263
98,831.9973749999263
98,835.9973749999263
98,839.9973749999263
98,843.9973749999263
98,847.9973749999263
98,851.9973749999263
99,855.9973749999263
99,859.9973749999263
99,863.9973749999263
99,867.9973749999263
99,871.9973749999263
99,875.9973749999263
99,879.9973749999263
99,883.9973749999263
99,887.9973749999263
99,891.9973749999263
99,895.9973749999263
99,899.9973749999263
99,903.9973749999263
99,907.9973749999263
99,911.9973749999263
98,915.9973749999263
98,919.9973749999263
98,923.9973749999263
98,927.9973749999263
97,931.9973749999263
97,935.9973749999263
97,939.9973749999263
96,943.9973749999263
96,947.9973749999263
95,951.9973749999263
95,955.9973749999263
95,959.9973749999263
94,963.9973749999263
93,967.9973749999263
93,971.9973749999263
92,975.9973749999263
91,979.9973749999263
90,983.9973749999263
89,987.9973749999263
89,991.9973749999263
88,995.9973749999263
87,999.9973749999263
86,1003.9973749999263
85,1007.9973749999263
84,1011.9973749999263
84,1015.9973749999263
83,1019.9973749999263
83,1023.9973749999263
81,1027.9973749999263
81,1031.9973749999263
81,1035.9973749999263
80,1039.9973749999263
79,1043.9973749999263
79,1047.9973749999263
78,1051.9973749999263
78,1055.9973749999263
77,1059.9973749999263
77,1063.9973749999263
76,1067.9973749999263
76,1071.9973749999263
76,1075.9973749999263
76,1079.9973749999263
75,1083.9973749999263
75,1087.9973749999263
75,1091.9973749999263
75,1095.9973749999263
74,1099.9973749999263
74,1103.9973749999263
74,1107.9973749999263
74,1111.9973749999263
74,1115.9973749999263
74,1119.9973749999263
74,1123.9973749999263
74,1127.9973749999263
74,1131.9973749999263
74,1135.9973749999263
74,1139.9973749999263
74,1143.9973749999263
74,1147.9973749999263
74,1151.9973749999263
74,1155.9973749999263
74,1159.9973749999263
74,1163.9973749999263
74,1167.9973749999263
73,1171.9973749999263
74,1175.9973749999263
73,1179.9973749999263
73,1183.9973749999263
74,1187.9973749999263
74,1191.9973749999263
74,1195.9973749999263
74,1199.9973749999263
74,1203.9973749999263
74,1207.9973749999263
74,1211.9973749999263
74,1215.9973749999263
74,1219.9973749999263
74,1223.9973749999263
74,1227.9973749999263
75,1231.9973749999263
76,1235.9973749999263
76,1239.9973749999263
77,1243.9973749999263
79,1247.9973749999263
80,1251.9973749999263
81,1255.9973749999263
82,1259.9973749999263
84,1263.9973749999263
85,1267.9973749999263
87,1271.9973749999263
88,1275.9973749999263
89,1279.9973749999263
90,1283.9973749999263
92,1287.9973749999263
93,1291.9973749999263
94,1295.9973749999263
96,1299.9973749999263
97,1303.9973749999263
98,1307.9973749999263
100,1311.9973749999263
101,1315.9973749999263
103,1319.9973749999263
104,1323.9973749999263
106,1327.9973749999263
107,1331.9973749999263
109,1335.9973749999263
110,1339.9973749999263
111,1343.9973749999263
113,1347.9973749999263
114,1351.9973749999263
114,1355.9973749999263
115,1359.9973749999263
116,1363.9973749999263
116,1367.9973749999263
117,1371.9973749999263
117,1375.9973749999263
117,1379.9973749999263
118,1383.9973749999263
118,1387.9973749999263
118,1391.9973749999263
118,1395.9973749999263
118,1399.9973749999263
118,1403.9973749999263
119,1407.9973749999263
119,1411.9973749999263
119,1415.9973749999263
119,1419.9973749999263
119,1423.9973749999263
119,1427.9973749999263
119,1431.9973749999263
119,1435.9973749999263
119,1439.9973749999263
120,1443.9973749999263
119,1447.9973749999263
120,1451.9973749999263
120,1455.9973749999263
120,1459.9973749999263
120,1463.9973749999263
120,1467.9973749999263
120,1471.9973749999263
120,1475.9973749999263
120,1479.9973749999263
120,1483.9973749999263
121,1487.9973749999263
121,1491.9973749999263
121,1495.9973749999263
121,1499.9973749999263
121,1503.9973749999263
121,1507.9973749999263
121,1511.9973749999263
121,1515.9973749999263
121,1519.9973749999263
121,1523.9973749999263
121,1527.9973749999263
121,1531.9973749999263
121,1535.9973749999263
121,1539.9973749999263
121,1543.9973749999263
121,1547.9973749999263
121,1551.9973749999263
121,1555.9973749999263
120,1559.9973749999263
120,1563.9973749999263
119,1567.9973749999263
119,1571.9973749999263
119,1575.9973749999263
118,1579.9973749999263
117,1583.9973749999263
117,1587.9973749999263
116,1591.9973749999263
115,1595.9973749999263
114,1599.9973749999263
114,1603.9973749999263
114,1607.9973749999263
113,1611.9973749999263
112,1615.9973749999263
112,1619.9973749999263
111,1623.9973749999263
110,1627.9973749999263
110,1631.9973749999263
109,1635.9973749999263
108,1639.9973749999263
108,1643.9973749999263
107,1647.9973749999263
106,1651.9973749999263
105,1655.9973749999263
105,1659.9973749999263
104,1663.9973749999263
103,1667.9973749999263
102,1671.9973749999263
102,1675.9973749999263
101,1679.9973749999263
101,1683.9973749999263
100,1687.9973749999263
100,1691.9973749999263
99,1695.9973749999263
99,1699.9973749999263
99,1703.9973749999263
98,1707.9973749999263
98,1711.9973749999263
98,1715.9973749999263
97,1719.9973749999263
97,1723.9973749999263
97,1727.9973749999263
96,1731.9973749999263
95,1735.9973749999263
94,1739.9973749999263
94,1743.9973749999263
93,1747.9973749999263
93,1751.9973749999263
92,1755.9973749999263
92,1759.9973749999263
91,1763.9973749999263
90,1767.9973749999263
90,1771.9973749999263
90,1775.9973749999263
89,1779.9973749999263
89,1783.9973749999263
88,1787.9973749999263
88,1791.9973749999263
88,1795.9973749999263
88,1799.9973749999263
88,1803.9973749999263
88,1807.9973749999263
88,1811.9973749999263
88,1815.9973749999263
88,1819.9973749999263
88,1823.9973749999263
88,1827.9973749999263
88,1831.9973749999263
89,1835.9973749999263
89,1839.9973749999263
89,1843.9973749999263
90,1847.9973749999263
90,1851.9973749999263
91,1855.9973749999263
91,1859.9973749999263
92,1863.9973749999263
93,1867.9973749999263
94,1871.9973749999263
95,1875.9973749999263
96,1879.9973749999263
97,1883.9973749999263
98,1887.9973749999263
99,1891.9973749999263
100,1895.9973749999263
101,1899.9973749999263
102,1903.9973749999263
103,1907.9973749999263
105,1911.9973749999263
106,1915.9973749999263
107,1919.9973749999263
108,1923.9973749999263
109,1927.9973749999263
110,1931.9973749999263
111,1935.9973749999263
111,1939.9973749999263
112,1943.9973749999263
113,1947.9973749999263
113,1951.9973749999263
114,1955.9973749999263
115,1959.9973749999263
115,1963.9973749999263
116,1967.9973749999263
116,1971.9973749999263
117,1975.9973749999263
117,1979.9973749999263
117,1983.9973749999263
118,1987.9973749999263
119,1991.9973749999263
119,1995.9973749999263
119,1999.9973749999263
119,2003.9973749999263
120,2007.9973749999263
120,2011.9973749999263
121,2015.9973749999263
121,2019.9973749999263
122,2023.9973749999263
122,2027.9973749999263
122,2031.9973749999263
123,2035.9973749999263
123,2039.9973749999263
124,2043.9973749999263
124,2047.9973749999263
124,2051.9973749999263
124,2055.9973749999263
125,2059.9973749999263
126,2063.9973749999263
126,2067.9973749999263
126,2071.9973749999263
126,2075.9973749999263
126,2079.9973749999263
126,2083.9973749999263
126,2087.9973749999263
127,2091.9973749999263
127,2095.9973749999263
127,2099.9973749999263
127,2103.9973749999263
128,2107.9973749999263
128,2111.9973749999263
128,2115.9973749999263
128,2119.9973749999263
128,2123.9973749999263
129,2127.9973749999263
128,2131.9973749999263
129,2135.9973749999263
128,2139.9973749999263
129,2143.9973749999263
129,2147.9973749999263
129,2151.9973749999263
128,2155.9973749999263
128,2159.9973749999263
128,2163.9973749999263
129,2167.9973749999263
129,2171.9973749999263
129,2175.9973749999263
129,2179.9973749999263
128,2183.9973749999263
128,2187.9973749999263
128,2191.9973749999263
129,2195.9973749999263
128,2199.9973749999263
129,2203.9973749999263
128,2207.9973749999263
129,2211.9973749999263
128,2215.9973749999263
128,2219.9973749999263
128,2223.9973749999263
129,2227.9973749999263
129,2231.9973749999263
128,2235.9973749999263
128,2239.9973749999263
129,2243.9973749999263
129,2247.9973749999263
129,2251.9973749999263
128,2255.9973749999263
129,2259.9973749999263
128,2263.9973749999263
129,2267.9973749999263
129,2271.9973749999263
128,2275.9973749999263
129,2279.9973749999263
128,2283.9973749999263
129,2287.9973749999263
129,2291.9973749999263
128,2295.9973749999263
128,2299.9973749999263
129,2303.9973749999263
128,2307.9973749999263
128,2311.9973749999263
128,2315.9973749999263
128,2319.9973749999263
129,2323.9973749999263
128,2327.9973749999263
128,2331.9973749999263
128,2335.9973749999263
127,2339.9973749999263
127,2343.9973749999263
127,2347.9973749999263
126,2351.9973749999263
126,2355.9973749999263
126,2359.9973749999263
126,2363.9973749999263
125,2367.9973749999263
125,2371.9973749999263
125,2375.9973749999263
125,2379.9973749999263
125,2383.9973749999263
124,2387.9973749999263
124,2391.9973749999263
124,2395.9973749999263
124,2399.9973749999263
124,2403.9973749999263
123,2407.9973749999263
124,2411.9973749999263
124,2415.9973749999263
124,2419.9973749999263
124,2423.9973749999263
124,2427.9973749999263
124,2431.9973749999263
123,2435.9973749999263
123,2439.9973749999263
123,2443.9973749999263
123,2447.9973749999263
123,2451.9973749999263
122,2455.9973749999263
122,2459.9973749999263
122,2463.9973749999263
121,2467.9973749999263
121,2471.9973749999263
121,2475.9973749999263
120,2479.9973749999263
120,2483.9973749999263
120,2487.9973749999263
120,2491.9973749999263
120,2495.9973749999263
119,2499.9973749999263
119,2503.9973749999263
119,2507.9973749999263
119,2511.9973749999263
119,2515.9973749999263
119,2519.9973749999263
119,2523.9973749999263
119,2527.9973749999263
119,2531.9973749999263
119,2535.9973749999263
119,2539.9973749999263
119,2543.9973749999263
119,2547.9973749999263
119,2551.9973749999263
119,2555.9973749999263
118,2559.9973749999263
117,2563.9973749999263
117,2567.9973749999263
117,2571.9973749999263
116,2575.9973749999263
115,2579.9973749999263
115,2583.9973749999263
114,2587.9973749999263
113,2591.9973749999263
112,2595.9973749999263
111,2599.9973749999263
110,2603.9973749999263
108,2607.9973749999263
108,2611.9973749999263
106,2615.9973749999263
105,2619.9973749999263
104,2623.9973749999263
103,2627.9973749999263
102,2631.9973749999263
101,2635.9973749999263
101,2639.9973749999263
101,2643.9973749999263
101,2647.9973749999263
101,2651.9973749999263
101,2655.9973749999263
101,2659.9973749999263
101,2663.9973749999263
101,2667.9973749999263
101,2671.9973749999263
100,2675.9973749999263
101,2679.9973749999263
101,2683.9973749999263
100,2687.9973749999263
101,2691.9973749999263
100,2695.9973749999263
101,2699.9973749999263
101,2703.9973749999263
101,2707.9973749999263
101,2711.9973749999263
101,2715.9973749999263
101,2719.9973749999263
102,2723.9973749999263
103,2727.9973749999263
104,2731.9973749999263
105,2735.9973749999263
106,2739.9973749999263
107,2743.9973749999263
108,2747.9973749999263
110,2751.9973749999263
111,2755.9973749999263
113,2759.9973749999263
114,2763.9973749999263
115,2767.9973749999263
116,2771.9973749999263
117,2775.9973749999263
119,2779.9973749999263
120,2783.9973749999263
121,2787.9973749999263
122,2791.9973749999263
123,2795.9973749999263
124,2799.9973749999263
124,2803.9973749999263
125,2807.9973749999263
127,2811.9973749999263
127,2815.9973749999263
128,2819.9973749999263
128,2823.9973749999263
129,2827.9973749999263
130,2831.9973749999263
130,2835.9973749999263
131,2839.9973749999263
132,2843.9973749999263
132,2847.9973749999263
133,2851.9973749999263
133,2855.9973749999263
134,2859.9973749999263
134,2863.9973749999263
135,2867.9973749999263
136,2871.9973749999263
136,2875.9973749999263
137,2879.9973749999263
138,2883.9973749999263
138,2887.9973749999263
139,2891.9973749999263
140,2895.9973749999263
140,2899.9973749999263
141,2903.9973749999263
141,2907.9973749999263
142,2911.9973749999263
142,2915.9973749999263
143,2919.9973749999263
144,2923.9973749999263
144,2927.9973749999263
144,2931.9973749999263
145,2935.9973749999263
145,2939.9973749999263
146,2943.9973749999263
146,2947.9973749999263
146,2951.9973749999263
146,2955.9973749999263
147,2959.9973749999263
147,2963.9973749999263
147,2967.9973749999263
147,2971.9973749999263
148,2975.9973749999263
148,2979.9973749999263
148,2983.9973749999263
148,2987.9973749999263
148,2991.9973749999263
148,2995.9973749999263
148,2999.9973749999263
148,3003.9973749999263
148,3007.9973749999263
148,3011.9973749999263
148,3015.9973749999263
148,3019.9973749999263
148,3023.9973749999263
148,3027.9973749999263
148,3031.9973749999263
148,3035.9973749999263
148,3039.9973749999263
148,3043.9973749999263
148,3047.9973749999263
148,3051.9973749999263
147,3055.9973749999263
146,3059.9973749999263
146,3063.9973749999263
146,3067.9973749999263
146,3071.9973749999263
145,3075.9973749999263
144,3079.9973749999263
144,3083.9973749999263
143,3087.9973749999263
142,3091.9973749999263
141,3095.9973749999263
140,3099.9973749999263
139,3103.9973749999263
138,3107.9973749999263
137,3111.9973749999263
136,3115.9973749999263
135,3119.9973749999263
133,3123.9973749999263
132,3127.9973749999263
130,3131.9973749999263
129,3135.9973749999263
128,3139.9973749999263
126,3143.9973749999263
125,3147.9973749999263
124,3151.9973749999263
123,3155.9973749999263
122,3159.9973749999263
121,3163.9973749999263
119,3167.9973749999263
118,3171.9973749999263
117,3175.9973749999263
116,3179.9973749999263
115,3183.9973749999263
114,3187.9973749999263
113,3191.9973749999263
113,3195.9973749999263
112,3199.9973749999263
111,3203.9973749999263
111,3207.9973749999263
110,3211.9973749999263
109,3215.9973749999263
108,3219.9973749999263
107,3223.9973749999263
106,3227.9973749999263
105,3231.9973749999263
104,3235.9973749999263
103,3239.9973749999263
102,3243.9973749999263
101,3247.9973749999263
100,3251.9973749999263
99,3255.9973749999263
98,3259.9973749999263
97,3263.9973749999263
96,3267.9973749999263
95,3271.9973749999263
94,3275.9973749999263
94,3279.9973749999263
94,3283.9973749999263
93,3287.9973749999263
93,3291.9973749999263
93,3295.9973749999263
93,3299.9973749999263
93,3303.9973749999263
93,3307.9973749999263
93,3311.9973749999263
93,3315.9973749999263
93,3319.9973749999263
93,3323.9973749999263
93,3327.9973749999263
93,3331.9973749999263
93,3335.9973749999263
93,3339.9973749999263
93,3343.9973749999263
93,3347.9973749999263
93,3351.9973749999263
93,3355.9973749999263
93,3359.9973749999263
93,3363.9973749999263
94,3367.9973749999263
95,3371.9973749999263
96,3375.9973749999263
97,3379.9973749999263
98,3383.9973749999263
99,3387.9973749999263
100,3391.9973749999263
101,3395.9973749999263
103,3399.9973749999263
104,3403.9973749999263
105,3407.9973749999263
106,3411.9973749999263
107,3415.9973749999263
108,3419.9973749999263
109,3423.9973749999263
110,3427.9973749999263
111,3431.9973749999263
111,3435.9973749999263
112,3439.9973749999263
112,3443.9973749999263
113,3447.9973749999263
113,3451.9973749999263
114,3455.9973749999263
114,3459.9973749999263
115,3463.9973749999263
115,3467.9973749999263
116,3471.9973749999263
117,3475.9973749999263
117,3479.9973749999263
118,3483.9973749999263
119,3487.9973749999263
119,3491.9973749999263
121,3495.9973749999263
121,3499.9973749999263
122,3503.9973749999263
123,3507.9973749999263
125,3511.9973749999263
126,3515.9973749999263
127,3519.9973749999263
127,3523.9973749999263
128,3527.9973749999263
129,3531.9973749999263
129,3535.9973749999263
130,3539.9973749999263
130,3543.9973749999263
130,3547.9973749999263
131,3551.9973749999263
131,3555.9973749999263
131,3559.9973749999263
131,3563.9973749999263
131,3567.9973749999263
131,3571.9973749999263
131,3575.9973749999263
131,3579.9973749999263
131,3583.9973749999263
131,3587.9973749999263
131,3591.9973749999263
131,3595.9973749999263
131,3599.9973749999263
131,3603.9973749999263
131,3607.9973749999263
131,3611.9973749999263
131,3615.9973749999263
131,3619.9973749999263
131,3623.9973749999263
131,3627.9973749999263
131,3631.9973749999263
131,3635.9973749999263
131,3639.9973749999263
131,3643.9973749999263
131,3647.9973749999263
131,3651.9973749999263
131,3655.9973749999263
131,3659.9973749999263
131,3663.9973749999263
130,3667.9973749999263
130,3671.9973749999263
130,3675.9973749999263
129,3679.9973749999263
129,3683.9973749999263
128,3687.9973749999263
128,3691.9973749999263
127,3695.9973749999263
127,3699.9973749999263
126,3703.9973749999263
126,3707.9973749999263
125,3711.9973749999263
124,3715.9973749999263
124,3719.9973749999263
124,3723.9973749999263
123,3727.9973749999263
122,3731.9973749999263
122,3735.9973749999263
121,3739.9973749999263
120,3743.9973749999263
120,3747.9973749999263
119,3751.9973749999263
119,3755.9973749999263
118,3759.9973749999263
117,3763.9973749999263
116,3767.9973749999263
115,3771.9973749999263
114,3775.9973749999263
113,3779.9973749999263
112,3783.9973749999263
111,3787.9973749999263
110,3791.9973749999263
109,3795.9973749999263
108,3799.9973749999263
106,3803.9973749999263
105,3807.9973749999263
104,3811.9973749999263
104,3815.9973749999263
103,3819.9973749999263
102,3823.9973749999263
102,3827.9973749999263
101,3831.9973749999263
101,3835.9973749999263
100,3839.9973749999263
100,3843.9973749999263
100,3847.9973749999263
99,3851.9973749999263
99,3855.9973749999263
99,3859.9973749999263
99,3863.9973749999263
99,3867.9973749999263
99,3871.9973749999263
99,3875.9973749999263
99,3879.9973749999263
99,3883.9973749999263
99,3887.9973749999263
99,3891.9973749999263
98,3895.9973749999263
98,3899.9973749999263
98,3903.9973749999263
97,3907.9973749999263
97,3911.9973749999263
97,3915.9973749999263
96,3919.9973749999263
96,3923.9973749999263
96,3927.9973749999263
95,3931.9973749999263
95,3935.9973749999263
95,3939.9973749999263
95,3943.9973749999263
95,3947.9973749999263
95,3951.9973749999263
95,3955.9973749999263
95,3959.9973749999263
95,3963.9973749999263
95,3967.9973749999263
95,3971.9973749999263
95,3975.9973749999263
95,3979.9973749999263
95,3983.9973749999263
95,3987.9973749999263
95,3991.9973749999263
95,3995.9973749999263
95,3999.9973749999263
95,4003.9973749999263
96,4007.9973749999263
96,4011.9973749999263
97,4015.9973749999263
97,4019.9973749999263
97,4023.9973749999263
98,4027.9973749999263
98,4031.9973749999263
99,4035.9973749999263
100,4039.9973749999263
100,4043.9973749999263
101,4047.9973749999263
101,4051.9973749999263
102,4055.9973749999263
103,4059.9973749999263
104,4063.9973749999263
105,4067.9973749999263
106,4071.9973749999263
108,4075.9973749999263
109,4079.9973749999263
110,4083.9973749999263
112,4087.9973749999263
113,4091.9973749999263
115,4095.9973749999263
116,4099.997374999926
118,4103.997374999926
119,4107.997374999926
120,4111.997374999926
122,4115.997374999926
123,4119.997374999926
124,4123.997374999926
125,4127.997374999926
126,4131.997374999926
128,4135.997374999926
129,4139.997374999926
130,4143.997374999926
131,4147.997374999926
132,4151.997374999926
132,4155.997374999926
133,4159.997374999926
133,4163.997374999926
134,4167.997374999926
134,4171.997374999926
134,4175.997374999926
135,4179.997374999926
135,4183.997374999926
135,4187.997374999926
135,4191.997374999926
135,4195.997374999926
135,4199.997374999926
136,4203.997374999926
136,4207.997374999926
136,4211.997374999926
136,4215.997374999926
136,4219.997374999926
136,4223.997374999926
136,4227.997374999926
136,4231.997374999926
136,4235.997374999926
136,4239.997374999926
136,4243.997374999926
136,4247.997374999926
136,4251.997374999926
136,4255.997374999926
136,4259.997374999926
136,4263.997374999926
136,4267.997374999926
136,4271.997374999926
136,4275.997374999926
136,4279.997374999926
135,4283.997374999926
135,4287.997374999926
135,4291.997374999926
135,4295.997374999926
135,4299.997374999926
135,4303.997374999926
135,4307.997374999926
134,4311.997374999926
134,4315.997374999926
134,4319.997374999926
134,4323.997374999926
133,4327.997374999926
133,4331.997374999926
132,4335.997374999926
132,4339.997374999926
132,4343.997374999926
131,4347.997374999926
131,4351.997374999926
130,4355.997374999926
129,4359.997374999926
129,4363.997374999926
128,4367.997374999926
127,4371.997374999926
126,4375.997374999926
125,4379.997374999926
124,4383.997374999926
124,4387.997374999926
123,4391.997374999926
122,4395.997374999926
121,4399.997374999926
120,4403.997374999926
119,4407.997374999926
118,4411.997374999926
117,4415.997374999926
116,4419.997374999926
115,4423.997374999926
114,4427.997374999926
113,4431.997374999926
112,4435.997374999926
111,4439.997374999926
110,4443.997374999926
109,4447.997374999926
109,4451.997374999926
108,4455.997374999926
107,4459.997374999926
106,4463.997374999926
105,4467.997374999926
104,4471.997374999926
103,4475.997374999926
102,4479.997374999926
102,4483.997374999926
101,4487.997374999926
101,4491.997374999926
100,4495.997374999926
100,4499.997374999926
100,4503.997374999926
100,4507.997374999926
99,4511.997374999926
99,4515.997374999926
99,4519.997374999926
99,4523.997374999926
99,4527.997374999926
98,4531.997374999926
98,4535.997374999926
98,4539.997374999926
97,4543.997374999926
97,4547.997374999926
97,4551.997374999926
97,4555.997374999926
97,4559.997374999926
97,4563.997374999926
96,4567.997374999926
96,4571.997374999926
96,4575.997374999926
96,4579.997374999926
96,4583.997374999926
96,4587.997374999926
96,4591.997374999926
96,4595.997374999926
96,4599.997374999926
96,4603.997374999926
96,4607.997374999926
96,4611.997374999926
96,4615.997374999926
96,4619.997374999926
97,4623.997374999926
97,4627.997374999926
98,4631.997374999926
98,4635.997374999926
99,4639.997374999926
99,4643.997374999926
100,4647.997374999926
101,4651.997374999926
101,4655.997374999926
102,4659.997374999926
103,4663.997374999926
103,4667.997374999926
104,4671.997374999926
105,4675.997374999926
106,4679.997374999926
107,4683.997374999926
109,4687.997374999926
110,4691.997374999926
111,4695.997374999926
113,4699.997374999926
114,4703.997374999926
115,4707.997374999926
117,4711.997374999926
119,4715.997374999926
120,4719.997374999926
122,4723.997374999926
123,4727.997374999926
125,4731.997374999926
126,4735.997374999926
127,4739.997374999926
128,4743.997374999926
130,4747.997374999926
130,4751.997374999926
131,4755.997374999926
132,4759.997374999926
132,4763.997374999926
133,4767.997374999926
134,4771.997374999926
134,4775.997374999926
135,4779.997374999926
135,4783.997374999926
136,4787.997374999926
136,4791.997374999926
136,4795.997374999926
136,4799.997374999926
137,4803.997374999926
137,4807.997374999926
137,4811.997374999926
138,4815.997374999926
138,4819.997374999926
138,4823.997374999926
138,4827.997374999926
139,4831.997374999926
139,4835.997374999926
139,4839.997374999926
140,4843.997374999926
140,4847.997374999926
140,4851.997374999926
140,4855.997374999926
140,4859.997374999926
140,4863.997374999926
140,4867.997374999926
140,4871.997374999926
140,4875.997374999926
140,4879.997374999926
140,4883.997374999926
140,4887.997374999926
140,4891.997374999926
140,4895.997374999926
140,4899.997374999926
140,4903.997374999926
140,4907.997374999926
140,4911.997374999926
140,4915.997374999926
140,4919.997374999926
140,4923.997374999926
140,4927.997374999926
139,4931.997374999926
139,4935.997374999926
139,4939.997374999926
139,4943.997374999926
139,4947.997374999926
138,4951.997374999926
138,4955.997374999926
138,4959.997374999926
138,4963.997374999926
137,4967.997374999926
137,4971.997374999926
137,4975.997374999926
137,4979.997374999926
136,4983.997374999926
136,4987.997374999926
135,4991.997374999926
135,4995.997374999926
135,4999.997374999926
134,5003.997374999926
134,5007.997374999926
133,5011.997374999926
133,5015.997374999926
132,5019.997374999926
132,5023.997374999926
131,5027.997374999926
131,5031.997374999926
130,5035.997374999926
130,5039.997374999926
130,5043.997374999926
129,5047.997374999926
129,5051.997374999926
129,5055.997374999926
129,5059.997374999926
128,5063.997374999926
128,5067.997374999926
128,5071.997374999926
128,5075.997374999926
128,5079.997374999926
128,5083.997374999926
128,5087.997374999926
129,5091.997374999926
128,5095.997374999926
128,5099.997374999926
128,5103.997374999926
128,5107.997374999926
128,5111.997374999926
128,5115.997374999926
128,5119.997374999926
128,5123.997374999926
128,5127.997374999926
128,5131.997374999926
128,5135.997374999926
128,5139.997374999926
128,5143.997374999926
128,5147.997374999926
128,5151.997374999926
128,5155.997374999926
128,5159.997374999926
128,5163.997374999926
128,5167.997374999926
128,5171.997374999926
128,5175.997374999926
128,5179.997374999926
128,5183.997374999926
128,5187.997374999926
128,5191.997374999926
127,5195.997374999926
128,5199.997374999926
128,5203.997374999926
128,5207.997374999926
128,5211.997374999926
127,5215.997374999926
128,5219.997374999926
127,5223.997374999926
127,5227.997374999926
127,5231.997374999926
127,5235.997374999926
127,5239.997374999926
127,5243.997374999926
127,5247.997374999926
127,5251.997374999926
127,5255.997374999926
127,5259.997374999926
127,5263.997374999926
127,5267.997374999926
127,5271.997374999926
126,5275.997374999926
126,5279.997374999926
126,5283.997374999926
126,5287.997374999926
126,5291.997374999926
126,5295.997374999926
126,5299.997374999926
126,5303.997374999926
126,5307.997374999926
126,5311.997374999926
126,5315.997374999926
125,5319.997374999926
125,5323.997374999926
125,5327.997374999926
124,5331.997374999926
124,5335.997374999926
124,5339.997374999926
123,5343.997374999926
123,5347.997374999926
122,5351.997374999926
122,5355.997374999926
121,5359.997374999926
121,5363.997374999926
121,5367.997374999926
121,5371.997374999926
120,5375.997374999926
120,5379.997374999926
120,5383.997374999926
120,5387.997374999926
120,5391.997374999926
120,5395.997374999926
119,5399.997374999926
119,5403.997374999926
119,5407.997374999926
119,5411.997374999926
119,5415.997374999926
119,5419.997374999926
119,5423.997374999926
119,5427.997374999926
118,5431.997374999926
118,5435.997374999926
118,5439.997374999926
118,5443.997374999926
117,5447.997374999926
117,5451.997374999926
117,5455.997374999926
117,5459.997374999926
116,5463.997374999926
116,5467.997374999926
116,5471.997374999926
115,5475.997374999926
115,5479.997374999926
115,5483.997374999926
115,5487.997374999926
115,5491.997374999926
115,5495.997374999926
115,5499.997374999926
115,5503.997374999926
115,5507.997374999926
115,5511.997374999926
115,5515.997374999926
115,5519.997374999926
115,5523.997374999926
115,5527.997374999926
115,5531.997374999926
115,5535.997374999926
115,5539.997374999926
115,5543.997374999926
114,5547.997374999926
115,5551.997374999926
115,5555.997374999926
115,5559.997374999926
115,5563.997374999926
115,5567.997374999926
115,5571.997374999926
115,5575.997374999926
115,5579.997374999926
115,5583.997374999926
115,5587.997374999926
115,5591.997374999926
115,5595.997374999926
115,5599.997374999926
115,5603.997374999926
115,5607.997374999926
115,5611.997374999926
115,5615.997374999926
115,5619.997374999926
115,5623.997374999926
115,5627.997374999926
116,5631.997374999926
116,5635.997374999926
116,5639.997374999926
116,5643.997374999926
117,5647.997374999926
117,5651.997374999926
118,5655.997374999926
118,5659.997374999926
119,5663.997374999926
119,5667.997374999926
119,5671.997374999926
120,5675.997374999926
121,5679.997374999926
121,5683.997374999926
121,5687.997374999926
122,5691.997374999926
123,5695.997374999926
123,5699.997374999926
124,5703.997374999926
124,5707.997374999926
125,5711.997374999926
125,5715.997374999926
126,5719.997374999926
126,5723.997374999926
127,5727.997374999926
127,5731.997374999926
127,5735.997374999926
128,5739.997374999926
128,5743.997374999926
129,5747.997374999926
129,5751.997374999926
129,5755.997374999926
129,5759.997374999926
129,5763.997374999926
130,5767.997374999926
130,5771.997374999926
130,5775.997374999926
130,5779.997374999926
130,5783.997374999926
130,5787.997374999926
130,5791.997374999926
130,5795.997374999926
130,5799.997374999926
130,5803.997374999926
130,5807.997374999926
130,5811.997374999926
130,5815.997374999926
130,5819.997374999926
130,5823.997374999926
131,5827.997374999926
130,5831.997374999926
131,5835.997374999926
130,5839.997374999926
131,5843.997374999926
131,5847.997374999926
131,5851.997374999926
131,5855.997374999926
131,5859.997374999926
131,5863.997374999926
131,5867.997374999926
131,5871.997374999926
132,5875.997374999926
132,5879.997374999926
132,5883.997374999926
132,5887.997374999926
132,5891.997374999926
132,5895.997374999926
132,5899.997374999926
133,5903.997374999926
133,5907.997374999926
133,5911.997374999926
133,5915.997374999926
133,5919.997374999926
133,5923.997374999926
133,5927.997374999926
134,5931.997374999926
133,5935.997374999926
134,5939.997374999926
134,5943.997374999926
134,5947.997374999926
134,5951.997374999926
134,5955.997374999926
135,5959.997374999926
135,5963.997374999926
135,5967.997374999926
135,5971.997374999926
135,5975.997374999926
135,5979.997374999926
135,5983.997374999926
135,5987.997374999926
135,5991.997374999926
135,5995.997374999926
135,5999.997374999926
135,6003.997374999926
135,6007.997374999926
135,6011.997374999926
135,6015.997374999926
135,6019.997374999926
135,6023.997374999926
135,6027.997374999926
135,6031.997374999926
135,6035.997374999926
135,6039.997374999926
135,6043.997374999926
135,6047.997374999926
135,6051.997374999926
135,6055.997374999926
135,6059.997374999926
135,6063.997374999926
135,6067.997374999926
135,6071.997374999926
135,6075.997374999926
135,6079.997374999926
135,6083.997374999926
135,6087.997374999926
135,6091.997374999926
135,6095.997374999926
135,6099.997374999926
134,6103.997374999926
134,6107.997374999926
134,6111.997374999926
134,6115.997374999926
134,6119.997374999926
133,6123.997374999926
133,6127.997374999926
132,6131.997374999926
132,6135.997374999926
132,6139.997374999926
131,6143.997374999926
131,6147.997374999926
131,6151.997374999926
130,6155.997374999926
130,6159.997374999926
130,6163.997374999926
129,6167.997374999926
129,6171.997374999926
129,6175.997374999926
128,6179.997374999926
128,6183.997374999926
128,6187.997374999926
128,6191.997374999926
127,6195.997374999926
127,6199.997374999926
127,6203.997374999926
127,6207.997374999926
126,6211.997374999926
126,6215.997374999926
125,6219.997374999926
125,6223.997374999926
125,6227.997374999926
124,6231.997374999926
124,6235.997374999926
123,6239.997374999926
123,6243.997374999926
123,6247.997374999926
122,6251.997374999926
122,6255.997374999926
122,6259.997374999926
121,6263.997374999926
121,6267.997374999926
121,6271.997374999926
121,6275.997374999926
121,6279.997374999926
120,6283.997374999926
120,6287.997374999926
120,6291.997374999926
120,6295.997374999926
120,6299.997374999926
120,6303.997374999926
120,6307.997374999926
120,6311.997374999926
120,6315.997374999926
120,6319.997374999926
120,6323.997374999926
120,6327.997374999926
120,6331.997374999926
120,6335.997374999926
120,6339.997374999926
120,6343.997374999926
120,6347.997374999926
120,6351.997374999926
119,6355.997374999926
119,6359.997374999926
119,6363.997374999926
119,6367.997374999926
118,6371.997374999926
118,6375.997374999926
118,6379.997374999926
118,6383.997374999926
117,6387.997374999926
117,6391.997374999926
117,6395.997374999926
117,6399.997374999926
117,6403.997374999926
116,6407.997374999926
116,6411.997374999926
116,6415.997374999926
116,6419.997374999926
116,6423.997374999926
115,6427.997374999926
115,6431.997374999926
115,6435.997374999926
115,6439.997374999926
115,6443.997374999926
114,6447.997374999926
114,6451.997374999926
114,6455.997374999926
114,6459.997374999926
113,6463.997374999926
113,6467.997374999926
113,6471.997374999926
113,6475.997374999926
113,6479.997374999926
113,6483.997374999926
113,6487.997374999926
113,6491.997374999926
113,6495.997374999926
112,6499.997374999926
113,6503.997374999926
113,6507.997374999926
113,6511.997374999926
113,6515.997374999926
113,6519.997374999926
113,6523.997374999926
112,6527.997374999926
113,6531.997374999926
112,6535.997374999926
112,6539.997374999926
112,6543.997374999926
112,6547.997374999926
112,6551.997374999926
112,6555.997374999926
112,6559.997374999926
111,6563.997374999926
111,6567.997374999926
111,6571.997374999926
111,6575.997374999926
111,6579.997374999926
111,6583.997374999926
110,6587.997374999926
110,6591.997374999926
110,6595.997374999926
110,6599.997374999926
110,6603.997374999926
109,6607.997374999926
110,6611.997374999926
109,6615.997374999926
109,6619.997374999926
109,6623.997374999926
109,6627.997374999926
109,6631.997374999926
109,6635.997374999926
109,6639.997374999926
108,6643.997374999926
108,6647.997374999926
108,6651.997374999926
108,6655.997374999926
107,6659.997374999926
107,6663.997374999926
107,6667.997374999926
107,6671.997374999926
106,6675.997374999926
106,6679.997374999926
106,6683.997374999926
105,6687.997374999926
105,6691.997374999926
105,6695.997374999926
105,6699.997374999926
104,6703.997374999926
104,6707.997374999926
104,6711.997374999926
104,6715.997374999926
103,6719.997374999926
103,6723.997374999926
103,6727.997374999926
103,6731.997374999926
103,6735.997374999926
103,6739.997374999926
103,6743.997374999926
102,6747.997374999926
102,6751.997374999926
102,6755.997374999926
102,6759.997374999926
102,6763.997374999926
102,6767.997374999926
102,6771.997374999926
102,6775.997374999926
102,6779.997374999926
102,6783.997374999926
102,6787.997374999926
102,6791.997374999926
102,6795.997374999926
102,6799.997374999926
102,6803.997374999926
102,6807.997374999926
102,6811.997374999926
102,6815.997374999926
102,6819.997374999926
102,6823.997374999926
102,6827.997374999926
102,6831.997374999926
102,6835.997374999926
101,6839.997374999926
102,6843.997374999926
101,6847.997374999926
101,6851.997374999926
101,6855.997374999926
101,6859.997374999926
101,6863.997374999926
101,6867.997374999926
101,6871.997374999926
101,6875.997374999926
101,6879.997374999926
101,6883.997374999926
101,6887.997374999926
101,6891.997374999926
101,6895.997374999926
101,6899.997374999926
101,6903.997374999926
101,6907.997374999926
101,6911.997374999926
101,6915.997374999926
102,6919.997374999926
101,6923.997374999926
101,6927.997374999926
101,6931.997374999926
101,6935.997374999926
102,6939.997374999926
102,6943.997374999926
102,6947.997374999926
103,6951.997374999926
103,6955.997374999926
104,6959.997374999926
104,6963.997374999926
105,6967.997374999926
105,6971.997374999926
106,6975.997374999926
106,6979.997374999926
107,6983.997374999926
107,6987.997374999926
108,6991.997374999926
108,6995.997374999926
109,6999.997374999926
109,7003.997374999926
110,7007.997374999926
110,7011.997374999926
111,7015.997374999926
111,7019.997374999926
112,7023.997374999926
112,7027.997374999926
113,7031.997374999926
113,7035.997374999926
113,7039.997374999926
114,7043.997374999926
114,7047.997374999926
114,7051.997374999926
115,7055.997374999926
115,7059.997374999926
116,7063.997374999926
116,7067.997374999926
116,7071.997374999926
117,7075.997374999926
117,7079.997374999926
117,7083.997374999926
117,7087.997374999926
118,7091.997374999926
118,7095.997374999926
118,7099.997374999926
118,7103.997374999926
118,7107.997374999926
118,7111.997374999926
118,7115.997374999926
119,7119.997374999926
119,7123.997374999926
118,7127.997374999926
119,7131.997374999926
119,7135.997374999926
119,7139.997374999926
119,7143.997374999926
119,7147.997374999926
119,7151.997374999926
119,7155.997374999926
119,7159.997374999926
119,7163.997374999926
119,7167.997374999926
119,7171.997374999926
119,7175.997374999926
119,7179.997374999926
119,7183.997374999926
118,7187.997374999926
119,7191.997374999926
119,7195.997374999926
118,7199.997374999926
119,7203.997374999926
119,7207.997374999926
119,7211.997374999926
119,7215.997374999926
118,7219.997374999926
118,7223.997374999926
118,7227.997374999926
118,7231.997374999926
117,7235.997374999926
117,7239.997374999926
117,7243.997374999926
117,7247.997374999926
117,7251.997374999926
117,7255.997374999926
116,7259.997374999926
116,7263.997374999926
116,7267.997374999926
116,7271.997374999926
116,7275.997374999926
115,7279.997374999926
115,7283.997374999926
114,7287.997374999926
114,7291.997374999926
114,7295.997374999926
114,7299.997374999926
113,7303.997374999926
113,7307.997374999926
113,7311.997374999926
113,7315.997374999926
112,7319.997374999926
112,7323.997374999926
112,7327.997374999926
112,7331.997374999926
112,7335.997374999926
111,7339.997374999926
111,7343.997374999926
111,7347.997374999926
111,7351.997374999926
111,7355.997374999926
111,7359.997374999926
111,7363.997374999926
111,7367.997374999926
111,7371.997374999926
111,7375.997374999926
111,7379.997374999926
110,7383.997374999926
111,7387.997374999926
111,7391.997374999926
111,7395.997374999926
111,7399.997374999926
111,7403.997374999926
111,7407.997374999926
111,7411.997374999926
110,7415.997374999926
110,7419.997374999926
111,7423.997374999926
110,7427.997374999926
110,7431.997374999926
110,7435.997374999926
110,7439.997374999926
110,7443.997374999926
110,7447.997374999926
110,7451.997374999926
110,7455.997374999926
110,7459.997374999926
110,7463.997374999926
110,7467.997374999926
109,7471.997374999926
109,7475.997374999926
109,7479.997374999926
109,7483.997374999926
109,7487.997374999926
109,7491.997374999926
108,7495.997374999926
108,7499.997374999926
108,7503.997374999926
108,7507.997374999926
107,7511.997374999926
107,7515.997374999926
107,7519.997374999926
106,7523.997374999926
106,7527.997374999926
105,7531.997374999926
105,7535.997374999926
104,7539.997374999926
104,7543.997374999926
104,7547.997374999926
103,7551.997374999926
103,7555.997374999926
102,7559.997374999926
102,7563.997374999926
102,7567.997374999926
101,7571.997374999926
101,7575.997374999926
101,7579.997374999926
101,7583.997374999926
100,7587.997374999926
100,7591.997374999926
100,7595.997374999926
100,7599.997374999926
100,7603.997374999926
99,7607.997374999926
99,7611.997374999926
99,7615.997374999926
99,7619.997374999926
99,7623.997374999926
99,7627.997374999926
99,7631.997374999926
99,7635.997374999926
99,7639.997374999926
99,7643.997374999926
99,7647.997374999926
99,7651.997374999926
99,7655.997374999926
99,7659.997374999926
99,7663.997374999926
99,7667.997374999926
99,7671.997374999926
99,7675.997374999926
99,7679.997374999926
99,7683.997374999926
99,7687.997374999926
99,7691.997374999926
99,7695.997374999926
99,7699.997374999926
99,7703.997374999926
99,7707.997374999926
99,7711.997374999926
99,7715.997374999926
99,7719.997374999926
99,7723.997374999926
99,7727.997374999926
99,7731.997374999926
99,7735.997374999926
99,7739.997374999926
99,7743.997374999926
100,7747.997374999926
100,7751.997374999926
100,7755.997374999926
100,7759.997374999926
100,7763.997374999926
101,7767.997374999926
101,7771.997374999926
102,7775.997374999926
103,7779.997374999926
103,7783.997374999926
104,7787.997374999926
105,7791.997374999926
106,7795.997374999926
107,7799.997374999926
107,7803.997374999926
108,7807.997374999926
109,7811.997374999926
109,7815.997374999926
110,7819.997374999926
110,7823.997374999926
111,7827.997374999926
111,7831.997374999926
111,7835.997374999926
111,7839.997374999926
111,7843.997374999926
111,7847.997374999926
111,7851.997374999926
111,7855.997374999926
111,7859.997374999926
111,7863.997374999926
111,7867.997374999926
111,7871.997374999926
111,7875.997374999926
111,7879.997374999926
111,7883.997374999926
112,7887.997374999926
112,7891.997374999926
112,7895.997374999926
112,7899.997374999926
113,7903.997374999926
113,7907.997374999926
113,7911.997374999926
113,7915.997374999926
113,7919.997374999926
113,7923.997374999926
113,7927.997374999926
114,7931.997374999926
114,7935.997374999926
114,7939.997374999926
114,7943.997374999926
114,7947.997374999926
114,7951.997374999926
114,7955.997374999926
114,7959.997374999926
114,7963.997374999926
114,7967.997374999926
114,7971.997374999926
115,7975.997374999926
115,7979.997374999926
115,7983.997374999926
116,7987.997374999926
116,7991.997374999926
117,7995.997374999926
117,7999.997374999926
117,8003.997374999926
118,8007.997374999926
118,8011.997374999926
119,8015.997374999926
119,8019.997374999926
120,8023.997374999926
120,8027.997374999926
120,8031.997374999926
121,8035.997374999926
121,8039.997374999926
121,8043.997374999926
122,8047.997374999926
122,8051.997374999926
123,8055.997374999926
122,8059.997374999926
123,8063.997374999926
123,8067.997374999926
123,8071.997374999926
124,8075.997374999926
124,8079.997374999926
124,8083.997374999926
125,8087.997374999926
125,8091.997374999926
125,8095.997374999926
126,8099.997374999926
126,8103.997374999926
126,8107.997374999926
126,8111.997374999926
126,8115.997374999926
127,8119.997374999926
127,8123.997374999926
127,8127.997374999926
127,8131.997374999926
127,8135.997374999926
127,8139.997374999926
127,8143.997374999926
127,8147.997374999926
127,8151.997374999926
127,8155.997374999926
127,8159.997374999926
127,8163.997374999926
127,8167.997374999926
127,8171.997374999926
127,8175.997374999926
127,8179.997374999926
127,8183.997374999926
127,8187.997374999926
127,8191.997374999926
127,8195.997374999926
127,8199.997374999926
127,8203.997374999926
127,8207.997374999926
127,8211.997374999926
127,8215.997374999926
127,8219.997374999926
127,8223.997374999926
127,8227.997374999926
127,8231.997374999926
127,8235.997374999926
127,8239.997374999926
127,8243.997374999926
127,8247.997374999926
127,8251.997374999926
127,8255.997374999926
127,8259.997374999926
126,8263.997374999926
126,8267.997374999926
126,8271.997374999926
126,8275.997374999926
125,8279.997374999926
125,8283.997374999926
125,8287.997374999926
124,8291.997374999926
124,8295.997374999926
123,8299.997374999926
123,8303.997374999926
122,8307.997374999926
122,8311.997374999926
122,8315.997374999926
121,8319.997374999926
121,8323.997374999926
121,8327.997374999926
120,8331.997374999926
120,8335.997374999926
120,8339.997374999926
120,8343.997374999926
120,8347.997374999926
119,8351.997374999926
119,8355.997374999926
119,8359.997374999926
119,8363.997374999926
119,8367.997374999926
118,8371.997374999926
118,8375.997374999926
118,8379.997374999926
118,8383.997374999926
117,8387.997374999926
117,8391.997374999926
116,8395.997374999926
116,8399.997374999926
115,8403.997374999926
115,8407.997374999926
114,8411.997374999926
114,8415.997374999926
114,8419.997374999926
113,8423.997374999926
113,8427.997374999926
113,8431.997374999926
113,8435.997374999926
112,8439.997374999926
112,8443.997374999926
112,8447.997374999926
112,8451.997374999926
111,8455.997374999926
111,8459.997374999926
111,8463.997374999926
111,8467.997374999926
110,8471.997374999926
111,8475.997374999926
110,8479.997374999926
110,8483.997374999926
110,8487.997374999926
110,8491.997374999926
110,8495.997374999926
110,8499.997374999926
109,8503.997374999926
109,8507.997374999926
109,8511.997374999926
109,8515.997374999926
108,8519.997374999926
109,8523.997374999926
108,8527.997374999926
109,8531.997374999926
109,8535.997374999926
108,8539.997374999926
108,8543.997374999926
108,8547.997374999926
109,8551.997374999926
108,8555.997374999926
108,8559.997374999926
108,8563.997374999926
108,8567.997374999926
108,8571.997374999926
109,8575.997374999926
109,8579.997374999926
108,8583.997374999926
109,8587.997374999926
109,8591.997374999926
109,8595.997374999926
108,8599.997374999926
109,8603.997374999926
109,8607.997374999926
109,8611.997374999926
109,8615.997374999926
109,8619.997374999926
109,8623.997374999926
109,8627.997374999926
109,8631.997374999926
109,8635.997374999926
110,8639.997374999926
110,8643.997374999926
110,8647.997374999926
111,8651.997374999926
111,8655.997374999926
111,8659.997374999926
112,8663.997374999926
112,8667.997374999926
113,8671.997374999926
113,8675.997374999926
113,8679.997374999926
114,8683.997374999926
115,8687.997374999926
116,8691.997374999926
116,8695.997374999926
117,8699.997374999926
117,8703.997374999926
118,8707.997374999926
119,8711.997374999926
119,8715.997374999926
120,8719.997374999926
120,8723.997374999926
121,8727.997374999926
121,8731.997374999926
121,8735.997374999926
121,8739.997374999926
122,8743.997374999926
122,8747.997374999926
122,8751.997374999926
122,8755.997374999926
121,8759.997374999926
122,8763.997374999926
122,8767.997374999926
121,8771.997374999926
122,8775.997374999926
121,8779.997374999926
122,8783.997374999926
121,8787.997374999926
121,8791.997374999926
121,8795.997374999926
121,8799.997374999926
121,8803.997374999926
121,8807.997374999926
121,8811.997374999926
121,8815.997374999926
120,8819.997374999926
120,8823.997374999926
120,8827.997374999926
120,8831.997374999926
119,8835.997374999926
119,8839.997374999926
118,8843.997374999926
118,8847.997374999926
118,8851.997374999926
117,8855.997374999926
117,8859.997374999926
116,8863.997374999926
116,8867.997374999926
116,8871.997374999926
115,8875.997374999926
114,8879.997374999926
114,8883.997374999926
114,8887.997374999926
113,8891.997374999926
113,8895.997374999926
112,8899.997374999926
112,8903.997374999926
112,8907.997374999926
111,8911.997374999926
111,8915.997374999926
111,8919.997374999926
110,8923.997374999926
110,8927.997374999926
110,8931.997374999926
110,8935.997374999926
109,8939.997374999926
109,8943.997374999926
109,8947.997374999926
109,8951.997374999926
109,8955.997374999926
108,8959.997374999926
108,8963.997374999926
108,8967.997374999926
107,8971.997374999926
107,8975.997374999926
106,8979.997374999926
106,8983.997374999926
106,8987.997374999926
105,8991.997374999926
105,8995.997374999926
105,8999.997374999926
105,9003.997374999926
105,9007.997374999926
105,9011.997374999926
104,9015.997374999926
104,9019.997374999926
104,9023.997374999926
104,9027.997374999926
104,9031.997374999926
104,9035.997374999926
104,9039.997374999926
104,9043.997374999926
104,9047.997374999926
103,9051.997374999926
103,9055.997374999926
103,9059.997374999926
103,9063.997374999926
103,9067.997374999926
102,9071.997374999926
102,9075.997374999926
102,9079.997374999926
102,9083.997374999926
101,9087.997374999926
101,9091.997374999926
101,9095.997374999926
101,9099.997374999926
100,9103.997374999926
100,9107.997374999926
100,9111.997374999926
100,9115.997374999926
100,9119.997374999926
99,9123.997374999926
99,9127.997374999926
99,9131.997374999926
98,9135.997374999926
98,9139.997374999926
98,9143.997374999926
97,9147.997374999926
96,9151.997374999926
95,9155.997374999926
94,9159.997374999926
93,9163.997374999926
92,9167.997374999926
91,9171.997374999926
91,9175.997374999926
90,9179.997374999926
89,9183.997374999926
89,9187.997374999926
88,9191.997374999926
88,9195.997374999926
87,9199.997374999926
86,9203.997374999926
85,9207.997374999926
85,9211.997374999926
85,9215.997374999926
85,9219.997374999926
85,9223.997374999926
85,9227.997374999926
85,9231.997374999926
85,9235.997374999926
85,9239.997374999926
85,9243.997374999926
85,9247.997374999926
85,9251.997374999926
85,9255.997374999926
85,9259.997374999926
85,9263.997374999926
85,9267.997374999926
85,9271.997374999926
85,9275.997374999926
85,9279.997374999926
85,9283.997374999926
85,9287.997374999926
85,9291.997374999926
85,9295.997374999926
85,9299.997374999926
85,9303.997374999926
85,9307.997374999926
84,9311.997374999926
85,9315.997374999926
85,9319.997374999926
85,9323.997374999926
85,9327.997374999926
85,9331.997374999926
85,9335.997374999926
85,9339.997374999926
85,9343.997374999926
85,9347.997374999926
85,9351.997374999926
85,9355.997374999926
85,9359.997374999926
85,9363.997374999926
85,9367.997374999926
85,9371.997374999926
85,9375.997374999926
85,9379.997374999926
85,9383.997374999926
85,9387.997374999926
85,9391.997374999926
85,9395.997374999926
85,9399.997374999926
85,9403.997374999926
85,9407.997374999926
85,9411.997374999926
85,9415.997374999926
85,9419.997374999926
85,9423.997374999926
86,9427.997374999926
87,9431.997374999926
88,9435.997374999926
88,9439.997374999926
88,9443.997374999926
89,9447.997374999926
90,9451.997374999926
91,9455.997374999926
91,9459.997374999926
92,9463.997374999926
92,9467.997374999926
93,9471.997374999926
93,9475.997374999926
94,9479.997374999926
95,9483.997374999926
96,9487.997374999926
96,9491.997374999926
97,9495.997374999926
98,9499.997374999926
98,9503.997374999926
98,9507.997374999926
99,9511.997374999926
99,9515.997374999926
100,9519.997374999926
100,9523.997374999926
100,9527.997374999926
101,9531.997374999926
101,9535.997374999926
102,9539.997374999926
103,9543.997374999926
103,9547.997374999926
103,9551.997374999926
104,9555.997374999926
105,9559.997374999926
106,9563.997374999926
106,9567.997374999926
107,9571.997374999926
107,9575.997374999926
108,9579.997374999926
108,9583.997374999926
108,9587.997374999926
109,9591.997374999926
109,9595.997374999926
109,9599.997374999926
109,9603.997374999926
109,9607.997374999926
110,9611.997374999926
110,9615.997374999926
110,9619.997374999926
110,9623.997374999926
110,9627.997374999926
110,9631.997374999926
110,9635.997374999926
110,9639.997374999926
110,9643.997374999926
111,9647.997374999926
111,9651.997374999926
111,9655.997374999926
112,9659.997374999926
112,9663.997374999926
113,9667.997374999926
113,9671.997374999926
114,9675.997374999926
115,9679.997374999926
115,9683.997374999926
116,9687.997374999926
116,9691.997374999926
117,9695.997374999926
117,9699.997374999926
117,9703.997374999926
118,9707.997374999926
117,9711.997374999926
118,9715.997374999926
118,9719.997374999926
118,9723.997374999926
118,9727.997374999926
118,9731.997374999926
118,9735.997374999926
118,9739.997374999926
118,9743.997374999926
118,9747.997374999926
118,9751.997374999926
118,9755.997374999926
118,9759.997374999926
118,9763.997374999926
118,9767.997374999926
118,9771.997374999926
118,9775.997374999926
118,9779.997374999926
118,9783.997374999926
118,9787.997374999926
118,9791.997374999926
118,9795.997374999926
118,9799.997374999926
118,9803.997374999926
118,9807.997374999926
118,9811.997374999926
117,9815.997374999926
117,9819.997374999926
116,9823.997374999926
116,9827.997374999926
115,9831.997374999926
114,9835.997374999926
113,9839.997374999926
112,9843.997374999926
112,9847.997374999926
111,9851.997374999926
110,9855.997374999926
109,9859.997374999926
109,9863.997374999926
108,9867.997374999926
107,9871.997374999926
106,9875.997374999926
106,9879.997374999926
105,9883.997374999926
104,9887.997374999926
103,9891.997374999926
103,9895.997374999926
102,9899.997374999926
102,9903.997374999926
102,9907.997374999926
101,9911.997374999926
101,9915.997374999926
101,9919.997374999926
101,9923.997374999926
101,9927.997374999926
101,9931.997374999926
101,9935.997374999926
101,9939.997374999926
101,9943.997374999926
101,9947.997374999926
100,9951.997374999926
101,9955.997374999926
101,9959.997374999926
101,9963.997374999926
101,9967.997374999926
101,9971.997374999926
101,9975.997374999926
101,9979.997374999926
101,9983.997374999926
100,9987.997374999926
101,9991.997374999926
101,9995.997374999926
101,9999.997374999926
101,10003.997374999926
100,10007.997374999926
101,10011.997374999926
101,10015.997374999926
101,10019.997374999926
101,10023.997374999926
101,10027.997374999926
102,10031.997374999926
102,10035.997374999926
103,10039.997374999926
104,10043.997374999926
104,10047.997374999926
105,10051.997374999926
106,10055.997374999926
107,10059.997374999926
107,10063.997374999926
108,10067.997374999926
109,10071.997374999926
110,10075.997374999926
111,10079.997374999926
111,10083.997374999926
112,10087.997374999926
112,10091.997374999926
113,10095.997374999926
113,10099.997374999926
113,10103.997374999926
114,10107.997374999926
114,10111.997374999926
114,10115.997374999926
114,10119.997374999926
114,10123.997374999926
115,10127.997374999926
115,10131.997374999926
115,10135.997374999926
115,10139.997374999926
116,10143.997374999926
116,10147.997374999926
116,10151.997374999926
117,10155.997374999926
117,10159.997374999926
117,10163.997374999926
117,10167.997374999926
117,10171.997374999926
117,10175.997374999926
117,10179.997374999926
117,10183.997374999926
117,10187.997374999926
117,10191.997374999926
117,10195.997374999926
117,10199.997374999926
117,10203.997374999926
117,10207.997374999926
117,10211.997374999926
117,10215.997374999926
117,10219.997374999926
116,10223.997374999926
116,10227.997374999926
116,10231.997374999926
116,10235.997374999926
115,10239.997374999926
115,10243.997374999926
115,10247.997374999926
114,10251.997374999926
113,10255.997374999926
113,10259.997374999926
112,10263.997374999926
112,10267.997374999926
112,10271.997374999926
111,10275.997374999926
111,10279.997374999926
110,10283.997374999926
110,10287.997374999926
110,10291.997374999926
109,10295.997374999926
109,10299.997374999926
108,10303.997374999926
108,10307.997374999926
108,10311.997374999926
108,10315.997374999926
108,10319.997374999926
108,10323.997374999926
108,10327.997374999926
108,10331.997374999926
108,10335.997374999926
108,10339.997374999926
108,10343.997374999926
108,10347.997374999926
108,10351.997374999926
108,10355.997374999926
108,10359.997374999926
108,10363.997374999926
108,10367.997374999926
108,10371.997374999926
108,10375.997374999926
108,10379.997374999926
107,10383.997374999926
107,10387.997374999926
107,10391.997374999926
106,10395.997374999926
106,10399.997374999926
106,10403.997374999926
105,10407.997374999926
105,10411.997374999926
105,10415.997374999926
104,10419.997374999926
104,10423.997374999926
104,10427.997374999926
104,10431.997374999926
104,10435.997374999926
104,10439.997374999926
104,10443.997374999926
104,10447.997374999926
104,10451.997374999926
104,10455.997374999926
104,10459.997374999926
104,10463.997374999926
104,10467.997374999926
104,10471.997374999926
104,10475.997374999926
103,10479.997374999926
104,10483.997374999926
104,10487.997374999926
104,10491.997374999926
104,10495.997374999926
104,10499.997374999926
104,10503.997374999926
104,10507.997374999926
104,10511.997374999926
104,10515.997374999926
104,10519.997374999926
104,10523.997374999926
104,10527.997374999926
103,10531.997374999926
104,10535.997374999926
104,10539.997374999926
104,10543.997374999926
104,10547.997374999926
103,10551.997374999926
104,10555.997374999926
104,10559.997374999926
103,10563.997374999926
104,10567.997374999926
103,10571.997374999926
104,10575.997374999926
104,10579.997374999926
104,10583.997374999926
105,10587.997374999926
105,10591.997374999926
106,10595.997374999926
107,10599.997374999926
108,10603.997374999926
108,10607.997374999926
109,10611.997374999926
110,10615.997374999926
111,10619.997374999926
111,10623.997374999926
112,10627.997374999926
113,10631.997374999926
113,10635.997374999926
113,10639.997374999926
114,10643.997374999926
114,10647.997374999926
114,10651.997374999926
114,10655.997374999926
114,10659.997374999926
114,10663.997374999926
114,10667.997374999926
114,10671.997374999926
114,10675.997374999926
114,10679.997374999926
114,10683.997374999926
115,10687.997374999926
115,10691.997374999926
115,10695.997374999926
115,10699.997374999926
115,10703.997374999926
115,10707.997374999926
116,10711.997374999926
116,10715.997374999926
116,10719.997374999926
117,10723.997374999926
117,10727.997374999926
117,10731.997374999926
117,10735.997374999926
117,10739.997374999926
117,10743.997374999926
117,10747.997374999926
117,10751.997374999926
117,10755.997374999926
117,10759.997374999926
117,10763.997374999926
117,10767.997374999926
117,10771.997374999926
117,10775.997374999926
117,10779.997374999926
117,10783.997374999926
117,10787.997374999926
117,10791.997374999926
117,10795.997374999926
117,10799.997374999926
117,10803.997374999926
117,10807.997374999926
117,10811.997374999926
117,10815.997374999926
117,10819.997374999926
117,10823.997374999926
117,10827.997374999926
117,10831.997374999926
117,10835.997374999926
117,10839.997374999926
117,10843.997374999926
117,10847.997374999926
116,10851.997374999926
116,10855.997374999926
115,10859.997374999926
114,10863.997374999926
113,10867.997374999926
112,10871.997374999926
111,10875.997374999926
110,10879.997374999926
110,10883.997374999926
109,10887.997374999926
108,10891.997374999926
107,10895.997374999926
106,10899.997374999926
105,10903.997374999926
104,10907.997374999926
104,10911.997374999926
103,10915.997374999926
102,10919.997374999926
101,10923.997374999926
101,10927.997374999926
101,10931.997374999926
101,10935.997374999926
101,10939.997374999926
101,10943.997374999926
101,10947.997374999926
101,10951.997374999926
101,10955.997374999926
101,10959.997374999926
101,10963.997374999926
100,10967.997374999926
100,10971.997374999926
100,10975.997374999926
100,10979.997374999926
101,10983.997374999926
100,10987.997374999926
101,10991.997374999926
100,10995.997374999926
101,10999.997374999926
101,11003.997374999926
101,11007.997374999926
100,11011.997374999926
101,11015.997374999926
100,11019.997374999926
100,11023.997374999926
100,11027.997374999926
101,11031.997374999926
101,11035.997374999926
101,11039.997374999926
101,11043.997374999926
101,11047.997374999926
101,11051.997374999926
101,11055.997374999926
101,11059.997374999926
102,11063.997374999926
102,11067.997374999926
102,11071.997374999926
102,11075.997374999926
102,11079.997374999926
103,11083.997374999926
103,11087.997374999926
103,11091.997374999926
103,11095.997374999926
103,11099.997374999926
104,11103.997374999926
104,11107.997374999926
105,11111.997374999926
105,11115.997374999926
106,11119.997374999926
106,11123.997374999926
107,11127.997374999926
108,11131.997374999926
108,11135.997374999926
109,11139.997374999926
110,11143.997374999926
111,11147.997374999926
111,11151.997374999926
112,11155.997374999926
113,11159.997374999926
114,11163.997374999926
115,11167.997374999926
115,11171.997374999926
115,11175.997374999926
116,11179.997374999926
117,11183.997374999926
118,11187.997374999926
118,11191.997374999926
118,11195.997374999926
119,11199.997374999926
119,11203.997374999926
120,11207.997374999926
120,11211.997374999926
120,11215.997374999926
120,11219.997374999926
121,11223.997374999926
121,11227.997374999926
121,11231.997374999926
122,11235.997374999926
122,11239.997374999926
122,11243.997374999926
122,11247.997374999926
123,11251.997374999926
123,11255.997374999926
123,11259.997374999926
124,11263.997374999926
124,11267.997374999926
125,11271.997374999926
125,11275.997374999926
125,11279.997374999926
126,11283.997374999926
126,11287.997374999926
127,11291.997374999926
127,11295.997374999926
127,11299.997374999926
128,11303.997374999926
128,11307.997374999926
129,11311.997374999926
130,11315.997374999926
130,11319.997374999926
130,11323.997374999926
131,11327.997374999926
131,11331.997374999926
132,11335.997374999926
132,11339.997374999926
132,11343.997374999926
132,11347.997374999926
132,11351.997374999926
133,11355.997374999926
133,11359.997374999926
133,11363.997374999926
133,11367.997374999926
133,11371.997374999926
133,11375.997374999926
133,11379.997374999926
133,11383.997374999926
133,11387.997374999926
133,11391.997374999926
133,11395.997374999926
133,11399.997374999926
133,11403.997374999926
133,11407.997374999926
133,11411.997374999926
133,11415.997374999926
133,11419.997374999926
133,11423.997374999926
133,11427.997374999926
133,11431.997374999926
133,11435.997374999926
133,11439.997374999926
133,11443.997374999926
133,11447.997374999926
133,11451.997374999926
133,11455.997374999926
134,11459.997374999926
134,11463.997374999926
134,11467.997374999926
134,11471.997374999926
134,11475.997374999926
134,11479.997374999926
135,11483.997374999926
135,11487.997374999926
135,11491.997374999926
135,11495.997374999926
135,11499.997374999926
135,11503.997374999926
135,11507.997374999926
135,11511.997374999926
135,11515.997374999926
135,11519.997374999926
135,11523.997374999926
136,11527.997374999926
136,11531.997374999926
135,11535.997374999926
136,11539.997374999926
135,11543.997374999926
135,11547.997374999926
135,11551.997374999926
136,11555.997374999926
136,11559.997374999926
136,11563.997374999926
136,11567.997374999926
136,11571.997374999926
136,11575.997374999926
137,11579.997374999926
137,11583.997374999926
137,11587.997374999926
137,11591.997374999926
137,11595.997374999926
137,11599.997374999926
137,11603.997374999926
137,11607.997374999926
137,11611.997374999926
137,11615.997374999926
137,11619.997374999926
137,11623.997374999926
137,11627.997374999926
137,11631.997374999926
137,11635.997374999926
137,11639.997374999926
137,11643.997374999926
137,11647.997374999926
137,11651.997374999926
137,11655.997374999926
136,11659.997374999926
136,11663.997374999926
136,11667.997374999926
136,11671.997374999926
136,11675.997374999926
136,11679.997374999926
136,11683.997374999926
136,11687.997374999926
136,11691.997374999926
135,11695.997374999926
135,11699.997374999926
135,11703.997374999926
134,11707.997374999926
134,11711.997374999926
133,11715.997374999926
133,11719.997374999926
132,11723.997374999926
132,11727.997374999926
131,11731.997374999926
131,11735.997374999926
130,11739.997374999926
130,11743.997374999926
129,11747.997374999926
129,11751.997374999926
129,11755.997374999926
128,11759.997374999926
128,11763.997374999926
128,11767.997374999926
128,11771.997374999926
127,11775.997374999926
127,11779.997374999926
127,11783.997374999926
127,11787.997374999926
128,11791.997374999926
127,11795.997374999926
127,11799.997374999926
127,11803.997374999926
127,11807.997374999926
127,11811.997374999926
126,11815.997374999926
126,11819.997374999926
126,11823.997374999926
126,11827.997374999926
125,11831.997374999926
125,11835.997374999926
125,11839.997374999926
125,11843.997374999926
125,11847.997374999926
124,11851.997374999926
124,11855.997374999926
124,11859.997374999926
124,11863.997374999926
123,11867.997374999926
123,11871.997374999926
123,11875.997374999926
123,11879.997374999926
123,11883.997374999926
122,11887.997374999926
122,11891.997374999926
122,11895.997374999926
121,11899.997374999926
121,11903.997374999926
120,11907.997374999926
120,11911.997374999926
120,11915.997374999926
119,11919.997374999926
119,11923.997374999926
118,11927.997374999926
118,11931.997374999926
117,11935.997374999926
117,11939.997374999926
117,11943.997374999926
116,11947.997374999926
116,11951.997374999926
116,11955.997374999926
115,11959.997374999926
115,11963.997374999926
114,11967.997374999926
114,11971.997374999926
113,11975.997374999926
113,11979.997374999926
112,11983.997374999926
112,11987.997374999926
111,11991.997374999926
110,11995.997374999926
109,11999.997374999926
109,12003.997374999926
108,12007.997374999926
107,12011.997374999926
106,12015.997374999926
105,12019.997374999926
104,12023.997374999926
103,12027.997374999926
103,12031.997374999926
102,12035.997374999926
101,12039.997374999926
100,12043.997374999926
100,12047.997374999926
100,12051.997374999926
99,12055.997374999926
99,12059.997374999926
98,12063.997374999926
98,12067.997374999926
99,12071.997374999926
99,12075.997374999926
98,12079.997374999926
98,12083.997374999926
99,12087.997374999926
98,12091.997374999926
99,12095.997374999926
98,12099.997374999926
99,12103.997374999926
98,12107.997374999926
99,12111.997374999926
99,12115.997374999926
99,12119.997374999926
99,12123.997374999926
99,12127.997374999926
99,12131.997374999926
99,12135.997374999926
99,12139.997374999926
99,12143.997374999926
99,12147.997374999926
99,12151.997374999926
100,12155.997374999926
100,12159.997374999926
100,12163.997374999926
101,12167.997374999926
102,12171.997374999926
103,12175.997374999926
104,12179.997374999926
105,12183.997374999926
106,12187.997374999926
107,12191.997374999926
108,12195.997374999926
110,12199.997374999926
111,12203.997374999926
113,12207.997374999926
114,12211.997374999926
116,12215.997374999926
117,12219.997374999926
119,12223.997374999926
120,12227.997374999926
121,12231.997374999926
123,12235.997374999926
124,12239.997374999926
125,12243.997374999926
126,12247.997374999926
127,12251.997374999926
127,12255.997374999926
128,12259.997374999926
128,12263.997374999926
129,12267.997374999926
129,12271.997374999926
129,12275.997374999926
129,12279.997374999926
129,12283.997374999926
129,12287.997374999926
129,12291.997374999926
130,12295.997374999926
130,12299.997374999926
131,12303.997374999926
131,12307.997374999926
131,12311.997374999926
132,12315.997374999926
132,12319.997374999926
132,12323.997374999926
132,12327.997374999926
132,12331.997374999926
133,12335.997374999926
133,12339.997374999926
134,12343.997374999926
134,12347.997374999926
135,12351.997374999926
135,12355.997374999926
135,12359.997374999926
136,12363.997374999926
136,12367.997374999926
137,12371.997374999926
137,12375.997374999926
138,12379.997374999926
138,12383.997374999926
138,12387.997374999926
139,12391.997374999926
139,12395.997374999926
140,12399.997374999926
140,12403.997374999926
140,12407.997374999926
140,12411.997374999926
141,12415.997374999926
141,12419.997374999926
141,12423.997374999926
141,12427.997374999926
141,12431.997374999926
141,12435.997374999926
141,12439.997374999926
141,12443.997374999926
141,12447.997374999926
141,12451.997374999926
141,12455.997374999926
140,12459.997374999926
140,12463.997374999926
139,12467.997374999926
138,12471.997374999926
137,12475.997374999926
136,12479.997374999926
135,12483.997374999926
134,12487.997374999926
133,12491.997374999926
132,12495.997374999926
130,12499.997374999926
129,12503.997374999926
128,12507.997374999926
127,12511.997374999926
126,12515.997374999926
125,12519.997374999926
124,12523.997374999926
123,12527.997374999926
122,12531.997374999926
121,12535.997374999926
120,12539.997374999926
120,12543.997374999926
119,12547.997374999926
118,12551.997374999926
117,12555.997374999926
117,12559.997374999926
116,12563.997374999926
115,12567.997374999926
114,12571.997374999926
113,12575.997374999926
113,12579.997374999926
112,12583.997374999926
112,12587.997374999926
111,12591.997374999926
111,12595.997374999926
110,12599.997374999926
110,12603.997374999926
109,12607.997374999926
109,12611.997374999926
109,12615.997374999926
109,12619.997374999926
109,12623.997374999926
109,12627.997374999926
108,12631.997374999926
108,12635.997374999926
108,12639.997374999926
107,12643.997374999926
107,12647.997374999926
106,12651.997374999926
106,12655.997374999926
105,12659.997374999926
104,12663.997374999926
104,12667.997374999926
103,12671.997374999926
103,12675.997374999926
102,12679.997374999926
101,12683.997374999926
101,12687.997374999926
101,12691.997374999926
100,12695.997374999926
100,12699.997374999926
100,12703.997374999926
99,12707.997374999926
99,12711.997374999926
99,12715.997374999926
98,12719.997374999926
98,12723.997374999926
97,12727.997374999926
96,12731.997374999926
95,12735.997374999926
95,12739.997374999926
94,12743.997374999926
93,12747.997374999926
92,12751.997374999926
91,12755.997374999926
90,12759.997374999926
89,12763.997374999926
89,12767.997374999926
88,12771.997374999926
88,12775.997374999926
87,12779.997374999926
87,12783.997374999926
87,12787.997374999926
87,12791.997374999926
87,12795.997374999926
87,12799.997374999926
87,12803.997374999926
87,12807.997374999926
87,12811.997374999926
87,12815.997374999926
87,12819.997374999926
87,12823.997374999926
87,12827.997374999926
87,12831.997374999926
87,12835.997374999926
87,12839.997374999926
87,12843.997374999926
87,12847.997374999926
87,12851.997374999926
87,12855.997374999926
87,12859.997374999926
87,12863.997374999926
87,12867.997374999926
87,12871.997374999926
87,12875.997374999926
87,12879.997374999926
87,12883.997374999926
87,12887.997374999926
88,12891.997374999926
88,12895.997374999926
89,12899.997374999926
90,12903.997374999926
91,12907.997374999926
93,12911.997374999926
94,12915.997374999926
96,12919.997374999926
98,12923.997374999926
100,12927.997374999926
102,12931.997374999926
104,12935.997374999926
107,12939.997374999926
110,12943.997374999926
112,12947.997374999926
114,12951.997374999926
115,12955.997374999926
116,12959.997374999926
117,12963.997374999926
118,12967.997374999926
118,12971.997374999926
118,12975.997374999926
118,12979.997374999926
119,12983.997374999926
119,12987.997374999926
119,12991.997374999926
120,12995.997374999926
120,12999.997374999926
120,13003.997374999926
121,13007.997374999926
121,13011.997374999926
122,13015.997374999926
122,13019.997374999926
123,13023.997374999926
123,13027.997374999926
124,13031.997374999926
125,13035.997374999926
125,13039.997374999926
126,13043.997374999926
127,13047.997374999926
128,13051.997374999926
128,13055.997374999926
130,13059.997374999926
130,13063.997374999926
131,13067.997374999926
132,13071.997374999926
133,13075.997374999926
134,13079.997374999926
134,13083.997374999926
135,13087.997374999926
135,13091.997374999926
136,13095.997374999926
136,13099.997374999926
137,13103.997374999926
137,13107.997374999926
137,13111.997374999926
138,13115.997374999926
138,13119.997374999926
138,13123.997374999926
138,13127.997374999926
138,13131.997374999926
139,13135.997374999926
139,13139.997374999926
139,13143.997374999926
139,13147.997374999926
139,13151.997374999926
139,13155.997374999926
140,13159.997374999926
139,13163.997374999926
140,13167.997374999926
140,13171.997374999926
140,13175.997374999926
140,13179.997374999926
139,13183.997374999926
139,13187.997374999926
140,13191.997374999926
140,13195.997374999926
139,13199.997374999926
140,13203.997374999926
139,13207.997374999926
140,13211.997374999926
139,13215.997374999926
140,13219.997374999926
139,13223.997374999926
139,13227.997374999926
139,13231.997374999926
139,13235.997374999926
139,13239.997374999926
138,13243.997374999926
138,13247.997374999926
137,13251.997374999926
136,13255.997374999926
135,13259.997374999926
134,13263.997374999926
133,13267.997374999926
132,13271.997374999926
131,13275.997374999926
129,13279.997374999926
128,13283.997374999926
