0.0006249998768907972,7168.000624999877
value,time
0,3.9972079998733534
0,7.997207999873353
0,11.997207999873353
0,15.997207999873353
0,19.997207999873353
0,23.997207999873353
0,27.997207999873353
0,31.997207999873353
0,35.99720799987335
0,39.99720799987335
0,43.99720799987335
0,47.99720799987335
0,51.99720799987335
0,55.99720799987335
0,59.99720799987335
0,63.99720799987335
0,67.99720799987335
0,71.99720799987335
0,75.99720799987335
0,79.99720799987335
0,83.99720799987335
0,87.99720799987335
0,91.99720799987335
0,95.99720799987335
0,99.99720799987335
0,103.99720799987335
0,107.99720799987335
0,111.99720799987335
0,115.99720799987335
0,119.99720799987335
0,123.99720799987335
0,127.99720799987335
0,131.99720799987335
0,135.99720799987335
0,139.99720799987335
0,143.99720799987335
0,147.99720799987335
0,151.99720799987335
0,155.99720799987335
0,159.99720799987335
0,163.99720799987335
0,167.99720799987335
0,171.99720799987335
0,175.99720799987335
0,179.99720799987335
0,183.99720799987335
0,187.99720799987335
0,191.99720799987335
0,195.99720799987335
0,199.99720799987335
0,203.99720799987335
0,207.99720799987335
0,211.99720799987335
0,215.99720799987335
0,219.99720799987335
0,223.99720799987335
0,227.99720799987335
0,231.99720799987335
0,235.99720799987335
0,239.99720799987335
0,243.99720799987335
0,247.99720799987335
0,251.99720799987335
0,255.99720799987335
0,259.99720799987335
0,263.99720799987335
0,267.99720799987335
0,271.99720799987335
0,275.99720799987335
0,279.99720799987335
0,283.99720799987335
0,287.99720799987335
0,291.99720799987335
0,295.99720799987335
0,299.99720799987335
0,303.99720799987335
0,307.99720799987335
0,311.99720799987335
0,315.99720799987335
0,319.99720799987335
0,323.99720799987335
0,327.99720799987335
0,331.99720799987335
0,335.99720799987335
0,339.99720799987335
0,343.99720799987335
0,347.99720799987335
0,351.99720799987335
0,355.99720799987335
0,359.99720799987335
0,363.99720799987335
0,367.99720799987335
0,371.99720799987335
0,375.99720799987335
0,379.99720799987335
0,383.99720799987335
0,387.99720799987335
0,391.99720799987335
0,395.99720799987335
0,399.99720799987335
0,403.99720799987335
0,407.99720799987335
0,411.99720799987335
0,415.99720799987335
0,419.99720799987335
0,423.99720799987335
0,427.99720799987335
0,431.99720799987335
0,435.99720799987335
0,439.99720799987335
0,443.99720799987335
0,447.99720799987335
0,451.99720799987335
0,455.99720799987335
0,459.99720799987335
0,463.99720799987335
0,467.99720799987335
0,471.99720799987335
0,475.99720799987335
0,479.99720799987335
0,483.99720799987335
0,487.99720799987335
0,491.99720799987335
0,495.99720799987335
0,499.99720799987335
0,503.99720799987335
0,507.99720799987335
0,511.99720799987335
0,515.9972079998734
0,519.9972079998734
0,523.9972079998734
0,527.9972079998734
0,531.9972079998734
0,535.9972079998734
0,539.9972079998734
0,543.9972079998734
0,547.9972079998734
0,551.9972079998734
0,555.9972079998734
0,559.9972079998734
0,563.9972079998734
0,567.9972079998734
0,571.9972079998734
0,575.9972079998734
0,579.9972079998734
0,583.9972079998734
0,587.9972079998734
0,591.9972079998734
0,595.9972079998734
0,599.9972079998734
0,603.9972079998734
0,607.9972079998734
0,611.9972079998734
0,615.9972079998734
0,619.9972079998734
0,623.9972079998734
0,627.9972079998734
0,631.9972079998734
0,635.9972079998734
0,639.9972079998734
0,643.9972079998734
0,647.9972079998734
0,651.9972079998734
0,655.9972079998734
0,659.9972079998734
0,663.9972079998734
0,667.9972079998734
0,671.9972079998734
0,675.9972079998734
0,679.9972079998734
0,683.9972079998734
0,687.9972079998734
0,691.9972079998734
0,695.9972079998734
0,699.9972079998734
0,703.9972079998734
0,707.9972079998734
0,711.9972079998734
0,715.9972079998734
0,719.9972079998734
0,723.9972079998734
0,727.9972079998734
0,731.9972079998734
0,735.9972079998734
0,739.9972079998734
0,743.9972079998734
0,747.9972079998734
0,751.9972079998734
0,755.9972079998734
0,759.9972079998734
0,763.9972079998734
0,767.9972079998734
0,771.9972079998734
0,775.9972079998734
0,779.9972079998734
0,783.9972079998734
0,787.9972079998734
0,791.9972079998734
0,795.9972079998734
0,799.9972079998734
0,803.9972079998734
0,807.9972079998734
0,811.9972079998734
0,815.9972079998734
0,819.9972079998734
0,823.9972079998734
0,827.9972079998734
0,831.9972079998734
0,835.9972079998734
0,839.9972079998734
0,843.9972079998734
0,847.9972079998734
0,851.9972079998734
0,855.9972079998734
0,859.9972079998734
0,863.9972079998734
0,867.9972079998734
0,871.9972079998734
0,875.9972079998734
0,879.9972079998734
0,883.9972079998734
0,887.9972079998734
0,891.9972079998734
0,895.9972079998734
0,899.9972079998734
0,903.9972079998734
0,907.9972079998734
0,911.9972079998734
0,915.9972079998734
0,919.9972079998734
0,923.9972079998734
0,927.9972079998734
0,931.9972079998734
0,935.9972079998734
0,939.9972079998734
0,943.9972079998734
0,947.9972079998734
0,951.9972079998734
0,955.9972079998734
0,959.9972079998734
0,963.9972079998734
0,967.9972079998734
0,971.9972079998734
1,975.9972079998734
1,979.9972079998734
1,983.9972079998734
1,987.9972079998734
1,991.9972079998734
1,995.9972079998734
1,999.9972079998734
1,1003.9972079998734
1,1007.9972079998734
1,1011.9972079998734
2,1015.9972079998734
1,1019.9972079998734
1,1023.9972079998734
2,1027.9972079998734
1,1031.9972079998734
2,1035.9972079998734
2,1039.9972079998734
2,1043.9972079998734
2,1047.9972079998734
2,1051.9972079998734
2,1055.9972079998734
2,1059.9972079998734
2,1063.9972079998734
2,1067.9972079998734
2,1071.9972079998734
2,1075.9972079998734
3,1079.9972079998734
3,1083.9972079998734
3,1087.9972079998734
3,1091.9972079998734
3,1095.9972079998734
3,1099.9972079998734
3,1103.9972079998734
3,1107.9972079998734
4,1111.9972079998734
4,1115.9972079998734
4,1119.9972079998734
4,1123.9972079998734
4,1127.9972079998734
4,1131.9972079998734
4,1135.9972079998734
4,1139.9972079998734
4,1143.9972079998734
4,1147.9972079998734
4,1151.9972079998734
4,1155.9972079998734
4,1159.9972079998734
4,1163.9972079998734
4,1167.9972079998734
4,1171.9972079998734
4,1175.9972079998734
4,1179.9972079998734
4,1183.9972079998734
4,1187.9972079998734
4,1191.9972079998734
4,1195.9972079998734
4,1199.9972079998734
4,1203.9972079998734
4,1207.9972079998734
4,1211.9972079998734
4,1215.9972079998734
5,1219.9972079998734
5,1223.9972079998734
6,1227.9972079998734
6,1231.9972079998734
6,1235.9972079998734
7,1239.9972079998734
7,1243.9972079998734
8,1247.9972079998734
9,1251.9972079998734
10,1255.9972079998734
11,1259.9972079998734
12,1263.9972079998734
13,1267.9972079998734
14,1271.9972079998734
15,1275.9972079998734
17,1279.9972079998734
19,1283.9972079998734
20,1287.9972079998734
22,1291.9972079998734
24,1295.9972079998734
26,1299.9972079998734
28,1303.9972079998734
30,1307.9972079998734
32,1311.9972079998734
34,1315.9972079998734
36,1319.9972079998734
38,1323.9972079998734
40,1327.9972079998734
42,1331.9972079998734
45,1335.9972079998734
47,1339.9972079998734
48,1343.9972079998734
50,1347.9972079998734
53,1351.9972079998734
54,1355.9972079998734
56,1359.9972079998734
58,1363.9972079998734
59,1367.9972079998734
61,1371.9972079998734
62,1375.9972079998734
63,1379.9972079998734
65,1383.9972079998734
66,1387.9972079998734
67,1391.9972079998734
68,1395.9972079998734
69,1399.9972079998734
70,1403.9972079998734
71,1407.9972079998734
71,1411.9972079998734
72,1415.9972079998734
73,1419.9972079998734
73,1423.9972079998734
74,1427.9972079998734
74,1431.9972079998734
74,1435.9972079998734
75,1439.9972079998734
75,1443.9972079998734
75,1447.9972079998734
75,1451.9972079998734
75,1455.9972079998734
75,1459.9972079998734
75,1463.9972079998734
75,1467.9972079998734
75,1471.9972079998734
75,1475.9972079998734
75,1479.9972079998734
75,1483.9972079998734
75,1487.9972079998734
75,1491.9972079998734
75,1495.9972079998734
75,1499.9972079998734
75,1503.9972079998734
75,1507.9972079998734
75,1511.9972079998734
75,1515.9972079998734
75,1519.9972079998734
75,1523.9972079998734
75,1527.9972079998734
75,1531.9972079998734
75,1535.9972079998734
75,1539.9972079998734
75,1543.9972079998734
75,1547.9972079998734
75,1551.9972079998734
75,1555.9972079998734
75,1559.9972079998734
75,1563.9972079998734
75,1567.9972079998734
75,1571.9972079998734
75,1575.9972079998734
75,1579.9972079998734
75,1583.9972079998734
75,1587.9972079998734
75,1591.9972079998734
75,1595.9972079998734
75,1599.9972079998734
74,1603.9972079998734
74,1607.9972079998734
73,1611.9972079998734
73,1615.9972079998734
73,1619.9972079998734
72,1623.9972079998734
72,1627.9972079998734
71,1631.9972079998734
70,1635.9972079998734
70,1639.9972079998734
68,1643.9972079998734
68,1647.9972079998734
67,1651.9972079998734
67,1655.9972079998734
66,1659.9972079998734
65,1663.9972079998734
64,1667.9972079998734
63,1671.9972079998734
63,1675.9972079998734
62,1679.9972079998734
61,1683.9972079998734
61,1687.9972079998734
60,1691.9972079998734
60,1695.9972079998734
59,1699.9972079998734
58,1703.9972079998734
58,1707.9972079998734
57,1711.9972079998734
57,1715.9972079998734
56,1719.9972079998734
56,1723.9972079998734
56,1727.9972079998734
55,1731.9972079998734
55,1735.9972079998734
55,1739.9972079998734
54,1743.9972079998734
54,1747.9972079998734
54,1751.9972079998734
53,1755.9972079998734
53,1759.9972079998734
53,1763.9972079998734
52,1767.9972079998734
52,1771.9972079998734
52,1775.9972079998734
52,1779.9972079998734
51,1783.9972079998734
52,1787.9972079998734
51,1791.9972079998734
51,1795.9972079998734
51,1799.9972079998734
51,1803.9972079998734
51,1807.9972079998734
51,1811.9972079998734
51,1815.9972079998734
51,1819.9972079998734
51,1823.9972079998734
51,1827.9972079998734
51,1831.9972079998734
51,1835.9972079998734
51,1839.9972079998734
51,1843.9972079998734
51,1847.9972079998734
51,1851.9972079998734
51,1855.9972079998734
50,1859.9972079998734
50,1863.9972079998734
50,1867.9972079998734
50,1871.9972079998734
50,1875.9972079998734
49,1879.9972079998734
49,1883.9972079998734
49,1887.9972079998734
49,1891.9972079998734
49,1895.9972079998734
48,1899.9972079998734
48,1903.9972079998734
48,1907.9972079998734
48,1911.9972079998734
48,1915.9972079998734
48,1919.9972079998734
48,1923.9972079998734
48,1927.9972079998734
47,1931.9972079998734
47,1935.9972079998734
48,1939.9972079998734
47,1943.9972079998734
47,1947.9972079998734
47,1951.9972079998734
48,1955.9972079998734
47,1959.9972079998734
48,1963.9972079998734
48,1967.9972079998734
48,1971.9972079998734
48,1975.9972079998734
48,1979.9972079998734
47,1983.9972079998734
47,1987.9972079998734
47,1991.9972079998734
47,1995.9972079998734
48,1999.9972079998734
47,2003.9972079998734
47,2007.9972079998734
47,2011.9972079998734
47,2015.9972079998734
47,2019.9972079998734
47,2023.9972079998734
47,2027.9972079998734
47,2031.9972079998734
47,2035.9972079998734
47,2039.9972079998734
47,2043.9972079998734
47,2047.9972079998734
47,2051.9972079998734
47,2055.9972079998734
46,2059.9972079998734
46,2063.9972079998734
46,2067.9972079998734
46,2071.9972079998734
46,2075.9972079998734
46,2079.9972079998734
46,2083.9972079998734
46,2087.9972079998734
46,2091.9972079998734
46,2095.9972079998734
46,2099.9972079998734
46,2103.9972079998734
46,2107.9972079998734
46,2111.9972079998734
46,2115.9972079998734
46,2119.9972079998734
45,2123.9972079998734
45,2127.9972079998734
45,2131.9972079998734
45,2135.9972079998734
45,2139.9972079998734
44,2143.9972079998734
44,2147.9972079998734
44,2151.9972079998734
44,2155.9972079998734
44,2159.9972079998734
44,2163.9972079998734
44,2167.9972079998734
43,2171.9972079998734
43,2175.9972079998734
43,2179.9972079998734
43,2183.9972079998734
42,2187.9972079998734
42,2191.9972079998734
42,2195.9972079998734
42,2199.9972079998734
41,2203.9972079998734
41,2207.9972079998734
41,2211.9972079998734
41,2215.9972079998734
41,2219.9972079998734
41,2223.9972079998734
41,2227.9972079998734
40,2231.9972079998734
40,2235.9972079998734
40,2239.9972079998734
40,2243.9972079998734
40,2247.9972079998734
40,2251.9972079998734
40,2255.9972079998734
40,2259.9972079998734
39,2263.9972079998734
40,2267.9972079998734
39,2271.9972079998734
39,2275.9972079998734
39,2279.9972079998734
39,2283.9972079998734
39,2287.9972079998734
39,2291.9972079998734
39,2295.9972079998734
39,2299.9972079998734
39,2303.9972079998734
39,2307.9972079998734
39,2311.9972079998734
39,2315.9972079998734
39,2319.9972079998734
39,2323.9972079998734
39,2327.9972079998734
40,2331.9972079998734
39,2335.9972079998734
39,2339.9972079998734
39,2343.9972079998734
39,2347.9972079998734
39,2351.9972079998734
39,2355.9972079998734
39,2359.9972079998734
39,2363.9972079998734
40,2367.9972079998734
39,2371.9972079998734
39,2375.9972079998734
39,2379.9972079998734
39,2383.9972079998734
39,2387.9972079998734
39,2391.9972079998734
39,2395.9972079998734
39,2399.9972079998734
39,2403.9972079998734
39,2407.9972079998734
39,2411.9972079998734
39,2415.9972079998734
39,2419.9972079998734
39,2423.9972079998734
39,2427.9972079998734
39,2431.9972079998734
39,2435.9972079998734
39,2439.9972079998734
39,2443.9972079998734
39,2447.9972079998734
39,2451.9972079998734
39,2455.9972079998734
39,2459.9972079998734
38,2463.9972079998734
38,2467.9972079998734
38,2471.9972079998734
38,2475.9972079998734
38,2479.9972079998734
38,2483.9972079998734
38,2487.9972079998734
38,2491.9972079998734
37,2495.9972079998734
37,2499.9972079998734
37,2503.9972079998734
37,2507.9972079998734
37,2511.9972079998734
37,2515.9972079998734
37,2519.9972079998734
36,2523.9972079998734
36,2527.9972079998734
36,2531.9972079998734
36,2535.9972079998734
36,2539.9972079998734
36,2543.9972079998734
36,2547.9972079998734
36,2551.9972079998734
35,2555.9972079998734
35,2559.9972079998734
35,2563.9972079998734
36,2567.9972079998734
35,2571.9972079998734
35,2575.9972079998734
35,2579.9972079998734
35,2583.9972079998734
35,2587.9972079998734
35,2591.9972079998734
35,2595.9972079998734
35,2599.9972079998734
35,2603.9972079998734
35,2607.9972079998734
35,2611.9972079998734
35,2615.9972079998734
35,2619.9972079998734
35,2623.9972079998734
35,2627.9972079998734
35,2631.9972079998734
35,2635.9972079998734
35,2639.9972079998734
35,2643.9972079998734
35,2647.9972079998734
35,2651.9972079998734
35,2655.9972079998734
35,2659.9972079998734
35,2663.9972079998734
35,2667.9972079998734
35,2671.9972079998734
35,2675.9972079998734
35,2679.9972079998734
35,2683.9972079998734
35,2687.9972079998734
35,2691.9972079998734
35,2695.9972079998734
35,2699.9972079998734
35,2703.9972079998734
35,2707.9972079998734
35,2711.9972079998734
35,2715.9972079998734
35,2719.9972079998734
35,2723.9972079998734
35,2727.9972079998734
35,2731.9972079998734
35,2735.9972079998734
35,2739.9972079998734
35,2743.9972079998734
35,2747.9972079998734
35,2751.9972079998734
35,2755.9972079998734
35,2759.9972079998734
35,2763.9972079998734
35,2767.9972079998734
35,2771.9972079998734
35,2775.9972079998734
35,2779.9972079998734
35,2783.9972079998734
35,2787.9972079998734
35,2791.9972079998734
35,2795.9972079998734
35,2799.9972079998734
35,2803.9972079998734
35,2807.9972079998734
35,2811.9972079998734
35,2815.9972079998734
35,2819.9972079998734
35,2823.9972079998734
35,2827.9972079998734
35,2831.9972079998734
35,2835.9972079998734
35,2839.9972079998734
35,2843.9972079998734
35,2847.9972079998734
35,2851.9972079998734
35,2855.9972079998734
35,2859.9972079998734
35,2863.9972079998734
35,2867.9972079998734
35,2871.9972079998734
35,2875.9972079998734
35,2879.9972079998734
35,2883.9972079998734
35,2887.9972079998734
35,2891.9972079998734
35,2895.9972079998734
35,2899.9972079998734
35,2903.9972079998734
35,2907.9972079998734
35,2911.9972079998734
35,2915.9972079998734
35,2919.9972079998734
35,2923.9972079998734
35,2927.9972079998734
35,2931.9972079998734
35,2935.9972079998734
35,2939.9972079998734
35,2943.9972079998734
35,2947.9972079998734
35,2951.9972079998734
35,2955.9972079998734
35,2959.9972079998734
35,2963.9972079998734
35,2967.9972079998734
35,2971.9972079998734
35,2975.9972079998734
35,2979.9972079998734
35,2983.9972079998734
35,2987.9972079998734
35,2991.9972079998734
35,2995.9972079998734
35,2999.9972079998734
35,3003.9972079998734
35,3007.9972079998734
35,3011.9972079998734
35,3015.9972079998734
35,3019.9972079998734
35,3023.9972079998734
35,3027.9972079998734
35,3031.9972079998734
35,3035.9972079998734
35,3039.9972079998734
36,3043.9972079998734
35,3047.9972079998734
35,3051.9972079998734
35,3055.9972079998734
35,3059.9972079998734
35,3063.9972079998734
35,3067.9972079998734
35,3071.9972079998734
35,3075.9972079998734
35,3079.9972079998734
35,3083.9972079998734
35,3087.9972079998734
35,3091.9972079998734
35,3095.9972079998734
35,3099.9972079998734
35,3103.9972079998734
35,3107.9972079998734
35,3111.9972079998734
35,3115.9972079998734
35,3119.9972079998734
35,3123.9972079998734
35,3127.9972079998734
35,3131.9972079998734
35,3135.9972079998734
35,3139.9972079998734
35,3143.9972079998734
35,3147.9972079998734
35,3151.9972079998734
35,3155.9972079998734
35,3159.9972079998734
35,3163.9972079998734
35,3167.9972079998734
35,3171.9972079998734
35,3175.9972079998734
35,3179.9972079998734
35,3183.9972079998734
35,3187.9972079998734
35,3191.9972079998734
35,3195.9972079998734
35,3199.9972079998734
35,3203.9972079998734
35,3207.9972079998734
35,3211.9972079998734
35,3215.9972079998734
35,3219.9972079998734
35,3223.9972079998734
35,3227.9972079998734
35,3231.9972079998734
35,3235.9972079998734
35,3239.9972079998734
35,3243.9972079998734
35,3247.9972079998734
35,3251.9972079998734
35,3255.9972079998734
35,3259.9972079998734
35,3263.9972079998734
35,3267.9972079998734
35,3271.9972079998734
35,3275.9972079998734
35,3279.9972079998734
35,3283.9972079998734
35,3287.9972079998734
35,3291.9972079998734
35,3295.9972079998734
35,3299.9972079998734
35,3303.9972079998734
35,3307.9972079998734
35,3311.9972079998734
35,3315.9972079998734
35,3319.9972079998734
35,3323.9972079998734
35,3327.9972079998734
35,3331.9972079998734
35,3335.9972079998734
35,3339.9972079998734
35,3343.9972079998734
35,3347.9972079998734
35,3351.9972079998734
35,3355.9972079998734
35,3359.9972079998734
35,3363.9972079998734
35,3367.9972079998734
35,3371.9972079998734
35,3375.9972079998734
35,3379.9972079998734
35,3383.9972079998734
35,3387.9972079998734
35,3391.9972079998734
35,3395.9972079998734
35,3399.9972079998734
35,3403.9972079998734
35,3407.9972079998734
35,3411.9972079998734
35,3415.9972079998734
35,3419.9972079998734
35,3423.9972079998734
35,3427.9972079998734
35,3431.9972079998734
35,3435.9972079998734
35,3439.9972079998734
35,3443.9972079998734
35,3447.9972079998734
35,3451.9972079998734
35,3455.9972079998734
35,3459.9972079998734
35,3463.9972079998734
35,3467.9972079998734
35,3471.9972079998734
35,3475.9972079998734
35,3479.9972079998734
35,3483.9972079998734
35,3487.9972079998734
36,3491.9972079998734
35,3495.9972079998734
35,3499.9972079998734
35,3503.9972079998734
35,3507.9972079998734
35,3511.9972079998734
35,3515.9972079998734
35,3519.9972079998734
35,3523.9972079998734
35,3527.9972079998734
35,3531.9972079998734
35,3535.9972079998734
35,3539.9972079998734
35,3543.9972079998734
35,3547.9972079998734
35,3551.9972079998734
35,3555.9972079998734
35,3559.9972079998734
35,3563.9972079998734
35,3567.9972079998734
35,3571.9972079998734
35,3575.9972079998734
35,3579.9972079998734
35,3583.9972079998734
35,3587.9972079998734
35,3591.9972079998734
35,3595.9972079998734
35,3599.9972079998734
35,3603.9972079998734
35,3607.9972079998734
35,3611.9972079998734
35,3615.9972079998734
35,3619.9972079998734
35,3623.9972079998734
35,3627.9972079998734
35,3631.9972079998734
35,3635.9972079998734
35,3639.9972079998734
35,3643.9972079998734
35,3647.9972079998734
35,3651.9972079998734
35,3655.9972079998734
35,3659.9972079998734
35,3663.9972079998734
35,3667.9972079998734
35,3671.9972079998734
35,3675.9972079998734
35,3679.9972079998734
35,3683.9972079998734
35,3687.9972079998734
35,3691.9972079998734
35,3695.9972079998734
35,3699.9972079998734
35,3703.9972079998734
35,3707.9972079998734
35,3711.9972079998734
36,3715.9972079998734
35,3719.9972079998734
35,3723.9972079998734
35,3727.9972079998734
35,3731.9972079998734
35,3735.9972079998734
35,3739.9972079998734
35,3743.9972079998734
36,3747.9972079998734
36,3751.9972079998734
36,3755.9972079998734
36,3759.9972079998734
37,3763.9972079998734
37,3767.9972079998734
37,3771.9972079998734
37,3775.9972079998734
38,3779.9972079998734
38,3783.9972079998734
38,3787.9972079998734
39,3791.9972079998734
39,3795.9972079998734
39,3799.9972079998734
39,3803.9972079998734
40,3807.9972079998734
40,3811.9972079998734
40,3815.9972079998734
40,3819.9972079998734
41,3823.9972079998734
41,3827.9972079998734
41,3831.9972079998734
41,3835.9972079998734
41,3839.9972079998734
41,3843.9972079998734
41,3847.9972079998734
41,3851.9972079998734
42,3855.9972079998734
42,3859.9972079998734
42,3863.9972079998734
42,3867.9972079998734
42,3871.9972079998734
42,3875.9972079998734
42,3879.9972079998734
42,3883.9972079998734
42,3887.9972079998734
42,3891.9972079998734
42,3895.9972079998734
42,3899.9972079998734
42,3903.9972079998734
42,3907.9972079998734
42,3911.9972079998734
42,3915.9972079998734
42,3919.9972079998734
42,3923.9972079998734
42,3927.9972079998734
42,3931.9972079998734
42,3935.9972079998734
42,3939.9972079998734
42,3943.9972079998734
42,3947.9972079998734
43,3951.9972079998734
43,3955.9972079998734
44,3959.9972079998734
44,3963.9972079998734
44,3967.9972079998734
44,3971.9972079998734
44,3975.9972079998734
45,3979.9972079998734
46,3983.9972079998734
46,3987.9972079998734
46,3991.9972079998734
47,3995.9972079998734
47,3999.9972079998734
48,4003.9972079998734
48,4007.9972079998734
49,4011.9972079998734
49,4015.9972079998734
49,4019.9972079998734
50,4023.9972079998734
50,4027.9972079998734
50,4031.9972079998734
51,4035.9972079998734
51,4039.9972079998734
52,4043.9972079998734
52,4047.9972079998734
52,4051.9972079998734
52,4055.9972079998734
52,4059.9972079998734
53,4063.9972079998734
53,4067.9972079998734
53,4071.9972079998734
53,4075.9972079998734
53,4079.9972079998734
53,4083.9972079998734
53,4087.9972079998734
53,4091.9972079998734
53,4095.9972079998734
53,4099.997207999873
53,4103.997207999873
53,4107.997207999873
53,4111.997207999873
53,4115.997207999873
53,4119.997207999873
53,4123.997207999873
53,4127.997207999873
53,4131.997207999873
53,4135.997207999873
53,4139.997207999873
53,4143.997207999873
53,4147.997207999873
53,4151.997207999873
53,4155.997207999873
53,4159.997207999873
53,4163.997207999873
53,4167.997207999873
53,4171.997207999873
53,4175.997207999873
53,4179.997207999873
53,4183.997207999873
53,4187.997207999873
53,4191.997207999873
53,4195.997207999873
53,4199.997207999873
53,4203.997207999873
53,4207.997207999873
53,4211.997207999873
53,4215.997207999873
53,4219.997207999873
53,4223.997207999873
53,4227.997207999873
53,4231.997207999873
53,4235.997207999873
53,4239.997207999873
53,4243.997207999873
54,4247.997207999873
54,4251.997207999873
54,4255.997207999873
54,4259.997207999873
54,4263.997207999873
54,4267.997207999873
54,4271.997207999873
54,4275.997207999873
54,4279.997207999873
54,4283.997207999873
55,4287.997207999873
55,4291.997207999873
55,4295.997207999873
55,4299.997207999873
55,4303.997207999873
55,4307.997207999873
55,4311.997207999873
56,4315.997207999873
56,4319.997207999873
56,4323.997207999873
56,4327.997207999873
56,4331.997207999873
56,4335.997207999873
56,4339.997207999873
56,4343.997207999873
56,4347.997207999873
57,4351.997207999873
56,4355.997207999873
57,4359.997207999873
57,4363.997207999873
56,4367.997207999873
57,4371.997207999873
57,4375.997207999873
57,4379.997207999873
57,4383.997207999873
57,4387.997207999873
57,4391.997207999873
57,4395.997207999873
57,4399.997207999873
57,4403.997207999873
57,4407.997207999873
57,4411.997207999873
57,4415.997207999873
57,4419.997207999873
56,4423.997207999873
57,4427.997207999873
57,4431.997207999873
57,4435.997207999873
57,4439.997207999873
57,4443.997207999873
57,4447.997207999873
56,4451.997207999873
57,4455.997207999873
57,4459.997207999873
57,4463.997207999873
57,4467.997207999873
56,4471.997207999873
56,4475.997207999873
56,4479.997207999873
56,4483.997207999873
56,4487.997207999873
55,4491.997207999873
54,4495.997207999873
54,4499.997207999873
54,4503.997207999873
53,4507.997207999873
53,4511.997207999873
52,4515.997207999873
51,4519.997207999873
50,4523.997207999873
49,4527.997207999873
48,4531.997207999873
47,4535.997207999873
46,4539.997207999873
45,4543.997207999873
44,4547.997207999873
43,4551.997207999873
42,4555.997207999873
41,4559.997207999873
40,4563.997207999873
39,4567.997207999873
38,4571.997207999873
36,4575.997207999873
35,4579.997207999873
34,4583.997207999873
33,4587.997207999873
32,4591.997207999873
31,4595.997207999873
30,4599.997207999873
29,4603.997207999873
28,4607.997207999873
27,4611.997207999873
26,4615.997207999873
25,4619.997207999873
24,4623.997207999873
23,4627.997207999873
22,4631.997207999873
21,4635.997207999873
21,4639.997207999873
20,4643.997207999873
19,4647.997207999873
19,4651.997207999873
18,4655.997207999873
17,4659.997207999873
17,4663.997207999873
16,4667.997207999873
16,4671.997207999873
15,4675.997207999873
15,4679.997207999873
14,4683.997207999873
14,4687.997207999873
13,4691.997207999873
13,4695.997207999873
12,4699.997207999873
12,4703.997207999873
12,4707.997207999873
11,4711.997207999873
11,4715.997207999873
11,4719.997207999873
10,4723.997207999873
10,4727.997207999873
10,4731.997207999873
10,4735.997207999873
10,4739.997207999873
10,4743.997207999873
10,4747.997207999873
10,4751.997207999873
10,4755.997207999873
10,4759.997207999873
9,4763.997207999873
9,4767.997207999873
9,4771.997207999873
9,4775.997207999873
9,4779.997207999873
8,4783.997207999873
8,4787.997207999873
8,4791.997207999873
8,4795.997207999873
7,4799.997207999873
7,4803.997207999873
7,4807.997207999873
7,4811.997207999873
7,4815.997207999873
6,4819.997207999873
6,4823.997207999873
6,4827.997207999873
6,4831.997207999873
5,4835.997207999873
5,4839.997207999873
4,4843.997207999873
4,4847.997207999873
4,4851.997207999873
3,4855.997207999873
3,4859.997207999873
3,4863.997207999873
2,4867.997207999873
2,4871.997207999873
1,4875.997207999873
1,4879.997207999873
1,4883.997207999873
0,4887.997207999873
0,4891.997207999873
0,4895.997207999873
0,4899.997207999873
0,4903.997207999873
0,4907.997207999873
0,4911.997207999873
0,4915.997207999873
0,4919.997207999873
0,4923.997207999873
0,4927.997207999873
0,4931.997207999873
0,4935.997207999873
0,4939.997207999873
0,4943.997207999873
0,4947.997207999873
0,4951.997207999873
0,4955.997207999873
0,4959.997207999873
0,4963.997207999873
0,4967.997207999873
0,4971.997207999873
0,4975.997207999873
0,4979.997207999873
0,4983.997207999873
0,4987.997207999873
0,4991.997207999873
0,4995.997207999873
0,4999.997207999873
0,5003.997207999873
0,5007.997207999873
0,5011.997207999873
0,5015.997207999873
0,5019.997207999873
0,5023.997207999873
0,5027.997207999873
0,5031.997207999873
0,5035.997207999873
0,5039.997207999873
0,5043.997207999873
0,5047.997207999873
0,5051.997207999873
0,5055.997207999873
0,5059.997207999873
0,5063.997207999873
0,5067.997207999873
0,5071.997207999873
0,5075.997207999873
0,5079.997207999873
0,5083.997207999873
0,5087.997207999873
0,5091.997207999873
0,5095.997207999873
0,5099.997207999873
0,5103.997207999873
0,5107.997207999873
0,5111.997207999873
0,5115.997207999873
0,5119.997207999873
0,5123.997207999873
0,5127.997207999873
0,5131.997207999873
0,5135.997207999873
0,5139.997207999873
0,5143.997207999873
0,5147.997207999873
0,5151.997207999873
0,5155.997207999873
0,5159.997207999873
0,5163.997207999873
0,5167.997207999873
0,5171.997207999873
0,5175.997207999873
0,5179.997207999873
0,5183.997207999873
0,5187.997207999873
0,5191.997207999873
0,5195.997207999873
0,5199.997207999873
0,5203.997207999873
0,5207.997207999873
0,5211.997207999873
0,5215.997207999873
0,5219.997207999873
0,5223.997207999873
0,5227.997207999873
0,5231.997207999873
0,5235.997207999873
0,5239.997207999873
0,5243.997207999873
0,5247.997207999873
0,5251.997207999873
0,5255.997207999873
0,5259.997207999873
0,5263.997207999873
0,5267.997207999873
0,5271.997207999873
0,5275.997207999873
0,5279.997207999873
0,5283.997207999873
0,5287.997207999873
0,5291.997207999873
0,5295.997207999873
0,5299.997207999873
0,5303.997207999873
0,5307.997207999873
0,5311.997207999873
0,5315.997207999873
0,5319.997207999873
0,5323.997207999873
0,5327.997207999873
0,5331.997207999873
0,5335.997207999873
0,5339.997207999873
0,5343.997207999873
0,5347.997207999873
0,5351.997207999873
0,5355.997207999873
0,5359.997207999873
0,5363.997207999873
0,5367.997207999873
0,5371.997207999873
0,5375.997207999873
0,5379.997207999873
0,5383.997207999873
0,5387.997207999873
0,5391.997207999873
0,5395.997207999873
0,5399.997207999873
0,5403.997207999873
0,5407.997207999873
0,5411.997207999873
0,5415.997207999873
0,5419.997207999873
0,5423.997207999873
0,5427.997207999873
0,5431.997207999873
0,5435.997207999873
0,5439.997207999873
0,5443.997207999873
0,5447.997207999873
0,5451.997207999873
0,5455.997207999873
0,5459.997207999873
0,5463.997207999873
0,5467.997207999873
0,5471.997207999873
0,5475.997207999873
0,5479.997207999873
0,5483.997207999873
0,5487.997207999873
0,5491.997207999873
0,5495.997207999873
0,5499.997207999873
0,5503.997207999873
0,5507.997207999873
0,5511.997207999873
2,5515.997207999873
3,5519.997207999873
5,5523.997207999873
7,5527.997207999873
8,5531.997207999873
10,5535.997207999873
12,5539.997207999873
14,5543.997207999873
15,5547.997207999873
17,5551.997207999873
18,5555.997207999873
20,5559.997207999873
21,5563.997207999873
22,5567.997207999873
23,5571.997207999873
24,5575.997207999873
25,5579.997207999873
25,5583.997207999873
27,5587.997207999873
28,5591.997207999873
28,5595.997207999873
29,5599.997207999873
30,5603.997207999873
31,5607.997207999873
32,5611.997207999873
33,5615.997207999873
35,5619.997207999873
36,5623.997207999873
37,5627.997207999873
38,5631.997207999873
39,5635.997207999873
41,5639.997207999873
42,5643.997207999873
43,5647.997207999873
44,5651.997207999873
45,5655.997207999873
46,5659.997207999873
47,5663.997207999873
48,5667.997207999873
49,5671.997207999873
50,5675.997207999873
51,5679.997207999873
52,5683.997207999873
53,5687.997207999873
54,5691.997207999873
55,5695.997207999873
56,5699.997207999873
58,5703.997207999873
59,5707.997207999873
60,5711.997207999873
61,5715.997207999873
63,5719.997207999873
64,5723.997207999873
65,5727.997207999873
66,5731.997207999873
67,5735.997207999873
69,5739.997207999873
70,5743.997207999873
71,5747.997207999873
72,5751.997207999873
73,5755.997207999873
74,5759.997207999873
75,5763.997207999873
76,5767.997207999873
77,5771.997207999873
78,5775.997207999873
79,5779.997207999873
79,5783.997207999873
80,5787.997207999873
81,5791.997207999873
81,5795.997207999873
82,5799.997207999873
82,5803.997207999873
83,5807.997207999873
83,5811.997207999873
83,5815.997207999873
83,5819.997207999873
83,5823.997207999873
83,5827.997207999873
83,5831.997207999873
83,5835.997207999873
83,5839.997207999873
83,5843.997207999873
83,5847.997207999873
82,5851.997207999873
81,5855.997207999873
81,5859.997207999873
80,5863.997207999873
78,5867.997207999873
77,5871.997207999873
76,5875.997207999873
74,5879.997207999873
72,5883.997207999873
70,5887.997207999873
68,5891.997207999873
66,5895.997207999873
64,5899.997207999873
62,5903.997207999873
60,5907.997207999873
57,5911.997207999873
54,5915.997207999873
52,5919.997207999873
49,5923.997207999873
46,5927.997207999873
44,5931.997207999873
41,5935.997207999873
39,5939.997207999873
37,5943.997207999873
34,5947.997207999873
32,5951.997207999873
30,5955.997207999873
27,5959.997207999873
25,5963.997207999873
23,5967.997207999873
21,5971.997207999873
19,5975.997207999873
16,5979.997207999873
15,5983.997207999873
12,5987.997207999873
10,5991.997207999873
9,5995.997207999873
7,5999.997207999873
5,6003.997207999873
3,6007.997207999873
2,6011.997207999873
1,6015.997207999873
0,6019.997207999873
0,6023.997207999873
0,6027.997207999873
0,6031.997207999873
0,6035.997207999873
0,6039.997207999873
0,6043.997207999873
0,6047.997207999873
0,6051.997207999873
0,6055.997207999873
0,6059.997207999873
0,6063.997207999873
0,6067.997207999873
0,6071.997207999873
0,6075.997207999873
0,6079.997207999873
0,6083.997207999873
0,6087.997207999873
0,6091.997207999873
0,6095.997207999873
0,6099.997207999873
0,6103.997207999873
0,6107.997207999873
0,6111.997207999873
0,6115.997207999873
0,6119.997207999873
0,6123.997207999873
0,6127.997207999873
0,6131.997207999873
0,6135.997207999873
0,6139.997207999873
0,6143.997207999873
0,6147.997207999873
0,6151.997207999873
0,6155.997207999873
0,6159.997207999873
0,6163.997207999873
0,6167.997207999873
0,6171.997207999873
0,6175.997207999873
0,6179.997207999873
0,6183.997207999873
0,6187.997207999873
0,6191.997207999873
0,6195.997207999873
0,6199.997207999873
0,6203.997207999873
0,6207.997207999873
0,6211.997207999873
0,6215.997207999873
0,6219.997207999873
0,6223.997207999873
0,6227.997207999873
0,6231.997207999873
0,6235.997207999873
0,6239.997207999873
0,6243.997207999873
0,6247.997207999873
0,6251.997207999873
0,6255.997207999873
0,6259.997207999873
0,6263.997207999873
0,6267.997207999873
0,6271.997207999873
0,6275.997207999873
0,6279.997207999873
0,6283.997207999873
0,6287.997207999873
0,6291.997207999873
0,6295.997207999873
0,6299.997207999873
0,6303.997207999873
0,6307.997207999873
0,6311.997207999873
0,6315.997207999873
0,6319.997207999873
0,6323.997207999873
0,6327.997207999873
0,6331.997207999873
0,6335.997207999873
0,6339.997207999873
0,6343.997207999873
0,6347.997207999873
0,6351.997207999873
0,6355.997207999873
0,6359.997207999873
0,6363.997207999873
0,6367.997207999873
0,6371.997207999873
0,6375.997207999873
0,6379.997207999873
0,6383.997207999873
0,6387.997207999873
0,6391.997207999873
0,6395.997207999873
0,6399.997207999873
0,6403.997207999873
0,6407.997207999873
0,6411.997207999873
0,6415.997207999873
0,6419.997207999873
0,6423.997207999873
0,6427.997207999873
0,6431.997207999873
0,6435.997207999873
0,6439.997207999873
0,6443.997207999873
0,6447.997207999873
0,6451.997207999873
0,6455.997207999873
0,6459.997207999873
0,6463.997207999873
0,6467.997207999873
0,6471.997207999873
0,6475.997207999873
0,6479.997207999873
0,6483.997207999873
0,6487.997207999873
0,6491.997207999873
0,6495.997207999873
0,6499.997207999873
0,6503.997207999873
0,6507.997207999873
0,6511.997207999873
0,6515.997207999873
0,6519.997207999873
0,6523.997207999873
0,6527.997207999873
0,6531.997207999873
0,6535.997207999873
0,6539.997207999873
0,6543.997207999873
0,6547.997207999873
0,6551.997207999873
0,6555.997207999873
0,6559.997207999873
0,6563.997207999873
0,6567.997207999873
0,6571.997207999873
0,6575.997207999873
0,6579.997207999873
0,6583.997207999873
0,6587.997207999873
0,6591.997207999873
0,6595.997207999873
0,6599.997207999873
0,6603.997207999873
0,6607.997207999873
0,6611.997207999873
0,6615.997207999873
0,6619.997207999873
0,6623.997207999873
0,6627.997207999873
0,6631.997207999873
0,6635.997207999873
0,6639.997207999873
0,6643.997207999873
0,6647.997207999873
0,6651.997207999873
0,6655.997207999873
0,6659.997207999873
0,6663.997207999873
0,6667.997207999873
0,6671.997207999873
0,6675.997207999873
0,6679.997207999873
0,6683.997207999873
0,6687.997207999873
0,6691.997207999873
0,6695.997207999873
0,6699.997207999873
0,6703.997207999873
0,6707.997207999873
0,6711.997207999873
0,6715.997207999873
0,6719.997207999873
0,6723.997207999873
0,6727.997207999873
0,6731.997207999873
0,6735.997207999873
0,6739.997207999873
0,6743.997207999873
0,6747.997207999873
0,6751.997207999873
0,6755.997207999873
0,6759.997207999873
0,6763.997207999873
0,6767.997207999873
0,6771.997207999873
0,6775.997207999873
0,6779.997207999873
0,6783.997207999873
0,6787.997207999873
0,6791.997207999873
0,6795.997207999873
0,6799.997207999873
0,6803.997207999873
0,6807.997207999873
0,6811.997207999873
0,6815.997207999873
0,6819.997207999873
0,6823.997207999873
0,6827.997207999873
0,6831.997207999873
0,6835.997207999873
0,6839.997207999873
0,6843.997207999873
0,6847.997207999873
0,6851.997207999873
0,6855.997207999873
0,6859.997207999873
0,6863.997207999873
0,6867.997207999873
0,6871.997207999873
0,6875.997207999873
0,6879.997207999873
0,6883.997207999873
0,6887.997207999873
0,6891.997207999873
0,6895.997207999873
0,6899.997207999873
0,6903.997207999873
0,6907.997207999873
0,6911.997207999873
0,6915.997207999873
0,6919.997207999873
0,6923.997207999873
0,6927.997207999873
0,6931.997207999873
0,6935.997207999873
0,6939.997207999873
0,6943.997207999873
0,6947.997207999873
0,6951.997207999873
0,6955.997207999873
0,6959.997207999873
0,6963.997207999873
0,6967.997207999873
0,6971.997207999873
0,6975.997207999873
0,6979.997207999873
0,6983.997207999873
0,6987.997207999873
0,6991.997207999873
0,6995.997207999873
0,6999.997207999873
0,7003.997207999873
0,7007.997207999873
0,7011.997207999873
0,7015.997207999873
0,7019.997207999873
0,7023.997207999873
0,7027.997207999873
0,7031.997207999873
0,7035.997207999873
0,7039.997207999873
0,7043.997207999873
0,7047.997207999873
1,7051.997207999873
2,7055.997207999873
3,7059.997207999873
3,7063.997207999873
4,7067.997207999873
5,7071.997207999873
5,7075.997207999873
6,7079.997207999873
7,7083.997207999873
7,7087.997207999873
8,7091.997207999873
8,7095.997207999873
9,7099.997207999873
9,7103.997207999873
9,7107.997207999873
10,7111.997207999873
10,7115.997207999873
10,7119.997207999873
10,7123.997207999873
11,7127.997207999873
10,7131.997207999873
10,7135.997207999873
10,7139.997207999873
10,7143.997207999873
10,7147.997207999873
10,7151.997207999873
10,7155.997207999873
10,7159.997207999873
10,7163.997207999873
10,7167.997207999873
10,7171.997207999873
