-10.344875000315369,12825.655124999685
value,time
0,3.937249999580672
0,7.937249999580672
0,11.937249999580672
0,15.937249999580672
0,19.937249999580672
0,23.937249999580672
0,27.937249999580672
0,31.937249999580672
0,35.93724999958067
0,39.93724999958067
0,43.93724999958067
0,47.93724999958067
0,51.93724999958067
0,55.93724999958067
0,59.93724999958067
0,63.93724999958067
0,67.93724999958067
0,71.93724999958067
0,75.93724999958067
0,79.93724999958067
0,83.93724999958067
0,87.93724999958067
0,91.93724999958067
0,95.93724999958067
0,99.93724999958067
0,103.93724999958067
0,107.93724999958067
0,111.93724999958067
0,115.93724999958067
0,119.93724999958067
0,123.93724999958067
0,127.93724999958067
0,131.93724999958067
0,135.93724999958067
0,139.93724999958067
0,143.93724999958067
0,147.93724999958067
0,151.93724999958067
0,155.93724999958067
0,159.93724999958067
0,163.93724999958067
0,167.93724999958067
0,171.93724999958067
0,175.93724999958067
0,179.93724999958067
0,183.93724999958067
0,187.93724999958067
0,191.93724999958067
0,195.93724999958067
0,199.93724999958067
0,203.93724999958067
0,207.93724999958067
0,211.93724999958067
0,215.93724999958067
0,219.93724999958067
0,223.93724999958067
0,227.93724999958067
0,231.93724999958067
0,235.93724999958067
0,239.93724999958067
0,243.93724999958067
0,247.93724999958067
0,251.93724999958067
0,255.93724999958067
0,259.9372499995807
0,263.9372499995807
0,267.9372499995807
0,271.9372499995807
0,275.9372499995807
0,279.9372499995807
0,283.9372499995807
0,287.9372499995807
0,291.9372499995807
0,295.9372499995807
0,299.9372499995807
0,303.9372499995807
0,307.9372499995807
0,311.9372499995807
0,315.9372499995807
0,319.9372499995807
0,323.9372499995807
0,327.9372499995807
0,331.9372499995807
0,335.9372499995807
0,339.9372499995807
0,343.9372499995807
0,347.9372499995807
0,351.9372499995807
0,355.9372499995807
0,359.9372499995807
0,363.9372499995807
0,367.9372499995807
0,371.9372499995807
0,375.9372499995807
0,379.9372499995807
0,383.9372499995807
0,387.9372499995807
0,391.9372499995807
0,395.9372499995807
0,399.9372499995807
1,403.9372499995807
2,407.9372499995807
3,411.9372499995807
4,415.9372499995807
5,419.9372499995807
5,423.9372499995807
6,427.9372499995807
7,431.9372499995807
7,435.9372499995807
8,439.9372499995807
8,443.9372499995807
9,447.9372499995807
9,451.9372499995807
10,455.9372499995807
10,459.9372499995807
10,463.9372499995807
10,467.9372499995807
10,471.9372499995807
11,475.9372499995807
11,479.9372499995807
11,483.9372499995807
11,487.9372499995807
11,491.9372499995807
11,495.9372499995807
11,499.9372499995807
11,503.9372499995807
11,507.9372499995807
11,511.9372499995807
11,515.9372499995807
11,519.9372499995807
11,523.9372499995807
11,527.9372499995807
11,531.9372499995807
11,535.9372499995807
11,539.9372499995807
11,543.9372499995807
10,547.9372499995807
10,551.9372499995807
10,555.9372499995807
9,559.9372499995807
10,563.9372499995807
8,567.9372499995807
8,571.9372499995807
8,575.9372499995807
7,579.9372499995807
7,583.9372499995807
6,587.9372499995807
6,591.9372499995807
5,595.9372499995807
5,599.9372499995807
4,603.9372499995807
4,607.9372499995807
3,611.9372499995807
3,615.9372499995807
2,619.9372499995807
1,623.9372499995807
1,627.9372499995807
1,631.9372499995807
0,635.9372499995807
0,639.9372499995807
0,643.9372499995807
0,647.9372499995807
0,651.9372499995807
0,655.9372499995807
0,659.9372499995807
0,663.9372499995807
0,667.9372499995807
0,671.9372499995807
0,675.9372499995807
0,679.9372499995807
0,683.9372499995807
0,687.9372499995807
0,691.9372499995807
0,695.9372499995807
0,699.9372499995807
0,703.9372499995807
0,707.9372499995807
0,711.9372499995807
0,715.9372499995807
0,719.9372499995807
0,723.9372499995807
0,727.9372499995807
0,731.9372499995807
0,735.9372499995807
0,739.9372499995807
0,743.9372499995807
0,747.9372499995807
0,751.9372499995807
0,755.9372499995807
0,759.9372499995807
0,763.9372499995807
0,767.9372499995807
0,771.9372499995807
0,775.9372499995807
0,779.9372499995807
0,783.9372499995807
0,787.9372499995807
0,791.9372499995807
0,795.9372499995807
0,799.9372499995807
0,803.9372499995807
0,807.9372499995807
0,811.9372499995807
0,815.9372499995807
0,819.9372499995807
0,823.9372499995807
0,827.9372499995807
0,831.9372499995807
0,835.9372499995807
0,839.9372499995807
0,843.9372499995807
0,847.9372499995807
0,851.9372499995807
0,855.9372499995807
0,859.9372499995807
0,863.9372499995807
0,867.9372499995807
0,871.9372499995807
0,875.9372499995807
0,879.9372499995807
0,883.9372499995807
0,887.9372499995807
0,891.9372499995807
0,895.9372499995807
0,899.9372499995807
0,903.9372499995807
0,907.9372499995807
0,911.9372499995807
0,915.9372499995807
0,919.9372499995807
0,923.9372499995807
0,927.9372499995807
0,931.9372499995807
0,935.9372499995807
0,939.9372499995807
0,943.9372499995807
0,947.9372499995807
0,951.9372499995807
0,955.9372499995807
0,959.9372499995807
0,963.9372499995807
0,967.9372499995807
0,971.9372499995807
0,975.9372499995807
0,979.9372499995807
0,983.9372499995807
0,987.9372499995807
0,991.9372499995807
0,995.9372499995807
0,999.9372499995807
0,1003.9372499995807
0,1007.9372499995807
0,1011.9372499995807
0,1015.9372499995807
0,1019.9372499995807
0,1023.9372499995807
0,1027.9372499995807
0,1031.9372499995807
0,1035.9372499995807
0,1039.9372499995807
0,1043.9372499995807
0,1047.9372499995807
0,1051.9372499995807
0,1055.9372499995807
0,1059.9372499995807
0,1063.9372499995807
0,1067.9372499995807
0,1071.9372499995807
0,1075.9372499995807
0,1079.9372499995807
0,1083.9372499995807
0,1087.9372499995807
0,1091.9372499995807
1,1095.9372499995807
1,1099.9372499995807
2,1103.9372499995807
2,1107.9372499995807
2,1111.9372499995807
2,1115.9372499995807
2,1119.9372499995807
3,1123.9372499995807
2,1127.9372499995807
2,1131.9372499995807
3,1135.9372499995807
3,1139.9372499995807
3,1143.9372499995807
2,1147.9372499995807
3,1151.9372499995807
3,1155.9372499995807
3,1159.9372499995807
4,1163.9372499995807
4,1167.9372499995807
4,1171.9372499995807
5,1175.9372499995807
5,1179.9372499995807
5,1183.9372499995807
5,1187.9372499995807
5,1191.9372499995807
6,1195.9372499995807
6,1199.9372499995807
6,1203.9372499995807
6,1207.9372499995807
7,1211.9372499995807
7,1215.9372499995807
7,1219.9372499995807
7,1223.9372499995807
8,1227.9372499995807
8,1231.9372499995807
8,1235.9372499995807
9,1239.9372499995807
9,1243.9372499995807
9,1247.9372499995807
10,1251.9372499995807
10,1255.9372499995807
11,1259.9372499995807
11,1263.9372499995807
12,1267.9372499995807
12,1271.9372499995807
13,1275.9372499995807
13,1279.9372499995807
13,1283.9372499995807
14,1287.9372499995807
15,1291.9372499995807
15,1295.9372499995807
15,1299.9372499995807
16,1303.9372499995807
16,1307.9372499995807
17,1311.9372499995807
17,1315.9372499995807
18,1319.9372499995807
18,1323.9372499995807
19,1327.9372499995807
19,1331.9372499995807
19,1335.9372499995807
20,1339.9372499995807
20,1343.9372499995807
20,1347.9372499995807
21,1351.9372499995807
21,1355.9372499995807
21,1359.9372499995807
21,1363.9372499995807
21,1367.9372499995807
21,1371.9372499995807
22,1375.9372499995807
22,1379.9372499995807
22,1383.9372499995807
22,1387.9372499995807
22,1391.9372499995807
22,1395.9372499995807
22,1399.9372499995807
22,1403.9372499995807
22,1407.9372499995807
22,1411.9372499995807
22,1415.9372499995807
22,1419.9372499995807
22,1423.9372499995807
22,1427.9372499995807
22,1431.9372499995807
22,1435.9372499995807
22,1439.9372499995807
22,1443.9372499995807
22,1447.9372499995807
22,1451.9372499995807
22,1455.9372499995807
22,1459.9372499995807
22,1463.9372499995807
22,1467.9372499995807
22,1471.9372499995807
22,1475.9372499995807
22,1479.9372499995807
22,1483.9372499995807
22,1487.9372499995807
22,1491.9372499995807
22,1495.9372499995807
22,1499.9372499995807
22,1503.9372499995807
22,1507.9372499995807
22,1511.9372499995807
22,1515.9372499995807
22,1519.9372499995807
23,1523.9372499995807
23,1527.9372499995807
23,1531.9372499995807
23,1535.9372499995807
23,1539.9372499995807
23,1543.9372499995807
23,1547.9372499995807
23,1551.9372499995807
24,1555.9372499995807
24,1559.9372499995807
24,1563.9372499995807
24,1567.9372499995807
24,1571.9372499995807
24,1575.9372499995807
25,1579.9372499995807
25,1583.9372499995807
25,1587.9372499995807
25,1591.9372499995807
25,1595.9372499995807
25,1599.9372499995807
26,1603.9372499995807
26,1607.9372499995807
26,1611.9372499995807
27,1615.9372499995807
26,1619.9372499995807
27,1623.9372499995807
27,1627.9372499995807
27,1631.9372499995807
28,1635.9372499995807
28,1639.9372499995807
28,1643.9372499995807
28,1647.9372499995807
28,1651.9372499995807
29,1655.9372499995807
29,1659.9372499995807
29,1663.9372499995807
29,1667.9372499995807
29,1671.9372499995807
30,1675.9372499995807
30,1679.9372499995807
30,1683.9372499995807
30,1687.9372499995807
30,1691.9372499995807
31,1695.9372499995807
31,1699.9372499995807
31,1703.9372499995807
32,1707.9372499995807
32,1711.9372499995807
32,1715.9372499995807
32,1719.9372499995807
32,1723.9372499995807
33,1727.9372499995807
33,1731.9372499995807
33,1735.9372499995807
33,1739.9372499995807
34,1743.9372499995807
34,1747.9372499995807
34,1751.9372499995807
34,1755.9372499995807
34,1759.9372499995807
34,1763.9372499995807
34,1767.9372499995807
34,1771.9372499995807
34,1775.9372499995807
34,1779.9372499995807
34,1783.9372499995807
34,1787.9372499995807
34,1791.9372499995807
34,1795.9372499995807
34,1799.9372499995807
34,1803.9372499995807
35,1807.9372499995807
35,1811.9372499995807
35,1815.9372499995807
35,1819.9372499995807
35,1823.9372499995807
35,1827.9372499995807
35,1831.9372499995807
35,1835.9372499995807
36,1839.9372499995807
36,1843.9372499995807
36,1847.9372499995807
36,1851.9372499995807
37,1855.9372499995807
37,1859.9372499995807
37,1863.9372499995807
37,1867.9372499995807
38,1871.9372499995807
38,1875.9372499995807
38,1879.9372499995807
38,1883.9372499995807
39,1887.9372499995807
39,1891.9372499995807
39,1895.9372499995807
39,1899.9372499995807
39,1903.9372499995807
39,1907.9372499995807
39,1911.9372499995807
39,1915.9372499995807
39,1919.9372499995807
39,1923.9372499995807
39,1927.9372499995807
39,1931.9372499995807
39,1935.9372499995807
39,1939.9372499995807
39,1943.9372499995807
39,1947.9372499995807
39,1951.9372499995807
39,1955.9372499995807
39,1959.9372499995807
39,1963.9372499995807
39,1967.9372499995807
39,1971.9372499995807
39,1975.9372499995807
39,1979.9372499995807
39,1983.9372499995807
39,1987.9372499995807
39,1991.9372499995807
39,1995.9372499995807
39,1999.9372499995807
39,2003.9372499995807
39,2007.9372499995807
39,2011.9372499995807
39,2015.9372499995807
39,2019.9372499995807
39,2023.9372499995807
39,2027.9372499995807
39,2031.9372499995807
39,2035.9372499995807
39,2039.9372499995807
39,2043.9372499995807
38,2047.9372499995807
38,2051.9372499995807
38,2055.9372499995807
38,2059.9372499995807
37,2063.9372499995807
36,2067.9372499995807
35,2071.9372499995807
34,2075.9372499995807
33,2079.9372499995807
32,2083.9372499995807
30,2087.9372499995807
29,2091.9372499995807
28,2095.9372499995807
26,2099.9372499995807
24,2103.9372499995807
23,2107.9372499995807
21,2111.9372499995807
20,2115.9372499995807
19,2119.9372499995807
18,2123.9372499995807
17,2127.9372499995807
15,2131.9372499995807
15,2135.9372499995807
13,2139.9372499995807
12,2143.9372499995807
11,2147.9372499995807
10,2151.9372499995807
9,2155.9372499995807
8,2159.9372499995807
7,2163.9372499995807
6,2167.9372499995807
5,2171.9372499995807
3,2175.9372499995807
2,2179.9372499995807
1,2183.9372499995807
0,2187.9372499995807
0,2191.9372499995807
0,2195.9372499995807
0,2199.9372499995807
0,2203.9372499995807
0,2207.9372499995807
0,2211.9372499995807
0,2215.9372499995807
0,2219.9372499995807
0,2223.9372499995807
0,2227.9372499995807
0,2231.9372499995807
0,2235.9372499995807
0,2239.9372499995807
0,2243.9372499995807
0,2247.9372499995807
0,2251.9372499995807
0,2255.9372499995807
0,2259.9372499995807
0,2263.9372499995807
0,2267.9372499995807
0,2271.9372499995807
0,2275.9372499995807
0,2279.9372499995807
0,2283.9372499995807
0,2287.9372499995807
0,2291.9372499995807
0,2295.9372499995807
0,2299.9372499995807
0,2303.9372499995807
0,2307.9372499995807
0,2311.9372499995807
0,2315.9372499995807
0,2319.9372499995807
0,2323.9372499995807
0,2327.9372499995807
0,2331.9372499995807
0,2335.9372499995807
0,2339.9372499995807
0,2343.9372499995807
0,2347.9372499995807
0,2351.9372499995807
0,2355.9372499995807
0,2359.9372499995807
0,2363.9372499995807
0,2367.9372499995807
0,2371.9372499995807
0,2375.9372499995807
0,2379.9372499995807
0,2383.9372499995807
0,2387.9372499995807
0,2391.9372499995807
0,2395.9372499995807
0,2399.9372499995807
0,2403.9372499995807
0,2407.9372499995807
0,2411.9372499995807
0,2415.9372499995807
0,2419.9372499995807
0,2423.9372499995807
0,2427.9372499995807
0,2431.9372499995807
0,2435.9372499995807
0,2439.9372499995807
0,2443.9372499995807
0,2447.9372499995807
0,2451.9372499995807
0,2455.9372499995807
0,2459.9372499995807
0,2463.9372499995807
0,2467.9372499995807
0,2471.9372499995807
0,2475.9372499995807
0,2479.9372499995807
0,2483.9372499995807
0,2487.9372499995807
0,2491.9372499995807
0,2495.9372499995807
0,2499.9372499995807
0,2503.9372499995807
0,2507.9372499995807
0,2511.9372499995807
0,2515.9372499995807
0,2519.9372499995807
0,2523.9372499995807
0,2527.9372499995807
0,2531.9372499995807
0,2535.9372499995807
0,2539.9372499995807
0,2543.9372499995807
0,2547.9372499995807
0,2551.9372499995807
0,2555.9372499995807
0,2559.9372499995807
0,2563.9372499995807
0,2567.9372499995807
0,2571.9372499995807
0,2575.9372499995807
0,2579.9372499995807
0,2583.9372499995807
0,2587.9372499995807
0,2591.9372499995807
0,2595.9372499995807
0,2599.9372499995807
0,2603.9372499995807
0,2607.9372499995807
0,2611.9372499995807
0,2615.9372499995807
0,2619.9372499995807
0,2623.9372499995807
0,2627.9372499995807
0,2631.9372499995807
0,2635.9372499995807
0,2639.9372499995807
0,2643.9372499995807
0,2647.9372499995807
0,2651.9372499995807
0,2655.9372499995807
0,2659.9372499995807
0,2663.9372499995807
0,2667.9372499995807
0,2671.9372499995807
0,2675.9372499995807
0,2679.9372499995807
0,2683.9372499995807
0,2687.9372499995807
0,2691.9372499995807
0,2695.9372499995807
0,2699.9372499995807
0,2703.9372499995807
0,2707.9372499995807
0,2711.9372499995807
1,2715.9372499995807
1,2719.9372499995807
1,2723.9372499995807
1,2727.9372499995807
1,2731.9372499995807
2,2735.9372499995807
2,2739.9372499995807
2,2743.9372499995807
2,2747.9372499995807
3,2751.9372499995807
3,2755.9372499995807
3,2759.9372499995807
3,2763.9372499995807
3,2767.9372499995807
3,2771.9372499995807
3,2775.9372499995807
3,2779.9372499995807
3,2783.9372499995807
3,2787.9372499995807
4,2791.9372499995807
4,2795.9372499995807
4,2799.9372499995807
5,2803.9372499995807
5,2807.9372499995807
5,2811.9372499995807
5,2815.9372499995807
6,2819.9372499995807
6,2823.9372499995807
6,2827.9372499995807
6,2831.9372499995807
7,2835.9372499995807
7,2839.9372499995807
7,2843.9372499995807
7,2847.9372499995807
8,2851.9372499995807
8,2855.9372499995807
8,2859.9372499995807
8,2863.9372499995807
8,2867.9372499995807
8,2871.9372499995807
9,2875.9372499995807
9,2879.9372499995807
9,2883.9372499995807
9,2887.9372499995807
9,2891.9372499995807
9,2895.9372499995807
9,2899.9372499995807
9,2903.9372499995807
9,2907.9372499995807
9,2911.9372499995807
9,2915.9372499995807
9,2919.9372499995807
9,2923.9372499995807
9,2927.9372499995807
9,2931.9372499995807
9,2935.9372499995807
9,2939.9372499995807
9,2943.9372499995807
9,2947.9372499995807
9,2951.9372499995807
9,2955.9372499995807
9,2959.9372499995807
9,2963.9372499995807
9,2967.9372499995807
9,2971.9372499995807
9,2975.9372499995807
9,2979.9372499995807
9,2983.9372499995807
9,2987.9372499995807
9,2991.9372499995807
9,2995.9372499995807
9,2999.9372499995807
9,3003.9372499995807
9,3007.9372499995807
9,3011.9372499995807
9,3015.9372499995807
9,3019.9372499995807
9,3023.9372499995807
9,3027.9372499995807
9,3031.9372499995807
9,3035.9372499995807
9,3039.9372499995807
9,3043.9372499995807
9,3047.9372499995807
9,3051.9372499995807
9,3055.9372499995807
9,3059.9372499995807
9,3063.9372499995807
9,3067.9372499995807
9,3071.9372499995807
9,3075.9372499995807
9,3079.9372499995807
9,3083.9372499995807
9,3087.9372499995807
9,3091.9372499995807
9,3095.9372499995807
9,3099.9372499995807
9,3103.9372499995807
9,3107.9372499995807
9,3111.9372499995807
9,3115.9372499995807
9,3119.9372499995807
9,3123.9372499995807
9,3127.9372499995807
9,3131.9372499995807
9,3135.9372499995807
9,3139.9372499995807
9,3143.9372499995807
8,3147.9372499995807
8,3151.9372499995807
7,3155.9372499995807
7,3159.9372499995807
6,3163.9372499995807
5,3167.9372499995807
4,3171.9372499995807
4,3175.9372499995807
3,3179.9372499995807
3,3183.9372499995807
2,3187.9372499995807
2,3191.9372499995807
1,3195.9372499995807
1,3199.9372499995807
0,3203.9372499995807
0,3207.9372499995807
0,3211.9372499995807
0,3215.9372499995807
0,3219.9372499995807
0,3223.9372499995807
0,3227.9372499995807
0,3231.9372499995807
0,3235.9372499995807
0,3239.9372499995807
0,3243.9372499995807
0,3247.9372499995807
0,3251.9372499995807
0,3255.9372499995807
0,3259.9372499995807
0,3263.9372499995807
0,3267.9372499995807
0,3271.9372499995807
0,3275.9372499995807
0,3279.9372499995807
0,3283.9372499995807
0,3287.9372499995807
0,3291.9372499995807
0,3295.9372499995807
0,3299.9372499995807
0,3303.9372499995807
0,3307.9372499995807
0,3311.9372499995807
0,3315.9372499995807
0,3319.9372499995807
0,3323.9372499995807
0,3327.9372499995807
0,3331.9372499995807
0,3335.9372499995807
0,3339.9372499995807
0,3343.9372499995807
0,3347.9372499995807
0,3351.9372499995807
0,3355.9372499995807
0,3359.9372499995807
0,3363.9372499995807
0,3367.9372499995807
0,3371.9372499995807
0,3375.9372499995807
0,3379.9372499995807
0,3383.9372499995807
0,3387.9372499995807
0,3391.9372499995807
0,3395.9372499995807
0,3399.9372499995807
0,3403.9372499995807
0,3407.9372499995807
0,3411.9372499995807
0,3415.9372499995807
0,3419.9372499995807
0,3423.9372499995807
0,3427.9372499995807
0,3431.9372499995807
0,3435.9372499995807
0,3439.9372499995807
0,3443.9372499995807
0,3447.9372499995807
0,3451.9372499995807
0,3455.9372499995807
0,3459.9372499995807
0,3463.9372499995807
0,3467.9372499995807
0,3471.9372499995807
1,3475.9372499995807
1,3479.9372499995807
2,3483.9372499995807
2,3487.9372499995807
2,3491.9372499995807
2,3495.9372499995807
2,3499.9372499995807
2,3503.9372499995807
3,3507.9372499995807
3,3511.9372499995807
3,3515.9372499995807
3,3519.9372499995807
2,3523.9372499995807
3,3527.9372499995807
3,3531.9372499995807
3,3535.9372499995807
3,3539.9372499995807
2,3543.9372499995807
2,3547.9372499995807
3,3551.9372499995807
2,3555.9372499995807
3,3559.9372499995807
2,3563.9372499995807
2,3567.9372499995807
2,3571.9372499995807
2,3575.9372499995807
2,3579.9372499995807
2,3583.9372499995807
2,3587.9372499995807
3,3591.9372499995807
2,3595.9372499995807
2,3599.9372499995807
2,3603.9372499995807
2,3607.9372499995807
3,3611.9372499995807
3,3615.9372499995807
3,3619.9372499995807
3,3623.9372499995807
3,3627.9372499995807
2,3631.9372499995807
2,3635.9372499995807
2,3639.9372499995807
2,3643.9372499995807
3,3647.9372499995807
2,3651.9372499995807
3,3655.9372499995807
3,3659.9372499995807
3,3663.9372499995807
2,3667.9372499995807
2,3671.9372499995807
3,3675.9372499995807
3,3679.9372499995807
3,3683.9372499995807
3,3687.9372499995807
3,3691.9372499995807
3,3695.9372499995807
3,3699.9372499995807
3,3703.9372499995807
4,3707.9372499995807
4,3711.9372499995807
5,3715.9372499995807
5,3719.9372499995807
5,3723.9372499995807
6,3727.9372499995807
6,3731.9372499995807
7,3735.9372499995807
7,3739.9372499995807
7,3743.9372499995807
8,3747.9372499995807
8,3751.9372499995807
9,3755.9372499995807
9,3759.9372499995807
10,3763.9372499995807
10,3767.9372499995807
11,3771.9372499995807
11,3775.9372499995807
11,3779.9372499995807
12,3783.9372499995807
12,3787.9372499995807
12,3791.9372499995807
12,3795.9372499995807
13,3799.9372499995807
13,3803.9372499995807
13,3807.9372499995807
13,3811.9372499995807
14,3815.9372499995807
14,3819.9372499995807
14,3823.9372499995807
15,3827.9372499995807
15,3831.9372499995807
15,3835.9372499995807
15,3839.9372499995807
15,3843.9372499995807
15,3847.9372499995807
15,3851.9372499995807
15,3855.9372499995807
16,3859.9372499995807
16,3863.9372499995807
16,3867.9372499995807
16,3871.9372499995807
17,3875.9372499995807
17,3879.9372499995807
17,3883.9372499995807
17,3887.9372499995807
17,3891.9372499995807
18,3895.9372499995807
18,3899.9372499995807
18,3903.9372499995807
18,3907.9372499995807
19,3911.9372499995807
19,3915.9372499995807
19,3919.9372499995807
20,3923.9372499995807
20,3927.9372499995807
20,3931.9372499995807
20,3935.9372499995807
21,3939.9372499995807
21,3943.9372499995807
21,3947.9372499995807
21,3951.9372499995807
21,3955.9372499995807
21,3959.9372499995807
22,3963.9372499995807
22,3967.9372499995807
22,3971.9372499995807
22,3975.9372499995807
22,3979.9372499995807
23,3983.9372499995807
23,3987.9372499995807
23,3991.9372499995807
23,3995.9372499995807
24,3999.9372499995807
24,4003.9372499995807
24,4007.9372499995807
24,4011.9372499995807
24,4015.9372499995807
24,4019.9372499995807
24,4023.9372499995807
25,4027.9372499995807
25,4031.9372499995807
25,4035.9372499995807
25,4039.9372499995807
25,4043.9372499995807
25,4047.9372499995807
25,4051.9372499995807
25,4055.9372499995807
25,4059.9372499995807
26,4063.9372499995807
26,4067.9372499995807
26,4071.9372499995807
26,4075.9372499995807
26,4079.9372499995807
26,4083.9372499995807
27,4087.9372499995807
26,4091.9372499995807
27,4095.9372499995807
27,4099.937249999581
27,4103.937249999581
27,4107.937249999581
27,4111.937249999581
28,4115.937249999581
28,4119.937249999581
28,4123.937249999581
28,4127.937249999581
28,4131.937249999581
29,4135.937249999581
29,4139.937249999581
29,4143.937249999581
29,4147.937249999581
29,4151.937249999581
29,4155.937249999581
29,4159.937249999581
30,4163.937249999581
30,4167.937249999581
30,4171.937249999581
30,4175.937249999581
30,4179.937249999581
30,4183.937249999581
30,4187.937249999581
31,4191.937249999581
31,4195.937249999581
31,4199.937249999581
31,4203.937249999581
31,4207.937249999581
31,4211.937249999581
31,4215.937249999581
32,4219.937249999581
32,4223.937249999581
32,4227.937249999581
32,4231.937249999581
32,4235.937249999581
32,4239.937249999581
32,4243.937249999581
33,4247.937249999581
33,4251.937249999581
33,4255.937249999581
33,4259.937249999581
33,4263.937249999581
33,4267.937249999581
33,4271.937249999581
33,4275.937249999581
34,4279.937249999581
34,4283.937249999581
34,4287.937249999581
34,4291.937249999581
35,4295.937249999581
35,4299.937249999581
35,4303.937249999581
35,4307.937249999581
35,4311.937249999581
35,4315.937249999581
36,4319.937249999581
36,4323.937249999581
36,4327.937249999581
36,4331.937249999581
36,4335.937249999581
37,4339.937249999581
37,4343.937249999581
37,4347.937249999581
37,4351.937249999581
37,4355.937249999581
37,4359.937249999581
37,4363.937249999581
38,4367.937249999581
38,4371.937249999581
39,4375.937249999581
39,4379.937249999581
39,4383.937249999581
39,4387.937249999581
39,4391.937249999581
39,4395.937249999581
40,4399.937249999581
40,4403.937249999581
40,4407.937249999581
40,4411.937249999581
40,4415.937249999581
41,4419.937249999581
41,4423.937249999581
41,4427.937249999581
41,4431.937249999581
41,4435.937249999581
42,4439.937249999581
42,4443.937249999581
42,4447.937249999581
42,4451.937249999581
42,4455.937249999581
43,4459.937249999581
43,4463.937249999581
43,4467.937249999581
44,4471.937249999581
44,4475.937249999581
44,4479.937249999581
44,4483.937249999581
44,4487.937249999581
45,4491.937249999581
45,4495.937249999581
46,4499.937249999581
46,4503.937249999581
46,4507.937249999581
46,4511.937249999581
47,4515.937249999581
47,4519.937249999581
48,4523.937249999581
48,4527.937249999581
49,4531.937249999581
49,4535.937249999581
49,4539.937249999581
50,4543.937249999581
50,4547.937249999581
51,4551.937249999581
51,4555.937249999581
52,4559.937249999581
53,4563.937249999581
53,4567.937249999581
54,4571.937249999581
54,4575.937249999581
55,4579.937249999581
56,4583.937249999581
56,4587.937249999581
57,4591.937249999581
58,4595.937249999581
58,4599.937249999581
59,4603.937249999581
59,4607.937249999581
60,4611.937249999581
61,4615.937249999581
61,4619.937249999581
62,4623.937249999581
63,4627.937249999581
63,4631.937249999581
64,4635.937249999581
64,4639.937249999581
65,4643.937249999581
65,4647.937249999581
66,4651.937249999581
66,4655.937249999581
67,4659.937249999581
67,4663.937249999581
68,4667.937249999581
68,4671.937249999581
69,4675.937249999581
69,4679.937249999581
70,4683.937249999581
70,4687.937249999581
70,4691.937249999581
71,4695.937249999581
71,4699.937249999581
72,4703.937249999581
72,4707.937249999581
72,4711.937249999581
73,4715.937249999581
73,4719.937249999581
73,4723.937249999581
74,4727.937249999581
74,4731.937249999581
74,4735.937249999581
75,4739.937249999581
75,4743.937249999581
75,4747.937249999581
76,4751.937249999581
76,4755.937249999581
76,4759.937249999581
76,4763.937249999581
77,4767.937249999581
77,4771.937249999581
78,4775.937249999581
78,4779.937249999581
78,4783.937249999581
78,4787.937249999581
79,4791.937249999581
79,4795.937249999581
79,4799.937249999581
80,4803.937249999581
80,4807.937249999581
80,4811.937249999581
81,4815.937249999581
81,4819.937249999581
82,4823.937249999581
82,4827.937249999581
82,4831.937249999581
82,4835.937249999581
83,4839.937249999581
83,4843.937249999581
83,4847.937249999581
84,4851.937249999581
84,4855.937249999581
84,4859.937249999581
85,4863.937249999581
85,4867.937249999581
85,4871.937249999581
86,4875.937249999581
86,4879.937249999581
86,4883.937249999581
87,4887.937249999581
87,4891.937249999581
87,4895.937249999581
88,4899.937249999581
88,4903.937249999581
88,4907.937249999581
88,4911.937249999581
89,4915.937249999581
89,4919.937249999581
89,4923.937249999581
89,4927.937249999581
90,4931.937249999581
91,4935.937249999581
91,4939.937249999581
91,4943.937249999581
91,4947.937249999581
92,4951.937249999581
92,4955.937249999581
93,4959.937249999581
93,4963.937249999581
93,4967.937249999581
93,4971.937249999581
94,4975.937249999581
95,4979.937249999581
95,4983.937249999581
96,4987.937249999581
96,4991.937249999581
96,4995.937249999581
97,4999.937249999581
98,5003.937249999581
98,5007.937249999581
99,5011.937249999581
99,5015.937249999581
100,5019.937249999581
100,5023.937249999581
101,5027.937249999581
101,5031.937249999581
102,5035.937249999581
102,5039.937249999581
103,5043.937249999581
103,5047.937249999581
104,5051.937249999581
105,5055.937249999581
105,5059.937249999581
105,5063.937249999581
107,5067.937249999581
107,5071.937249999581
107,5075.937249999581
108,5079.937249999581
108,5083.937249999581
108,5087.937249999581
109,5091.937249999581
109,5095.937249999581
110,5099.937249999581
110,5103.937249999581
111,5107.937249999581
111,5111.937249999581
111,5115.937249999581
112,5119.937249999581
112,5123.937249999581
112,5127.937249999581
113,5131.937249999581
113,5135.937249999581
113,5139.937249999581
114,5143.937249999581
114,5147.937249999581
114,5151.937249999581
115,5155.937249999581
115,5159.937249999581
115,5163.937249999581
115,5167.937249999581
116,5171.937249999581
116,5175.937249999581
116,5179.937249999581
116,5183.937249999581
117,5187.937249999581
117,5191.937249999581
117,5195.937249999581
118,5199.937249999581
118,5203.937249999581
118,5207.937249999581
118,5211.937249999581
118,5215.937249999581
119,5219.937249999581
119,5223.937249999581
119,5227.937249999581
120,5231.937249999581
120,5235.937249999581
120,5239.937249999581
120,5243.937249999581
121,5247.937249999581
121,5251.937249999581
121,5255.937249999581
122,5259.937249999581
122,5263.937249999581
122,5267.937249999581
122,5271.937249999581
123,5275.937249999581
123,5279.937249999581
123,5283.937249999581
123,5287.937249999581
124,5291.937249999581
124,5295.937249999581
124,5299.937249999581
125,5303.937249999581
125,5307.937249999581
125,5311.937249999581
125,5315.937249999581
126,5319.937249999581
126,5323.937249999581
126,5327.937249999581
127,5331.937249999581
127,5335.937249999581
127,5339.937249999581
127,5343.937249999581
128,5347.937249999581
128,5351.937249999581
128,5355.937249999581
129,5359.937249999581
129,5363.937249999581
129,5367.937249999581
129,5371.937249999581
129,5375.937249999581
129,5379.937249999581
129,5383.937249999581
129,5387.937249999581
129,5391.937249999581
129,5395.937249999581
130,5399.937249999581
130,5403.937249999581
130,5407.937249999581
131,5411.937249999581
131,5415.937249999581
132,5419.937249999581
132,5423.937249999581
132,5427.937249999581
133,5431.937249999581
133,5435.937249999581
133,5439.937249999581
134,5443.937249999581
134,5447.937249999581
134,5451.937249999581
134,5455.937249999581
135,5459.937249999581
135,5463.937249999581
135,5467.937249999581
136,5471.937249999581
136,5475.937249999581
136,5479.937249999581
137,5483.937249999581
137,5487.937249999581
137,5491.937249999581
137,5495.937249999581
138,5499.937249999581
138,5503.937249999581
138,5507.937249999581
138,5511.937249999581
139,5515.937249999581
139,5519.937249999581
139,5523.937249999581
140,5527.937249999581
140,5531.937249999581
140,5535.937249999581
141,5539.937249999581
141,5543.937249999581
141,5547.937249999581
141,5551.937249999581
141,5555.937249999581
142,5559.937249999581
142,5563.937249999581
142,5567.937249999581
142,5571.937249999581
142,5575.937249999581
143,5579.937249999581
143,5583.937249999581
143,5587.937249999581
143,5591.937249999581
144,5595.937249999581
144,5599.937249999581
144,5603.937249999581
144,5607.937249999581
144,5611.937249999581
145,5615.937249999581
145,5619.937249999581
145,5623.937249999581
145,5627.937249999581
146,5631.937249999581
146,5635.937249999581
146,5639.937249999581
146,5643.937249999581
147,5647.937249999581
147,5651.937249999581
147,5655.937249999581
148,5659.937249999581
148,5663.937249999581
148,5667.937249999581
149,5671.937249999581
149,5675.937249999581
149,5679.937249999581
150,5683.937249999581
150,5687.937249999581
150,5691.937249999581
151,5695.937249999581
151,5699.937249999581
152,5703.937249999581
152,5707.937249999581
153,5711.937249999581
153,5715.937249999581
154,5719.937249999581
154,5723.937249999581
154,5727.937249999581
155,5731.937249999581
155,5735.937249999581
155,5739.937249999581
156,5743.937249999581
156,5747.937249999581
156,5751.937249999581
157,5755.937249999581
157,5759.937249999581
157,5763.937249999581
158,5767.937249999581
158,5771.937249999581
158,5775.937249999581
159,5779.937249999581
159,5783.937249999581
159,5787.937249999581
160,5791.937249999581
159,5795.937249999581
160,5799.937249999581
160,5803.937249999581
160,5807.937249999581
160,5811.937249999581
161,5815.937249999581
161,5819.937249999581
162,5823.937249999581
162,5827.937249999581
162,5831.937249999581
162,5835.937249999581
162,5839.937249999581
162,5843.937249999581
162,5847.937249999581
163,5851.937249999581
163,5855.937249999581
163,5859.937249999581
163,5863.937249999581
164,5867.937249999581
164,5871.937249999581
164,5875.937249999581
164,5879.937249999581
164,5883.937249999581
165,5887.937249999581
165,5891.937249999581
165,5895.937249999581
165,5899.937249999581
165,5903.937249999581
165,5907.937249999581
166,5911.937249999581
166,5915.937249999581
166,5919.937249999581
166,5923.937249999581
166,5927.937249999581
166,5931.937249999581
167,5935.937249999581
167,5939.937249999581
167,5943.937249999581
167,5947.937249999581
168,5951.937249999581
168,5955.937249999581
168,5959.937249999581
168,5963.937249999581
168,5967.937249999581
169,5971.937249999581
169,5975.937249999581
169,5979.937249999581
169,5983.937249999581
170,5987.937249999581
170,5991.937249999581
170,5995.937249999581
170,5999.937249999581
171,6003.937249999581
171,6007.937249999581
171,6011.937249999581
171,6015.937249999581
172,6019.937249999581
172,6023.937249999581
172,6027.937249999581
173,6031.937249999581
173,6035.937249999581
173,6039.937249999581
173,6043.937249999581
174,6047.937249999581
174,6051.937249999581
174,6055.937249999581
174,6059.937249999581
175,6063.937249999581
175,6067.937249999581
175,6071.937249999581
175,6075.937249999581
175,6079.937249999581
176,6083.937249999581
176,6087.937249999581
176,6091.937249999581
176,6095.937249999581
176,6099.937249999581
177,6103.937249999581
177,6107.937249999581
177,6111.937249999581
177,6115.937249999581
177,6119.937249999581
177,6123.937249999581
177,6127.937249999581
177,6131.937249999581
177,6135.937249999581
177,6139.937249999581
177,6143.937249999581
177,6147.937249999581
177,6151.937249999581
177,6155.937249999581
177,6159.937249999581
178,6163.937249999581
177,6167.937249999581
178,6171.937249999581
178,6175.937249999581
178,6179.937249999581
178,6183.937249999581
178,6187.937249999581
178,6191.937249999581
178,6195.937249999581
178,6199.937249999581
178,6203.937249999581
179,6207.937249999581
179,6211.937249999581
179,6215.937249999581
179,6219.937249999581
179,6223.937249999581
179,6227.937249999581
180,6231.937249999581
180,6235.937249999581
180,6239.937249999581
180,6243.937249999581
180,6247.937249999581
180,6251.937249999581
180,6255.937249999581
181,6259.937249999581
181,6263.937249999581
181,6267.937249999581
181,6271.937249999581
182,6275.937249999581
182,6279.937249999581
182,6283.937249999581
182,6287.937249999581
182,6291.937249999581
183,6295.937249999581
183,6299.937249999581
183,6303.937249999581
184,6307.937249999581
184,6311.937249999581
185,6315.937249999581
185,6319.937249999581
185,6323.937249999581
186,6327.937249999581
186,6331.937249999581
186,6335.937249999581
187,6339.937249999581
187,6343.937249999581
188,6347.937249999581
188,6351.937249999581
188,6355.937249999581
188,6359.937249999581
189,6363.937249999581
189,6367.937249999581
190,6371.937249999581
190,6375.937249999581
190,6379.937249999581
191,6383.937249999581
191,6387.937249999581
191,6391.937249999581
192,6395.937249999581
192,6399.937249999581
192,6403.937249999581
193,6407.937249999581
193,6411.937249999581
193,6415.937249999581
194,6419.937249999581
194,6423.937249999581
194,6427.937249999581
195,6431.937249999581
195,6435.937249999581
195,6439.937249999581
195,6443.937249999581
196,6447.937249999581
196,6451.937249999581
196,6455.937249999581
196,6459.937249999581
196,6463.937249999581
197,6467.937249999581
196,6471.937249999581
197,6475.937249999581
197,6479.937249999581
197,6483.937249999581
197,6487.937249999581
198,6491.937249999581
198,6495.937249999581
199,6499.937249999581
199,6503.937249999581
200,6507.937249999581
200,6511.937249999581
200,6515.937249999581
201,6519.937249999581
202,6523.937249999581
202,6527.937249999581
203,6531.937249999581
203,6535.937249999581
204,6539.937249999581
205,6543.937249999581
205,6547.937249999581
205,6551.937249999581
205,6555.937249999581
206,6559.937249999581
206,6563.937249999581
207,6567.937249999581
207,6571.937249999581
207,6575.937249999581
208,6579.937249999581
208,6583.937249999581
208,6587.937249999581
208,6591.937249999581
209,6595.937249999581
209,6599.937249999581
209,6603.937249999581
209,6607.937249999581
210,6611.937249999581
210,6615.937249999581
210,6619.937249999581
211,6623.937249999581
211,6627.937249999581
211,6631.937249999581
212,6635.937249999581
212,6639.937249999581
212,6643.937249999581
213,6647.937249999581
213,6651.937249999581
213,6655.937249999581
214,6659.937249999581
214,6663.937249999581
215,6667.937249999581
215,6671.937249999581
216,6675.937249999581
216,6679.937249999581
216,6683.937249999581
217,6687.937249999581
217,6691.937249999581
217,6695.937249999581
218,6699.937249999581
218,6703.937249999581
219,6707.937249999581
219,6711.937249999581
220,6715.937249999581
220,6719.937249999581
221,6723.937249999581
221,6727.937249999581
222,6731.937249999581
223,6735.937249999581
223,6739.937249999581
224,6743.937249999581
225,6747.937249999581
226,6751.937249999581
226,6755.937249999581
227,6759.937249999581
228,6763.937249999581
229,6767.937249999581
229,6771.937249999581
230,6775.937249999581
231,6779.937249999581
231,6783.937249999581
231,6787.937249999581
232,6791.937249999581
233,6795.937249999581
233,6799.937249999581
234,6803.937249999581
234,6807.937249999581
235,6811.937249999581
235,6815.937249999581
236,6819.937249999581
236,6823.937249999581
237,6827.937249999581
237,6831.937249999581
238,6835.937249999581
238,6839.937249999581
238,6843.937249999581
239,6847.937249999581
239,6851.937249999581
240,6855.937249999581
240,6859.937249999581
240,6863.937249999581
241,6867.937249999581
241,6871.937249999581
241,6875.937249999581
242,6879.937249999581
242,6883.937249999581
243,6887.937249999581
243,6891.937249999581
244,6895.937249999581
244,6899.937249999581
244,6903.937249999581
245,6907.937249999581
246,6911.937249999581
246,6915.937249999581
246,6919.937249999581
247,6923.937249999581
248,6927.937249999581
248,6931.937249999581
249,6935.937249999581
249,6939.937249999581
249,6943.937249999581
250,6947.937249999581
250,6951.937249999581
251,6955.937249999581
251,6959.937249999581
252,6963.937249999581
252,6967.937249999581
252,6971.937249999581
253,6975.937249999581
253,6979.937249999581
254,6983.937249999581
254,6987.937249999581
254,6991.937249999581
255,6995.937249999581
255,6999.937249999581
255,7003.937249999581
255,7007.937249999581
255,7011.937249999581
255,7015.937249999581
255,7019.937249999581
255,7023.937249999581
255,7027.937249999581
255,7031.937249999581
255,7035.937249999581
255,7039.937249999581
255,7043.937249999581
255,7047.937249999581
255,7051.937249999581
255,7055.937249999581
255,7059.937249999581
255,7063.937249999581
255,7067.937249999581
255,7071.937249999581
255,7075.937249999581
255,7079.937249999581
255,7083.937249999581
255,7087.937249999581
255,7091.937249999581
255,7095.937249999581
255,7099.937249999581
255,7103.937249999581
255,7107.937249999581
255,7111.937249999581
255,7115.937249999581
255,7119.937249999581
255,7123.937249999581
255,7127.937249999581
255,7131.937249999581
255,7135.937249999581
255,7139.937249999581
255,7143.937249999581
255,7147.937249999581
255,7151.937249999581
255,7155.937249999581
255,7159.937249999581
255,7163.937249999581
255,7167.937249999581
255,7171.937249999581
255,7175.937249999581
255,7179.937249999581
255,7183.937249999581
255,7187.937249999581
255,7191.937249999581
255,7195.937249999581
255,7199.937249999581
255,7203.937249999581
255,7207.937249999581
255,7211.937249999581
255,7215.937249999581
255,7219.937249999581
255,7223.937249999581
255,7227.937249999581
255,7231.937249999581
255,7235.937249999581
255,7239.937249999581
255,7243.937249999581
255,7247.937249999581
255,7251.937249999581
255,7255.937249999581
255,7259.937249999581
255,7263.937249999581
255,7267.937249999581
255,7271.937249999581
255,7275.937249999581
255,7279.937249999581
255,7283.937249999581
255,7287.937249999581
255,7291.937249999581
255,7295.937249999581
255,7299.937249999581
255,7303.937249999581
255,7307.937249999581
255,7311.937249999581
255,7315.937249999581
255,7319.937249999581
255,7323.937249999581
255,7327.937249999581
255,7331.937249999581
255,7335.937249999581
255,7339.937249999581
255,7343.937249999581
255,7347.937249999581
255,7351.937249999581
255,7355.937249999581
255,7359.937249999581
255,7363.937249999581
255,7367.937249999581
255,7371.937249999581
255,7375.937249999581
255,7379.937249999581
255,7383.937249999581
255,7387.937249999581
255,7391.937249999581
255,7395.937249999581
255,7399.937249999581
255,7403.937249999581
255,7407.937249999581
255,7411.937249999581
255,7415.937249999581
255,7419.937249999581
255,7423.937249999581
255,7427.937249999581
255,7431.937249999581
255,7435.937249999581
255,7439.937249999581
255,7443.937249999581
255,7447.937249999581
255,7451.937249999581
255,7455.937249999581
255,7459.937249999581
255,7463.937249999581
255,7467.937249999581
255,7471.937249999581
255,7475.937249999581
255,7479.937249999581
255,7483.937249999581
255,7487.937249999581
255,7491.937249999581
255,7495.937249999581
255,7499.937249999581
255,7503.937249999581
255,7507.937249999581
255,7511.937249999581
255,7515.937249999581
255,7519.937249999581
255,7523.937249999581
255,7527.937249999581
255,7531.937249999581
255,7535.937249999581
255,7539.937249999581
255,7543.937249999581
255,7547.937249999581
255,7551.937249999581
255,7555.937249999581
255,7559.937249999581
255,7563.937249999581
255,7567.937249999581
255,7571.937249999581
255,7575.937249999581
255,7579.937249999581
255,7583.937249999581
255,7587.937249999581
255,7591.937249999581
255,7595.937249999581
255,7599.937249999581
255,7603.937249999581
255,7607.937249999581
255,7611.937249999581
255,7615.937249999581
255,7619.937249999581
255,7623.937249999581
255,7627.937249999581
255,7631.937249999581
255,7635.937249999581
255,7639.937249999581
255,7643.937249999581
255,7647.937249999581
255,7651.937249999581
255,7655.937249999581
255,7659.937249999581
255,7663.937249999581
255,7667.937249999581
255,7671.937249999581
255,7675.937249999581
255,7679.937249999581
255,7683.937249999581
255,7687.937249999581
255,7691.937249999581
255,7695.937249999581
255,7699.937249999581
255,7703.937249999581
255,7707.937249999581
255,7711.937249999581
255,7715.937249999581
255,7719.937249999581
255,7723.937249999581
255,7727.937249999581
255,7731.937249999581
255,7735.937249999581
255,7739.937249999581
255,7743.937249999581
255,7747.937249999581
255,7751.937249999581
255,7755.937249999581
255,7759.937249999581
255,7763.937249999581
255,7767.937249999581
255,7771.937249999581
255,7775.937249999581
255,7779.937249999581
255,7783.937249999581
255,7787.937249999581
255,7791.937249999581
255,7795.937249999581
255,7799.937249999581
255,7803.937249999581
255,7807.937249999581
255,7811.937249999581
255,7815.937249999581
255,7819.937249999581
255,7823.937249999581
255,7827.937249999581
255,7831.937249999581
255,7835.937249999581
255,7839.937249999581
255,7843.937249999581
255,7847.937249999581
255,7851.937249999581
255,7855.937249999581
255,7859.937249999581
255,7863.937249999581
255,7867.937249999581
255,7871.937249999581
255,7875.937249999581
255,7879.937249999581
255,7883.937249999581
255,7887.937249999581
255,7891.937249999581
255,7895.937249999581
255,7899.937249999581
255,7903.937249999581
255,7907.937249999581
255,7911.937249999581
255,7915.937249999581
255,7919.937249999581
255,7923.937249999581
255,7927.937249999581
255,7931.937249999581
255,7935.937249999581
255,7939.937249999581
255,7943.937249999581
255,7947.937249999581
255,7951.937249999581
255,7955.937249999581
255,7959.937249999581
255,7963.937249999581
255,7967.937249999581
255,7971.937249999581
255,7975.937249999581
255,7979.937249999581
255,7983.937249999581
255,7987.937249999581
255,7991.937249999581
255,7995.937249999581
255,7999.937249999581
255,8003.937249999581
255,8007.937249999581
255,8011.937249999581
255,8015.937249999581
255,8019.937249999581
255,8023.937249999581
255,8027.937249999581
255,8031.937249999581
255,8035.937249999581
255,8039.937249999581
255,8043.937249999581
255,8047.937249999581
255,8051.937249999581
255,8055.937249999581
255,8059.937249999581
255,8063.937249999581
255,8067.937249999581
255,8071.937249999581
255,8075.937249999581
255,8079.937249999581
255,8083.937249999581
255,8087.937249999581
255,8091.937249999581
255,8095.937249999581
255,8099.937249999581
255,8103.937249999581
255,8107.937249999581
255,8111.937249999581
255,8115.937249999581
255,8119.937249999581
255,8123.937249999581
255,8127.937249999581
255,8131.937249999581
255,8135.937249999581
255,8139.937249999581
255,8143.937249999581
255,8147.937249999581
255,8151.937249999581
255,8155.937249999581
255,8159.937249999581
255,8163.937249999581
255,8167.937249999581
255,8171.937249999581
255,8175.937249999581
255,8179.937249999581
255,8183.937249999581
255,8187.937249999581
255,8191.937249999581
255,8195.93724999958
255,8199.93724999958
255,8203.93724999958
255,8207.93724999958
255,8211.93724999958
255,8215.93724999958
255,8219.93724999958
255,8223.93724999958
255,8227.93724999958
255,8231.93724999958
255,8235.93724999958
255,8239.93724999958
255,8243.93724999958
255,8247.93724999958
255,8251.93724999958
255,8255.93724999958
255,8259.93724999958
255,8263.93724999958
255,8267.93724999958
255,8271.93724999958
255,8275.93724999958
255,8279.93724999958
255,8283.93724999958
255,8287.93724999958
255,8291.93724999958
255,8295.93724999958
255,8299.93724999958
255,8303.93724999958
255,8307.93724999958
255,8311.93724999958
255,8315.93724999958
255,8319.93724999958
255,8323.93724999958
255,8327.93724999958
255,8331.93724999958
255,8335.93724999958
255,8339.93724999958
255,8343.93724999958
255,8347.93724999958
255,8351.93724999958
255,8355.93724999958
255,8359.93724999958
255,8363.93724999958
255,8367.93724999958
255,8371.93724999958
255,8375.93724999958
255,8379.93724999958
255,8383.93724999958
255,8387.93724999958
255,8391.93724999958
255,8395.93724999958
255,8399.93724999958
255,8403.93724999958
255,8407.93724999958
255,8411.93724999958
255,8415.93724999958
255,8419.93724999958
255,8423.93724999958
255,8427.93724999958
255,8431.93724999958
255,8435.93724999958
255,8439.93724999958
255,8443.93724999958
255,8447.93724999958
255,8451.93724999958
255,8455.93724999958
255,8459.93724999958
255,8463.93724999958
255,8467.93724999958
255,8471.93724999958
255,8475.93724999958
255,8479.93724999958
255,8483.93724999958
255,8487.93724999958
255,8491.93724999958
255,8495.93724999958
255,8499.93724999958
255,8503.93724999958
255,8507.93724999958
255,8511.93724999958
255,8515.93724999958
255,8519.93724999958
255,8523.93724999958
255,8527.93724999958
255,8531.93724999958
255,8535.93724999958
255,8539.93724999958
255,8543.93724999958
255,8547.93724999958
255,8551.93724999958
255,8555.93724999958
255,8559.93724999958
255,8563.93724999958
255,8567.93724999958
255,8571.93724999958
255,8575.93724999958
255,8579.93724999958
255,8583.93724999958
255,8587.93724999958
255,8591.93724999958
255,8595.93724999958
255,8599.93724999958
255,8603.93724999958
255,8607.93724999958
255,8611.93724999958
255,8615.93724999958
255,8619.93724999958
255,8623.93724999958
255,8627.93724999958
255,8631.93724999958
255,8635.93724999958
255,8639.93724999958
255,8643.93724999958
255,8647.93724999958
255,8651.93724999958
255,8655.93724999958
255,8659.93724999958
255,8663.93724999958
255,8667.93724999958
255,8671.93724999958
255,8675.93724999958
255,8679.93724999958
255,8683.93724999958
255,8687.93724999958
255,8691.93724999958
255,8695.93724999958
255,8699.93724999958
255,8703.93724999958
255,8707.93724999958
255,8711.93724999958
255,8715.93724999958
255,8719.93724999958
255,8723.93724999958
255,8727.93724999958
255,8731.93724999958
255,8735.93724999958
255,8739.93724999958
255,8743.93724999958
255,8747.93724999958
255,8751.93724999958
255,8755.93724999958
255,8759.93724999958
255,8763.93724999958
255,8767.93724999958
255,8771.93724999958
255,8775.93724999958
255,8779.93724999958
255,8783.93724999958
255,8787.93724999958
255,8791.93724999958
255,8795.93724999958
255,8799.93724999958
255,8803.93724999958
255,8807.93724999958
255,8811.93724999958
255,8815.93724999958
255,8819.93724999958
255,8823.93724999958
255,8827.93724999958
255,8831.93724999958
255,8835.93724999958
255,8839.93724999958
255,8843.93724999958
255,8847.93724999958
255,8851.93724999958
255,8855.93724999958
255,8859.93724999958
255,8863.93724999958
255,8867.93724999958
255,8871.93724999958
255,8875.93724999958
255,8879.93724999958
255,8883.93724999958
255,8887.93724999958
255,8891.93724999958
255,8895.93724999958
255,8899.93724999958
255,8903.93724999958
255,8907.93724999958
255,8911.93724999958
255,8915.93724999958
255,8919.93724999958
255,8923.93724999958
255,8927.93724999958
255,8931.93724999958
255,8935.93724999958
255,8939.93724999958
255,8943.93724999958
255,8947.93724999958
255,8951.93724999958
255,8955.93724999958
255,8959.93724999958
255,8963.93724999958
255,8967.93724999958
255,8971.93724999958
255,8975.93724999958
255,8979.93724999958
255,8983.93724999958
255,8987.93724999958
255,8991.93724999958
255,8995.93724999958
255,8999.93724999958
255,9003.93724999958
255,9007.93724999958
255,9011.93724999958
255,9015.93724999958
255,9019.93724999958
255,9023.93724999958
255,9027.93724999958
255,9031.93724999958
255,9035.93724999958
255,9039.93724999958
255,9043.93724999958
255,9047.93724999958
255,9051.93724999958
255,9055.93724999958
255,9059.93724999958
255,9063.93724999958
255,9067.93724999958
255,9071.93724999958
255,9075.93724999958
255,9079.93724999958
255,9083.93724999958
255,9087.93724999958
255,9091.93724999958
255,9095.93724999958
255,9099.93724999958
255,9103.93724999958
255,9107.93724999958
255,9111.93724999958
255,9115.93724999958
255,9119.93724999958
255,9123.93724999958
255,9127.93724999958
255,9131.93724999958
255,9135.93724999958
255,9139.93724999958
255,9143.93724999958
255,9147.93724999958
255,9151.93724999958
255,9155.93724999958
255,9159.93724999958
255,9163.93724999958
255,9167.93724999958
255,9171.93724999958
255,9175.93724999958
255,9179.93724999958
255,9183.93724999958
255,9187.93724999958
255,9191.93724999958
255,9195.93724999958
255,9199.93724999958
255,9203.93724999958
255,9207.93724999958
255,9211.93724999958
255,9215.93724999958
255,9219.93724999958
255,9223.93724999958
255,9227.93724999958
255,9231.93724999958
255,9235.93724999958
255,9239.93724999958
255,9243.93724999958
255,9247.93724999958
255,9251.93724999958
255,9255.93724999958
255,9259.93724999958
255,9263.93724999958
255,9267.93724999958
255,9271.93724999958
255,9275.93724999958
255,9279.93724999958
255,9283.93724999958
255,9287.93724999958
255,9291.93724999958
255,9295.93724999958
255,9299.93724999958
255,9303.93724999958
255,9307.93724999958
255,9311.93724999958
255,9315.93724999958
255,9319.93724999958
255,9323.93724999958
255,9327.93724999958
255,9331.93724999958
255,9335.93724999958
255,9339.93724999958
255,9343.93724999958
255,9347.93724999958
255,9351.93724999958
255,9355.93724999958
255,9359.93724999958
255,9363.93724999958
255,9367.93724999958
255,9371.93724999958
255,9375.93724999958
255,9379.93724999958
255,9383.93724999958
255,9387.93724999958
255,9391.93724999958
255,9395.93724999958
255,9399.93724999958
255,9403.93724999958
255,9407.93724999958
255,9411.93724999958
255,9415.93724999958
255,9419.93724999958
255,9423.93724999958
255,9427.93724999958
255,9431.93724999958
255,9435.93724999958
255,9439.93724999958
255,9443.93724999958
255,9447.93724999958
255,9451.93724999958
255,9455.93724999958
255,9459.93724999958
255,9463.93724999958
255,9467.93724999958
255,9471.93724999958
255,9475.93724999958
255,9479.93724999958
255,9483.93724999958
255,9487.93724999958
255,9491.93724999958
255,9495.93724999958
255,9499.93724999958
255,9503.93724999958
255,9507.93724999958
255,9511.93724999958
255,9515.93724999958
255,9519.93724999958
255,9523.93724999958
255,9527.93724999958
255,9531.93724999958
255,9535.93724999958
255,9539.93724999958
255,9543.93724999958
255,9547.93724999958
255,9551.93724999958
255,9555.93724999958
255,9559.93724999958
255,9563.93724999958
255,9567.93724999958
255,9571.93724999958
255,9575.93724999958
255,9579.93724999958
255,9583.93724999958
255,9587.93724999958
255,9591.93724999958
255,9595.93724999958
255,9599.93724999958
255,9603.93724999958
255,9607.93724999958
255,9611.93724999958
255,9615.93724999958
255,9619.93724999958
255,9623.93724999958
255,9627.93724999958
255,9631.93724999958
255,9635.93724999958
255,9639.93724999958
255,9643.93724999958
255,9647.93724999958
255,9651.93724999958
255,9655.93724999958
255,9659.93724999958
255,9663.93724999958
255,9667.93724999958
255,9671.93724999958
255,9675.93724999958
255,9679.93724999958
255,9683.93724999958
255,9687.93724999958
255,9691.93724999958
255,9695.93724999958
255,9699.93724999958
255,9703.93724999958
255,9707.93724999958
255,9711.93724999958
255,9715.93724999958
255,9719.93724999958
255,9723.93724999958
255,9727.93724999958
255,9731.93724999958
255,9735.93724999958
255,9739.93724999958
255,9743.93724999958
255,9747.93724999958
255,9751.93724999958
255,9755.93724999958
255,9759.93724999958
255,9763.93724999958
255,9767.93724999958
255,9771.93724999958
255,9775.93724999958
255,9779.93724999958
255,9783.93724999958
255,9787.93724999958
255,9791.93724999958
255,9795.93724999958
255,9799.93724999958
255,9803.93724999958
255,9807.93724999958
255,9811.93724999958
255,9815.93724999958
255,9819.93724999958
255,9823.93724999958
255,9827.93724999958
255,9831.93724999958
255,9835.93724999958
255,9839.93724999958
255,9843.93724999958
255,9847.93724999958
255,9851.93724999958
255,9855.93724999958
255,9859.93724999958
255,9863.93724999958
255,9867.93724999958
255,9871.93724999958
255,9875.93724999958
255,9879.93724999958
255,9883.93724999958
255,9887.93724999958
255,9891.93724999958
255,9895.93724999958
255,9899.93724999958
255,9903.93724999958
255,9907.93724999958
255,9911.93724999958
255,9915.93724999958
255,9919.93724999958
255,9923.93724999958
255,9927.93724999958
255,9931.93724999958
255,9935.93724999958
255,9939.93724999958
255,9943.93724999958
255,9947.93724999958
255,9951.93724999958
255,9955.93724999958
255,9959.93724999958
255,9963.93724999958
255,9967.93724999958
255,9971.93724999958
255,9975.93724999958
255,9979.93724999958
255,9983.93724999958
255,9987.93724999958
255,9991.93724999958
255,9995.93724999958
255,9999.93724999958
255,10003.93724999958
255,10007.93724999958
255,10011.93724999958
255,10015.93724999958
255,10019.93724999958
255,10023.93724999958
255,10027.93724999958
255,10031.93724999958
255,10035.93724999958
255,10039.93724999958
255,10043.93724999958
255,10047.93724999958
255,10051.93724999958
255,10055.93724999958
255,10059.93724999958
255,10063.93724999958
255,10067.93724999958
255,10071.93724999958
255,10075.93724999958
255,10079.93724999958
255,10083.93724999958
255,10087.93724999958
255,10091.93724999958
255,10095.93724999958
255,10099.93724999958
255,10103.93724999958
255,10107.93724999958
255,10111.93724999958
255,10115.93724999958
255,10119.93724999958
255,10123.93724999958
255,10127.93724999958
255,10131.93724999958
255,10135.93724999958
255,10139.93724999958
255,10143.93724999958
255,10147.93724999958
255,10151.93724999958
255,10155.93724999958
255,10159.93724999958
255,10163.93724999958
255,10167.93724999958
255,10171.93724999958
255,10175.93724999958
255,10179.93724999958
255,10183.93724999958
255,10187.93724999958
255,10191.93724999958
255,10195.93724999958
255,10199.93724999958
255,10203.93724999958
255,10207.93724999958
255,10211.93724999958
255,10215.93724999958
255,10219.93724999958
255,10223.93724999958
255,10227.93724999958
255,10231.93724999958
255,10235.93724999958
255,10239.93724999958
255,10243.93724999958
255,10247.93724999958
255,10251.93724999958
255,10255.93724999958
255,10259.93724999958
255,10263.93724999958
255,10267.93724999958
255,10271.93724999958
255,10275.93724999958
255,10279.93724999958
255,10283.93724999958
255,10287.93724999958
255,10291.93724999958
255,10295.93724999958
255,10299.93724999958
255,10303.93724999958
255,10307.93724999958
255,10311.93724999958
255,10315.93724999958
255,10319.93724999958
255,10323.93724999958
255,10327.93724999958
255,10331.93724999958
255,10335.93724999958
255,10339.93724999958
255,10343.93724999958
255,10347.93724999958
255,10351.93724999958
255,10355.93724999958
255,10359.93724999958
255,10363.93724999958
255,10367.93724999958
255,10371.93724999958
255,10375.93724999958
255,10379.93724999958
255,10383.93724999958
255,10387.93724999958
255,10391.93724999958
255,10395.93724999958
255,10399.93724999958
255,10403.93724999958
255,10407.93724999958
255,10411.93724999958
255,10415.93724999958
255,10419.93724999958
255,10423.93724999958
255,10427.93724999958
255,10431.93724999958
255,10435.93724999958
255,10439.93724999958
255,10443.93724999958
255,10447.93724999958
255,10451.93724999958
255,10455.93724999958
255,10459.93724999958
255,10463.93724999958
255,10467.93724999958
255,10471.93724999958
255,10475.93724999958
255,10479.93724999958
255,10483.93724999958
255,10487.93724999958
255,10491.93724999958
255,10495.93724999958
255,10499.93724999958
255,10503.93724999958
255,10507.93724999958
255,10511.93724999958
255,10515.93724999958
255,10519.93724999958
255,10523.93724999958
255,10527.93724999958
255,10531.93724999958
255,10535.93724999958
255,10539.93724999958
255,10543.93724999958
255,10547.93724999958
255,10551.93724999958
255,10555.93724999958
255,10559.93724999958
255,10563.93724999958
255,10567.93724999958
255,10571.93724999958
255,10575.93724999958
255,10579.93724999958
255,10583.93724999958
255,10587.93724999958
255,10591.93724999958
255,10595.93724999958
255,10599.93724999958
255,10603.93724999958
255,10607.93724999958
255,10611.93724999958
255,10615.93724999958
255,10619.93724999958
255,10623.93724999958
255,10627.93724999958
255,10631.93724999958
255,10635.93724999958
255,10639.93724999958
255,10643.93724999958
255,10647.93724999958
255,10651.93724999958
255,10655.93724999958
255,10659.93724999958
255,10663.93724999958
255,10667.93724999958
255,10671.93724999958
255,10675.93724999958
255,10679.93724999958
255,10683.93724999958
255,10687.93724999958
255,10691.93724999958
255,10695.93724999958
255,10699.93724999958
255,10703.93724999958
255,10707.93724999958
255,10711.93724999958
255,10715.93724999958
255,10719.93724999958
255,10723.93724999958
255,10727.93724999958
255,10731.93724999958
255,10735.93724999958
255,10739.93724999958
255,10743.93724999958
255,10747.93724999958
255,10751.93724999958
255,10755.93724999958
255,10759.93724999958
255,10763.93724999958
255,10767.93724999958
255,10771.93724999958
255,10775.93724999958
255,10779.93724999958
255,10783.93724999958
255,10787.93724999958
255,10791.93724999958
255,10795.93724999958
255,10799.93724999958
255,10803.93724999958
255,10807.93724999958
255,10811.93724999958
255,10815.93724999958
255,10819.93724999958
255,10823.93724999958
255,10827.93724999958
255,10831.93724999958
255,10835.93724999958
255,10839.93724999958
255,10843.93724999958
255,10847.93724999958
255,10851.93724999958
255,10855.93724999958
255,10859.93724999958
255,10863.93724999958
255,10867.93724999958
255,10871.93724999958
255,10875.93724999958
255,10879.93724999958
255,10883.93724999958
255,10887.93724999958
255,10891.93724999958
255,10895.93724999958
255,10899.93724999958
255,10903.93724999958
255,10907.93724999958
255,10911.93724999958
255,10915.93724999958
255,10919.93724999958
255,10923.93724999958
255,10927.93724999958
255,10931.93724999958
255,10935.93724999958
255,10939.93724999958
255,10943.93724999958
255,10947.93724999958
255,10951.93724999958
255,10955.93724999958
255,10959.93724999958
255,10963.93724999958
255,10967.93724999958
255,10971.93724999958
255,10975.93724999958
255,10979.93724999958
255,10983.93724999958
255,10987.93724999958
255,10991.93724999958
255,10995.93724999958
255,10999.93724999958
255,11003.93724999958
255,11007.93724999958
255,11011.93724999958
255,11015.93724999958
255,11019.93724999958
255,11023.93724999958
255,11027.93724999958
255,11031.93724999958
255,11035.93724999958
255,11039.93724999958
255,11043.93724999958
255,11047.93724999958
255,11051.93724999958
255,11055.93724999958
255,11059.93724999958
255,11063.93724999958
255,11067.93724999958
255,11071.93724999958
255,11075.93724999958
255,11079.93724999958
255,11083.93724999958
255,11087.93724999958
255,11091.93724999958
255,11095.93724999958
255,11099.93724999958
255,11103.93724999958
255,11107.93724999958
255,11111.93724999958
255,11115.93724999958
255,11119.93724999958
255,11123.93724999958
255,11127.93724999958
255,11131.93724999958
255,11135.93724999958
255,11139.93724999958
255,11143.93724999958
255,11147.93724999958
255,11151.93724999958
255,11155.93724999958
255,11159.93724999958
255,11163.93724999958
255,11167.93724999958
255,11171.93724999958
255,11175.93724999958
255,11179.93724999958
255,11183.93724999958
255,11187.93724999958
255,11191.93724999958
255,11195.93724999958
255,11199.93724999958
255,11203.93724999958
255,11207.93724999958
255,11211.93724999958
255,11215.93724999958
255,11219.93724999958
255,11223.93724999958
255,11227.93724999958
255,11231.93724999958
255,11235.93724999958
255,11239.93724999958
255,11243.93724999958
255,11247.93724999958
255,11251.93724999958
255,11255.93724999958
255,11259.93724999958
255,11263.93724999958
255,11267.93724999958
255,11271.93724999958
255,11275.93724999958
255,11279.93724999958
255,11283.93724999958
255,11287.93724999958
255,11291.93724999958
255,11295.93724999958
255,11299.93724999958
255,11303.93724999958
255,11307.93724999958
255,11311.93724999958
255,11315.93724999958
255,11319.93724999958
255,11323.93724999958
255,11327.93724999958
255,11331.93724999958
255,11335.93724999958
255,11339.93724999958
255,11343.93724999958
255,11347.93724999958
255,11351.93724999958
255,11355.93724999958
255,11359.93724999958
255,11363.93724999958
255,11367.93724999958
255,11371.93724999958
255,11375.93724999958
255,11379.93724999958
255,11383.93724999958
255,11387.93724999958
255,11391.93724999958
255,11395.93724999958
255,11399.93724999958
255,11403.93724999958
255,11407.93724999958
255,11411.93724999958
255,11415.93724999958
255,11419.93724999958
255,11423.93724999958
255,11427.93724999958
255,11431.93724999958
255,11435.93724999958
255,11439.93724999958
255,11443.93724999958
255,11447.93724999958
255,11451.93724999958
255,11455.93724999958
255,11459.93724999958
255,11463.93724999958
255,11467.93724999958
255,11471.93724999958
255,11475.93724999958
255,11479.93724999958
255,11483.93724999958
255,11487.93724999958
255,11491.93724999958
255,11495.93724999958
255,11499.93724999958
255,11503.93724999958
255,11507.93724999958
255,11511.93724999958
255,11515.93724999958
255,11519.93724999958
255,11523.93724999958
255,11527.93724999958
255,11531.93724999958
255,11535.93724999958
255,11539.93724999958
255,11543.93724999958
255,11547.93724999958
255,11551.93724999958
255,11555.93724999958
255,11559.93724999958
255,11563.93724999958
255,11567.93724999958
255,11571.93724999958
255,11575.93724999958
255,11579.93724999958
255,11583.93724999958
255,11587.93724999958
255,11591.93724999958
255,11595.93724999958
255,11599.93724999958
255,11603.93724999958
255,11607.93724999958
255,11611.93724999958
255,11615.93724999958
255,11619.93724999958
255,11623.93724999958
255,11627.93724999958
255,11631.93724999958
255,11635.93724999958
255,11639.93724999958
255,11643.93724999958
255,11647.93724999958
255,11651.93724999958
255,11655.93724999958
255,11659.93724999958
255,11663.93724999958
255,11667.93724999958
255,11671.93724999958
255,11675.93724999958
255,11679.93724999958
255,11683.93724999958
255,11687.93724999958
255,11691.93724999958
255,11695.93724999958
255,11699.93724999958
255,11703.93724999958
255,11707.93724999958
255,11711.93724999958
255,11715.93724999958
255,11719.93724999958
255,11723.93724999958
255,11727.93724999958
255,11731.93724999958
255,11735.93724999958
255,11739.93724999958
255,11743.93724999958
255,11747.93724999958
255,11751.93724999958
255,11755.93724999958
255,11759.93724999958
255,11763.93724999958
255,11767.93724999958
255,11771.93724999958
255,11775.93724999958
255,11779.93724999958
255,11783.93724999958
255,11787.93724999958
255,11791.93724999958
255,11795.93724999958
255,11799.93724999958
255,11803.93724999958
255,11807.93724999958
255,11811.93724999958
255,11815.93724999958
255,11819.93724999958
255,11823.93724999958
255,11827.93724999958
255,11831.93724999958
255,11835.93724999958
255,11839.93724999958
255,11843.93724999958
255,11847.93724999958
255,11851.93724999958
255,11855.93724999958
255,11859.93724999958
255,11863.93724999958
255,11867.93724999958
255,11871.93724999958
255,11875.93724999958
255,11879.93724999958
255,11883.93724999958
255,11887.93724999958
255,11891.93724999958
255,11895.93724999958
255,11899.93724999958
255,11903.93724999958
255,11907.93724999958
255,11911.93724999958
255,11915.93724999958
255,11919.93724999958
255,11923.93724999958
255,11927.93724999958
255,11931.93724999958
255,11935.93724999958
255,11939.93724999958
255,11943.93724999958
255,11947.93724999958
255,11951.93724999958
255,11955.93724999958
255,11959.93724999958
255,11963.93724999958
255,11967.93724999958
255,11971.93724999958
255,11975.93724999958
255,11979.93724999958
255,11983.93724999958
255,11987.93724999958
255,11991.93724999958
255,11995.93724999958
255,11999.93724999958
255,12003.93724999958
255,12007.93724999958
255,12011.93724999958
255,12015.93724999958
255,12019.93724999958
255,12023.93724999958
255,12027.93724999958
255,12031.93724999958
255,12035.93724999958
255,12039.93724999958
255,12043.93724999958
255,12047.93724999958
255,12051.93724999958
255,12055.93724999958
255,12059.93724999958
255,12063.93724999958
255,12067.93724999958
255,12071.93724999958
255,12075.93724999958
255,12079.93724999958
255,12083.93724999958
255,12087.93724999958
255,12091.93724999958
255,12095.93724999958
255,12099.93724999958
255,12103.93724999958
255,12107.93724999958
255,12111.93724999958
255,12115.93724999958
255,12119.93724999958
255,12123.93724999958
255,12127.93724999958
255,12131.93724999958
255,12135.93724999958
255,12139.93724999958
255,12143.93724999958
255,12147.93724999958
255,12151.93724999958
255,12155.93724999958
255,12159.93724999958
255,12163.93724999958
255,12167.93724999958
255,12171.93724999958
255,12175.93724999958
255,12179.93724999958
255,12183.93724999958
255,12187.93724999958
255,12191.93724999958
255,12195.93724999958
255,12199.93724999958
255,12203.93724999958
255,12207.93724999958
255,12211.93724999958
255,12215.93724999958
255,12219.93724999958
255,12223.93724999958
255,12227.93724999958
255,12231.93724999958
255,12235.93724999958
255,12239.93724999958
255,12243.93724999958
255,12247.93724999958
255,12251.93724999958
255,12255.93724999958
255,12259.93724999958
255,12263.93724999958
255,12267.93724999958
255,12271.93724999958
255,12275.93724999958
255,12279.93724999958
255,12283.93724999958
255,12287.93724999958
255,12291.93724999958
255,12295.93724999958
255,12299.93724999958
255,12303.93724999958
255,12307.93724999958
255,12311.93724999958
255,12315.93724999958
255,12319.93724999958
255,12323.93724999958
255,12327.93724999958
255,12331.93724999958
255,12335.93724999958
255,12339.93724999958
255,12343.93724999958
255,12347.93724999958
255,12351.93724999958
255,12355.93724999958
255,12359.93724999958
255,12363.93724999958
255,12367.93724999958
255,12371.93724999958
255,12375.93724999958
255,12379.93724999958
255,12383.93724999958
255,12387.93724999958
255,12391.93724999958
255,12395.93724999958
255,12399.93724999958
255,12403.93724999958
255,12407.93724999958
255,12411.93724999958
255,12415.93724999958
255,12419.93724999958
255,12423.93724999958
255,12427.93724999958
255,12431.93724999958
255,12435.93724999958
255,12439.93724999958
255,12443.93724999958
255,12447.93724999958
255,12451.93724999958
255,12455.93724999958
255,12459.93724999958
255,12463.93724999958
255,12467.93724999958
255,12471.93724999958
255,12475.93724999958
255,12479.93724999958
255,12483.93724999958
255,12487.93724999958
255,12491.93724999958
255,12495.93724999958
255,12499.93724999958
255,12503.93724999958
255,12507.93724999958
255,12511.93724999958
255,12515.93724999958
255,12519.93724999958
255,12523.93724999958
255,12527.93724999958
255,12531.93724999958
255,12535.93724999958
255,12539.93724999958
255,12543.93724999958
255,12547.93724999958
255,12551.93724999958
255,12555.93724999958
255,12559.93724999958
255,12563.93724999958
255,12567.93724999958
255,12571.93724999958
255,12575.93724999958
255,12579.93724999958
255,12583.93724999958
255,12587.93724999958
255,12591.93724999958
255,12595.93724999958
255,12599.93724999958
255,12603.93724999958
255,12607.93724999958
255,12611.93724999958
255,12615.93724999958
255,12619.93724999958
255,12623.93724999958
255,12627.93724999958
255,12631.93724999958
255,12635.93724999958
255,12639.93724999958
255,12643.93724999958
255,12647.93724999958
255,12651.93724999958
255,12655.93724999958
255,12659.93724999958
255,12663.93724999958
255,12667.93724999958
255,12671.93724999958
255,12675.93724999958
255,12679.93724999958
255,12683.93724999958
255,12687.93724999958
255,12691.93724999958
255,12695.93724999958
255,12699.93724999958
255,12703.93724999958
255,12707.93724999958
255,12711.93724999958
255,12715.93724999958
255,12719.93724999958
255,12723.93724999958
255,12727.93724999958
255,12731.93724999958
255,12735.93724999958
255,12739.93724999958
255,12743.93724999958
255,12747.93724999958
255,12751.93724999958
255,12755.93724999958
255,12759.93724999958
255,12763.93724999958
255,12767.93724999958
255,12771.93724999958
255,12775.93724999958
255,12779.93724999958
255,12783.93724999958
255,12787.93724999958
255,12791.93724999958
255,12795.93724999958
255,12799.93724999958
255,12803.93724999958
255,12807.93724999958
255,12811.93724999958
255,12815.93724999958
255,12819.93724999958
255,12823.93724999958
255,12827.93724999958
255,12831.93724999958
255,12835.93724999958
255,12839.93724999958
