-1.1485410000423144,5922.851458999958
value,time
11,3.982166999776382
10,7.982166999776382
10,11.982166999776382
11,15.982166999776382
11,19.982166999776382
11,23.982166999776382
11,27.982166999776382
11,31.982166999776382
11,35.98216699977638
11,39.98216699977638
11,43.98216699977638
11,47.98216699977638
11,51.98216699977638
11,55.98216699977638
11,59.98216699977638
11,63.98216699977638
11,67.98216699977638
11,71.98216699977638
11,75.98216699977638
11,79.98216699977638
11,83.98216699977638
11,87.98216699977638
10,91.98216699977638
11,95.98216699977638
11,99.98216699977638
11,103.98216699977638
10,107.98216699977638
10,111.98216699977638
11,115.98216699977638
10,119.98216699977638
11,123.98216699977638
11,127.98216699977638
11,131.98216699977638
11,135.98216699977638
11,139.98216699977638
11,143.98216699977638
11,147.98216699977638
11,151.98216699977638
11,155.98216699977638
11,159.98216699977638
11,163.98216699977638
11,167.98216699977638
11,171.98216699977638
11,175.98216699977638
11,179.98216699977638
11,183.98216699977638
11,187.98216699977638
11,191.98216699977638
11,195.98216699977638
11,199.98216699977638
11,203.98216699977638
10,207.98216699977638
10,211.98216699977638
10,215.98216699977638
10,219.98216699977638
11,223.98216699977638
11,227.98216699977638
11,231.98216699977638
11,235.98216699977638
11,239.98216699977638
11,243.98216699977638
10,247.98216699977638
11,251.98216699977638
11,255.98216699977638
11,259.9821669997764
11,263.9821669997764
11,267.9821669997764
11,271.9821669997764
11,275.9821669997764
10,279.9821669997764
11,283.9821669997764
11,287.9821669997764
10,291.9821669997764
11,295.9821669997764
11,299.9821669997764
11,303.9821669997764
11,307.9821669997764
11,311.9821669997764
11,315.9821669997764
11,319.9821669997764
11,323.9821669997764
11,327.9821669997764
10,331.9821669997764
11,335.9821669997764
10,339.9821669997764
10,343.9821669997764
11,347.9821669997764
11,351.9821669997764
10,355.9821669997764
11,359.9821669997764
11,363.9821669997764
10,367.9821669997764
11,371.9821669997764
11,375.9821669997764
11,379.9821669997764
11,383.9821669997764
11,387.9821669997764
11,391.9821669997764
10,395.9821669997764
11,399.9821669997764
11,403.9821669997764
11,407.9821669997764
11,411.9821669997764
11,415.9821669997764
11,419.9821669997764
11,423.9821669997764
11,427.9821669997764
11,431.9821669997764
11,435.9821669997764
11,439.9821669997764
11,443.9821669997764
11,447.9821669997764
11,451.9821669997764
11,455.9821669997764
11,459.9821669997764
10,463.9821669997764
10,467.9821669997764
10,471.9821669997764
11,475.9821669997764
11,479.9821669997764
11,483.9821669997764
11,487.9821669997764
10,491.9821669997764
11,495.9821669997764
11,499.9821669997764
10,503.9821669997764
11,507.9821669997764
11,511.9821669997764
10,515.9821669997764
11,519.9821669997764
11,523.9821669997764
11,527.9821669997764
11,531.9821669997764
11,535.9821669997764
11,539.9821669997764
11,543.9821669997764
11,547.9821669997764
11,551.9821669997764
10,555.9821669997764
11,559.9821669997764
11,563.9821669997764
11,567.9821669997764
10,571.9821669997764
10,575.9821669997764
11,579.9821669997764
11,583.9821669997764
11,587.9821669997764
10,591.9821669997764
11,595.9821669997764
10,599.9821669997764
10,603.9821669997764
11,607.9821669997764
11,611.9821669997764
11,615.9821669997764
11,619.9821669997764
10,623.9821669997764
11,627.9821669997764
11,631.9821669997764
11,635.9821669997764
11,639.9821669997764
11,643.9821669997764
11,647.9821669997764
11,651.9821669997764
11,655.9821669997764
11,659.9821669997764
11,663.9821669997764
10,667.9821669997764
11,671.9821669997764
11,675.9821669997764
11,679.9821669997764
11,683.9821669997764
11,687.9821669997764
11,691.9821669997764
11,695.9821669997764
11,699.9821669997764
11,703.9821669997764
11,707.9821669997764
11,711.9821669997764
11,715.9821669997764
11,719.9821669997764
11,723.9821669997764
11,727.9821669997764
11,731.9821669997764
11,735.9821669997764
11,739.9821669997764
11,743.9821669997764
10,747.9821669997764
11,751.9821669997764
11,755.9821669997764
11,759.9821669997764
11,763.9821669997764
11,767.9821669997764
10,771.9821669997764
11,775.9821669997764
11,779.9821669997764
11,783.9821669997764
11,787.9821669997764
10,791.9821669997764
11,795.9821669997764
11,799.9821669997764
11,803.9821669997764
11,807.9821669997764
10,811.9821669997764
11,815.9821669997764
11,819.9821669997764
11,823.9821669997764
10,827.9821669997764
11,831.9821669997764
11,835.9821669997764
11,839.9821669997764
10,843.9821669997764
11,847.9821669997764
10,851.9821669997764
11,855.9821669997764
11,859.9821669997764
11,863.9821669997764
11,867.9821669997764
10,871.9821669997764
10,875.9821669997764
11,879.9821669997764
11,883.9821669997764
11,887.9821669997764
11,891.9821669997764
11,895.9821669997764
11,899.9821669997764
11,903.9821669997764
11,907.9821669997764
11,911.9821669997764
11,915.9821669997764
11,919.9821669997764
11,923.9821669997764
11,927.9821669997764
11,931.9821669997764
11,935.9821669997764
10,939.9821669997764
11,943.9821669997764
11,947.9821669997764
11,951.9821669997764
11,955.9821669997764
11,959.9821669997764
11,963.9821669997764
11,967.9821669997764
11,971.9821669997764
11,975.9821669997764
11,979.9821669997764
11,983.9821669997764
11,987.9821669997764
11,991.9821669997764
10,995.9821669997764
11,999.9821669997764
10,1003.9821669997764
11,1007.9821669997764
10,1011.9821669997764
11,1015.9821669997764
11,1019.9821669997764
10,1023.9821669997764
11,1027.9821669997764
11,1031.9821669997764
10,1035.9821669997764
11,1039.9821669997764
10,1043.9821669997764
11,1047.9821669997764
10,1051.9821669997764
11,1055.9821669997764
10,1059.9821669997764
11,1063.9821669997764
11,1067.9821669997764
11,1071.9821669997764
11,1075.9821669997764
11,1079.9821669997764
11,1083.9821669997764
11,1087.9821669997764
11,1091.9821669997764
11,1095.9821669997764
11,1099.9821669997764
11,1103.9821669997764
11,1107.9821669997764
11,1111.9821669997764
11,1115.9821669997764
11,1119.9821669997764
11,1123.9821669997764
11,1127.9821669997764
11,1131.9821669997764
11,1135.9821669997764
11,1139.9821669997764
11,1143.9821669997764
10,1147.9821669997764
10,1151.9821669997764
10,1155.9821669997764
9,1159.9821669997764
9,1163.9821669997764
8,1167.9821669997764
7,1171.9821669997764
6,1175.9821669997764
6,1179.9821669997764
4,1183.9821669997764
3,1187.9821669997764
2,1191.9821669997764
1,1195.9821669997764
0,1199.9821669997764
0,1203.9821669997764
2,1207.9821669997764
0,1211.9821669997764
0,1215.9821669997764
0,1219.9821669997764
0,1223.9821669997764
0,1227.9821669997764
0,1231.9821669997764
0,1235.9821669997764
0,1239.9821669997764
0,1243.9821669997764
0,1247.9821669997764
0,1251.9821669997764
0,1255.9821669997764
0,1259.9821669997764
0,1263.9821669997764
0,1267.9821669997764
0,1271.9821669997764
0,1275.9821669997764
0,1279.9821669997764
0,1283.9821669997764
0,1287.9821669997764
0,1291.9821669997764
0,1295.9821669997764
0,1299.9821669997764
0,1303.9821669997764
0,1307.9821669997764
0,1311.9821669997764
0,1315.9821669997764
0,1319.9821669997764
0,1323.9821669997764
0,1327.9821669997764
0,1331.9821669997764
0,1335.9821669997764
0,1339.9821669997764
0,1343.9821669997764
0,1347.9821669997764
0,1351.9821669997764
0,1355.9821669997764
0,1359.9821669997764
0,1363.9821669997764
0,1367.9821669997764
0,1371.9821669997764
0,1375.9821669997764
0,1379.9821669997764
0,1383.9821669997764
0,1387.9821669997764
0,1391.9821669997764
0,1395.9821669997764
0,1399.9821669997764
0,1403.9821669997764
0,1407.9821669997764
0,1411.9821669997764
0,1415.9821669997764
0,1419.9821669997764
0,1423.9821669997764
0,1427.9821669997764
0,1431.9821669997764
0,1435.9821669997764
0,1439.9821669997764
0,1443.9821669997764
0,1447.9821669997764
0,1451.9821669997764
0,1455.9821669997764
0,1459.9821669997764
0,1463.9821669997764
0,1467.9821669997764
0,1471.9821669997764
0,1475.9821669997764
0,1479.9821669997764
0,1483.9821669997764
0,1487.9821669997764
0,1491.9821669997764
0,1495.9821669997764
0,1499.9821669997764
0,1503.9821669997764
0,1507.9821669997764
0,1511.9821669997764
0,1515.9821669997764
0,1519.9821669997764
0,1523.9821669997764
0,1527.9821669997764
0,1531.9821669997764
0,1535.9821669997764
0,1539.9821669997764
0,1543.9821669997764
0,1547.9821669997764
0,1551.9821669997764
0,1555.9821669997764
0,1559.9821669997764
0,1563.9821669997764
0,1567.9821669997764
0,1571.9821669997764
0,1575.9821669997764
0,1579.9821669997764
0,1583.9821669997764
0,1587.9821669997764
0,1591.9821669997764
0,1595.9821669997764
0,1599.9821669997764
0,1603.9821669997764
0,1607.9821669997764
0,1611.9821669997764
0,1615.9821669997764
0,1619.9821669997764
0,1623.9821669997764
0,1627.9821669997764
0,1631.9821669997764
0,1635.9821669997764
0,1639.9821669997764
0,1643.9821669997764
0,1647.9821669997764
0,1651.9821669997764
0,1655.9821669997764
0,1659.9821669997764
0,1663.9821669997764
0,1667.9821669997764
0,1671.9821669997764
0,1675.9821669997764
0,1679.9821669997764
0,1683.9821669997764
0,1687.9821669997764
0,1691.9821669997764
0,1695.9821669997764
0,1699.9821669997764
0,1703.9821669997764
0,1707.9821669997764
0,1711.9821669997764
0,1715.9821669997764
0,1719.9821669997764
0,1723.9821669997764
0,1727.9821669997764
0,1731.9821669997764
0,1735.9821669997764
0,1739.9821669997764
0,1743.9821669997764
0,1747.9821669997764
0,1751.9821669997764
0,1755.9821669997764
0,1759.9821669997764
0,1763.9821669997764
0,1767.9821669997764
0,1771.9821669997764
0,1775.9821669997764
0,1779.9821669997764
0,1783.9821669997764
0,1787.9821669997764
0,1791.9821669997764
0,1795.9821669997764
0,1799.9821669997764
0,1803.9821669997764
0,1807.9821669997764
0,1811.9821669997764
0,1815.9821669997764
0,1819.9821669997764
0,1823.9821669997764
0,1827.9821669997764
0,1831.9821669997764
0,1835.9821669997764
0,1839.9821669997764
0,1843.9821669997764
0,1847.9821669997764
0,1851.9821669997764
0,1855.9821669997764
0,1859.9821669997764
0,1863.9821669997764
0,1867.9821669997764
0,1871.9821669997764
0,1875.9821669997764
0,1879.9821669997764
0,1883.9821669997764
0,1887.9821669997764
0,1891.9821669997764
0,1895.9821669997764
0,1899.9821669997764
0,1903.9821669997764
0,1907.9821669997764
0,1911.9821669997764
0,1915.9821669997764
0,1919.9821669997764
0,1923.9821669997764
0,1927.9821669997764
0,1931.9821669997764
0,1935.9821669997764
0,1939.9821669997764
0,1943.9821669997764
0,1947.9821669997764
0,1951.9821669997764
0,1955.9821669997764
0,1959.9821669997764
0,1963.9821669997764
0,1967.9821669997764
0,1971.9821669997764
0,1975.9821669997764
0,1979.9821669997764
0,1983.9821669997764
0,1987.9821669997764
0,1991.9821669997764
0,1995.9821669997764
0,1999.9821669997764
0,2003.9821669997764
0,2007.9821669997764
0,2011.9821669997764
0,2015.9821669997764
0,2019.9821669997764
0,2023.9821669997764
0,2027.9821669997764
0,2031.9821669997764
0,2035.9821669997764
0,2039.9821669997764
0,2043.9821669997764
0,2047.9821669997764
0,2051.9821669997764
0,2055.9821669997764
0,2059.9821669997764
0,2063.9821669997764
0,2067.9821669997764
0,2071.9821669997764
0,2075.9821669997764
0,2079.9821669997764
0,2083.9821669997764
0,2087.9821669997764
0,2091.9821669997764
0,2095.9821669997764
0,2099.9821669997764
0,2103.9821669997764
0,2107.9821669997764
0,2111.9821669997764
0,2115.9821669997764
0,2119.9821669997764
0,2123.9821669997764
0,2127.9821669997764
0,2131.9821669997764
0,2135.9821669997764
0,2139.9821669997764
0,2143.9821669997764
0,2147.9821669997764
0,2151.9821669997764
0,2155.9821669997764
0,2159.9821669997764
0,2163.9821669997764
0,2167.9821669997764
0,2171.9821669997764
0,2175.9821669997764
0,2179.9821669997764
0,2183.9821669997764
0,2187.9821669997764
0,2191.9821669997764
0,2195.9821669997764
0,2199.9821669997764
0,2203.9821669997764
0,2207.9821669997764
0,2211.9821669997764
0,2215.9821669997764
0,2219.9821669997764
0,2223.9821669997764
0,2227.9821669997764
0,2231.9821669997764
0,2235.9821669997764
0,2239.9821669997764
0,2243.9821669997764
0,2247.9821669997764
0,2251.9821669997764
0,2255.9821669997764
0,2259.9821669997764
0,2263.9821669997764
0,2267.9821669997764
0,2271.9821669997764
0,2275.9821669997764
0,2279.9821669997764
0,2283.9821669997764
0,2287.9821669997764
0,2291.9821669997764
0,2295.9821669997764
0,2299.9821669997764
0,2303.9821669997764
0,2307.9821669997764
0,2311.9821669997764
0,2315.9821669997764
0,2319.9821669997764
0,2323.9821669997764
0,2327.9821669997764
0,2331.9821669997764
0,2335.9821669997764
0,2339.9821669997764
0,2343.9821669997764
0,2347.9821669997764
0,2351.9821669997764
0,2355.9821669997764
0,2359.9821669997764
0,2363.9821669997764
0,2367.9821669997764
0,2371.9821669997764
0,2375.9821669997764
0,2379.9821669997764
0,2383.9821669997764
0,2387.9821669997764
0,2391.9821669997764
0,2395.9821669997764
0,2399.9821669997764
0,2403.9821669997764
0,2407.9821669997764
0,2411.9821669997764
0,2415.9821669997764
0,2419.9821669997764
0,2423.9821669997764
1,2427.9821669997764
1,2431.9821669997764
2,2435.9821669997764
3,2439.9821669997764
4,2443.9821669997764
4,2447.9821669997764
4,2451.9821669997764
5,2455.9821669997764
5,2459.9821669997764
6,2463.9821669997764
6,2467.9821669997764
6,2471.9821669997764
7,2475.9821669997764
7,2479.9821669997764
7,2483.9821669997764
7,2487.9821669997764
7,2491.9821669997764
7,2495.9821669997764
7,2499.9821669997764
7,2503.9821669997764
8,2507.9821669997764
8,2511.9821669997764
8,2515.9821669997764
7,2519.9821669997764
7,2523.9821669997764
7,2527.9821669997764
7,2531.9821669997764
7,2535.9821669997764
7,2539.9821669997764
7,2543.9821669997764
7,2547.9821669997764
7,2551.9821669997764
8,2555.9821669997764
7,2559.9821669997764
7,2563.9821669997764
7,2567.9821669997764
7,2571.9821669997764
7,2575.9821669997764
8,2579.9821669997764
8,2583.9821669997764
8,2587.9821669997764
8,2591.9821669997764
9,2595.9821669997764
9,2599.9821669997764
9,2603.9821669997764
9,2607.9821669997764
9,2611.9821669997764
10,2615.9821669997764
10,2619.9821669997764
10,2623.9821669997764
10,2627.9821669997764
11,2631.9821669997764
11,2635.9821669997764
11,2639.9821669997764
11,2643.9821669997764
11,2647.9821669997764
12,2651.9821669997764
12,2655.9821669997764
12,2659.9821669997764
12,2663.9821669997764
12,2667.9821669997764
13,2671.9821669997764
13,2675.9821669997764
13,2679.9821669997764
13,2683.9821669997764
13,2687.9821669997764
14,2691.9821669997764
14,2695.9821669997764
14,2699.9821669997764
14,2703.9821669997764
14,2707.9821669997764
15,2711.9821669997764
15,2715.9821669997764
15,2719.9821669997764
15,2723.9821669997764
15,2727.9821669997764
15,2731.9821669997764
15,2735.9821669997764
16,2739.9821669997764
16,2743.9821669997764
16,2747.9821669997764
16,2751.9821669997764
16,2755.9821669997764
16,2759.9821669997764
16,2763.9821669997764
16,2767.9821669997764
16,2771.9821669997764
16,2775.9821669997764
16,2779.9821669997764
16,2783.9821669997764
16,2787.9821669997764
16,2791.9821669997764
16,2795.9821669997764
16,2799.9821669997764
16,2803.9821669997764
16,2807.9821669997764
16,2811.9821669997764
16,2815.9821669997764
16,2819.9821669997764
16,2823.9821669997764
16,2827.9821669997764
16,2831.9821669997764
16,2835.9821669997764
16,2839.9821669997764
16,2843.9821669997764
16,2847.9821669997764
16,2851.9821669997764
16,2855.9821669997764
16,2859.9821669997764
16,2863.9821669997764
16,2867.9821669997764
16,2871.9821669997764
16,2875.9821669997764
17,2879.9821669997764
16,2883.9821669997764
16,2887.9821669997764
16,2891.9821669997764
16,2895.9821669997764
16,2899.9821669997764
16,2903.9821669997764
16,2907.9821669997764
16,2911.9821669997764
16,2915.9821669997764
16,2919.9821669997764
16,2923.9821669997764
16,2927.9821669997764
16,2931.9821669997764
16,2935.9821669997764
17,2939.9821669997764
17,2943.9821669997764
17,2947.9821669997764
17,2951.9821669997764
17,2955.9821669997764
17,2959.9821669997764
18,2963.9821669997764
18,2967.9821669997764
18,2971.9821669997764
18,2975.9821669997764
19,2979.9821669997764
19,2983.9821669997764
19,2987.9821669997764
19,2991.9821669997764
19,2995.9821669997764
19,2999.9821669997764
19,3003.9821669997764
19,3007.9821669997764
19,3011.9821669997764
19,3015.9821669997764
19,3019.9821669997764
19,3023.9821669997764
19,3027.9821669997764
19,3031.9821669997764
19,3035.9821669997764
19,3039.9821669997764
19,3043.9821669997764
19,3047.9821669997764
19,3051.9821669997764
19,3055.9821669997764
19,3059.9821669997764
19,3063.9821669997764
19,3067.9821669997764
19,3071.9821669997764
19,3075.9821669997764
19,3079.9821669997764
19,3083.9821669997764
19,3087.9821669997764
19,3091.9821669997764
19,3095.9821669997764
19,3099.9821669997764
19,3103.9821669997764
19,3107.9821669997764
19,3111.9821669997764
19,3115.9821669997764
19,3119.9821669997764
19,3123.9821669997764
19,3127.9821669997764
19,3131.9821669997764
19,3135.9821669997764
19,3139.9821669997764
19,3143.9821669997764
19,3147.9821669997764
19,3151.9821669997764
19,3155.9821669997764
19,3159.9821669997764
19,3163.9821669997764
19,3167.9821669997764
19,3171.9821669997764
19,3175.9821669997764
19,3179.9821669997764
19,3183.9821669997764
19,3187.9821669997764
19,3191.9821669997764
19,3195.9821669997764
19,3199.9821669997764
19,3203.9821669997764
19,3207.9821669997764
19,3211.9821669997764
19,3215.9821669997764
19,3219.9821669997764
19,3223.9821669997764
19,3227.9821669997764
19,3231.9821669997764
19,3235.9821669997764
19,3239.9821669997764
19,3243.9821669997764
19,3247.9821669997764
19,3251.9821669997764
19,3255.9821669997764
19,3259.9821669997764
19,3263.9821669997764
19,3267.9821669997764
19,3271.9821669997764
19,3275.9821669997764
19,3279.9821669997764
19,3283.9821669997764
19,3287.9821669997764
19,3291.9821669997764
19,3295.9821669997764
19,3299.9821669997764
19,3303.9821669997764
19,3307.9821669997764
19,3311.9821669997764
19,3315.9821669997764
19,3319.9821669997764
19,3323.9821669997764
19,3327.9821669997764
19,3331.9821669997764
19,3335.9821669997764
19,3339.9821669997764
19,3343.9821669997764
19,3347.9821669997764
19,3351.9821669997764
19,3355.9821669997764
19,3359.9821669997764
19,3363.9821669997764
19,3367.9821669997764
19,3371.9821669997764
19,3375.9821669997764
19,3379.9821669997764
19,3383.9821669997764
19,3387.9821669997764
19,3391.9821669997764
19,3395.9821669997764
19,3399.9821669997764
19,3403.9821669997764
19,3407.9821669997764
19,3411.9821669997764
19,3415.9821669997764
19,3419.9821669997764
19,3423.9821669997764
19,3427.9821669997764
19,3431.9821669997764
19,3435.9821669997764
19,3439.9821669997764
19,3443.9821669997764
19,3447.9821669997764
19,3451.9821669997764
19,3455.9821669997764
19,3459.9821669997764
19,3463.9821669997764
19,3467.9821669997764
19,3471.9821669997764
19,3475.9821669997764
19,3479.9821669997764
19,3483.9821669997764
19,3487.9821669997764
19,3491.9821669997764
19,3495.9821669997764
19,3499.9821669997764
19,3503.9821669997764
19,3507.9821669997764
19,3511.9821669997764
19,3515.9821669997764
19,3519.9821669997764
19,3523.9821669997764
19,3527.9821669997764
19,3531.9821669997764
19,3535.9821669997764
19,3539.9821669997764
19,3543.9821669997764
19,3547.9821669997764
19,3551.9821669997764
19,3555.9821669997764
19,3559.9821669997764
19,3563.9821669997764
19,3567.9821669997764
19,3571.9821669997764
19,3575.9821669997764
19,3579.9821669997764
19,3583.9821669997764
19,3587.9821669997764
19,3591.9821669997764
19,3595.9821669997764
19,3599.9821669997764
19,3603.9821669997764
19,3607.9821669997764
19,3611.9821669997764
19,3615.9821669997764
19,3619.9821669997764
19,3623.9821669997764
19,3627.9821669997764
19,3631.9821669997764
19,3635.9821669997764
19,3639.9821669997764
19,3643.9821669997764
19,3647.9821669997764
19,3651.9821669997764
19,3655.9821669997764
19,3659.9821669997764
19,3663.9821669997764
19,3667.9821669997764
19,3671.9821669997764
19,3675.9821669997764
19,3679.9821669997764
19,3683.9821669997764
19,3687.9821669997764
19,3691.9821669997764
19,3695.9821669997764
19,3699.9821669997764
19,3703.9821669997764
19,3707.9821669997764
19,3711.9821669997764
19,3715.9821669997764
19,3719.9821669997764
19,3723.9821669997764
19,3727.9821669997764
19,3731.9821669997764
19,3735.9821669997764
19,3739.9821669997764
19,3743.9821669997764
19,3747.9821669997764
19,3751.9821669997764
19,3755.9821669997764
19,3759.9821669997764
19,3763.9821669997764
19,3767.9821669997764
19,3771.9821669997764
19,3775.9821669997764
19,3779.9821669997764
19,3783.9821669997764
19,3787.9821669997764
19,3791.9821669997764
19,3795.9821669997764
19,3799.9821669997764
19,3803.9821669997764
19,3807.9821669997764
19,3811.9821669997764
19,3815.9821669997764
19,3819.9821669997764
19,3823.9821669997764
19,3827.9821669997764
19,3831.9821669997764
19,3835.9821669997764
19,3839.9821669997764
19,3843.9821669997764
19,3847.9821669997764
19,3851.9821669997764
19,3855.9821669997764
19,3859.9821669997764
19,3863.9821669997764
19,3867.9821669997764
19,3871.9821669997764
19,3875.9821669997764
19,3879.9821669997764
19,3883.9821669997764
19,3887.9821669997764
19,3891.9821669997764
19,3895.9821669997764
19,3899.9821669997764
19,3903.9821669997764
19,3907.9821669997764
19,3911.9821669997764
19,3915.9821669997764
19,3919.9821669997764
19,3923.9821669997764
19,3927.9821669997764
19,3931.9821669997764
19,3935.9821669997764
19,3939.9821669997764
19,3943.9821669997764
19,3947.9821669997764
19,3951.9821669997764
19,3955.9821669997764
19,3959.9821669997764
19,3963.9821669997764
19,3967.9821669997764
19,3971.9821669997764
19,3975.9821669997764
19,3979.9821669997764
19,3983.9821669997764
19,3987.9821669997764
19,3991.9821669997764
19,3995.9821669997764
19,3999.9821669997764
19,4003.9821669997764
19,4007.9821669997764
19,4011.9821669997764
19,4015.9821669997764
19,4019.9821669997764
19,4023.9821669997764
19,4027.9821669997764
19,4031.9821669997764
19,4035.9821669997764
19,4039.9821669997764
19,4043.9821669997764
19,4047.9821669997764
19,4051.9821669997764
19,4055.9821669997764
19,4059.9821669997764
19,4063.9821669997764
19,4067.9821669997764
19,4071.9821669997764
19,4075.9821669997764
19,4079.9821669997764
19,4083.9821669997764
19,4087.9821669997764
19,4091.9821669997764
19,4095.9821669997764
19,4099.982166999776
19,4103.982166999776
19,4107.982166999776
19,4111.982166999776
19,4115.982166999776
19,4119.982166999776
19,4123.982166999776
19,4127.982166999776
19,4131.982166999776
19,4135.982166999776
19,4139.982166999776
19,4143.982166999776
19,4147.982166999776
19,4151.982166999776
19,4155.982166999776
19,4159.982166999776
19,4163.982166999776
19,4167.982166999776
19,4171.982166999776
19,4175.982166999776
19,4179.982166999776
19,4183.982166999776
19,4187.982166999776
19,4191.982166999776
19,4195.982166999776
19,4199.982166999776
19,4203.982166999776
19,4207.982166999776
19,4211.982166999776
19,4215.982166999776
19,4219.982166999776
19,4223.982166999776
19,4227.982166999776
19,4231.982166999776
19,4235.982166999776
19,4239.982166999776
19,4243.982166999776
19,4247.982166999776
19,4251.982166999776
19,4255.982166999776
19,4259.982166999776
19,4263.982166999776
19,4267.982166999776
19,4271.982166999776
19,4275.982166999776
19,4279.982166999776
19,4283.982166999776
19,4287.982166999776
19,4291.982166999776
19,4295.982166999776
19,4299.982166999776
19,4303.982166999776
19,4307.982166999776
19,4311.982166999776
19,4315.982166999776
19,4319.982166999776
19,4323.982166999776
19,4327.982166999776
19,4331.982166999776
19,4335.982166999776
19,4339.982166999776
19,4343.982166999776
19,4347.982166999776
19,4351.982166999776
19,4355.982166999776
19,4359.982166999776
19,4363.982166999776
19,4367.982166999776
19,4371.982166999776
19,4375.982166999776
19,4379.982166999776
19,4383.982166999776
19,4387.982166999776
19,4391.982166999776
19,4395.982166999776
19,4399.982166999776
19,4403.982166999776
19,4407.982166999776
19,4411.982166999776
19,4415.982166999776
19,4419.982166999776
20,4423.982166999776
20,4427.982166999776
20,4431.982166999776
20,4435.982166999776
20,4439.982166999776
20,4443.982166999776
20,4447.982166999776
20,4451.982166999776
21,4455.982166999776
21,4459.982166999776
21,4463.982166999776
21,4467.982166999776
21,4471.982166999776
21,4475.982166999776
21,4479.982166999776
21,4483.982166999776
22,4487.982166999776
22,4491.982166999776
22,4495.982166999776
22,4499.982166999776
22,4503.982166999776
22,4507.982166999776
22,4511.982166999776
22,4515.982166999776
23,4519.982166999776
23,4523.982166999776
23,4527.982166999776
23,4531.982166999776
23,4535.982166999776
22,4539.982166999776
23,4543.982166999776
23,4547.982166999776
23,4551.982166999776
23,4555.982166999776
23,4559.982166999776
23,4563.982166999776
23,4567.982166999776
23,4571.982166999776
23,4575.982166999776
23,4579.982166999776
23,4583.982166999776
23,4587.982166999776
23,4591.982166999776
23,4595.982166999776
23,4599.982166999776
23,4603.982166999776
23,4607.982166999776
23,4611.982166999776
23,4615.982166999776
23,4619.982166999776
23,4623.982166999776
23,4627.982166999776
23,4631.982166999776
23,4635.982166999776
23,4639.982166999776
23,4643.982166999776
23,4647.982166999776
23,4651.982166999776
23,4655.982166999776
23,4659.982166999776
23,4663.982166999776
23,4667.982166999776
23,4671.982166999776
23,4675.982166999776
23,4679.982166999776
23,4683.982166999776
23,4687.982166999776
23,4691.982166999776
23,4695.982166999776
23,4699.982166999776
23,4703.982166999776
23,4707.982166999776
23,4711.982166999776
23,4715.982166999776
23,4719.982166999776
23,4723.982166999776
23,4727.982166999776
23,4731.982166999776
23,4735.982166999776
23,4739.982166999776
23,4743.982166999776
23,4747.982166999776
23,4751.982166999776
23,4755.982166999776
23,4759.982166999776
23,4763.982166999776
23,4767.982166999776
23,4771.982166999776
23,4775.982166999776
23,4779.982166999776
23,4783.982166999776
23,4787.982166999776
23,4791.982166999776
23,4795.982166999776
23,4799.982166999776
23,4803.982166999776
23,4807.982166999776
23,4811.982166999776
23,4815.982166999776
23,4819.982166999776
23,4823.982166999776
23,4827.982166999776
23,4831.982166999776
23,4835.982166999776
23,4839.982166999776
23,4843.982166999776
23,4847.982166999776
23,4851.982166999776
23,4855.982166999776
23,4859.982166999776
23,4863.982166999776
23,4867.982166999776
23,4871.982166999776
23,4875.982166999776
23,4879.982166999776
23,4883.982166999776
23,4887.982166999776
23,4891.982166999776
23,4895.982166999776
23,4899.982166999776
23,4903.982166999776
23,4907.982166999776
23,4911.982166999776
23,4915.982166999776
23,4919.982166999776
23,4923.982166999776
23,4927.982166999776
23,4931.982166999776
23,4935.982166999776
23,4939.982166999776
23,4943.982166999776
23,4947.982166999776
23,4951.982166999776
23,4955.982166999776
23,4959.982166999776
23,4963.982166999776
23,4967.982166999776
22,4971.982166999776
23,4975.982166999776
23,4979.982166999776
23,4983.982166999776
23,4987.982166999776
23,4991.982166999776
23,4995.982166999776
23,4999.982166999776
23,5003.982166999776
23,5007.982166999776
23,5011.982166999776
23,5015.982166999776
22,5019.982166999776
23,5023.982166999776
23,5027.982166999776
23,5031.982166999776
23,5035.982166999776
23,5039.982166999776
23,5043.982166999776
23,5047.982166999776
23,5051.982166999776
23,5055.982166999776
23,5059.982166999776
23,5063.982166999776
23,5067.982166999776
23,5071.982166999776
23,5075.982166999776
23,5079.982166999776
23,5083.982166999776
23,5087.982166999776
23,5091.982166999776
23,5095.982166999776
23,5099.982166999776
23,5103.982166999776
23,5107.982166999776
23,5111.982166999776
23,5115.982166999776
23,5119.982166999776
23,5123.982166999776
23,5127.982166999776
23,5131.982166999776
22,5135.982166999776
23,5139.982166999776
23,5143.982166999776
23,5147.982166999776
23,5151.982166999776
23,5155.982166999776
23,5159.982166999776
23,5163.982166999776
23,5167.982166999776
23,5171.982166999776
23,5175.982166999776
23,5179.982166999776
23,5183.982166999776
23,5187.982166999776
23,5191.982166999776
23,5195.982166999776
23,5199.982166999776
23,5203.982166999776
23,5207.982166999776
23,5211.982166999776
23,5215.982166999776
23,5219.982166999776
23,5223.982166999776
23,5227.982166999776
23,5231.982166999776
23,5235.982166999776
23,5239.982166999776
24,5243.982166999776
24,5247.982166999776
24,5251.982166999776
24,5255.982166999776
24,5259.982166999776
24,5263.982166999776
24,5267.982166999776
24,5271.982166999776
24,5275.982166999776
24,5279.982166999776
24,5283.982166999776
24,5287.982166999776
24,5291.982166999776
24,5295.982166999776
24,5299.982166999776
25,5303.982166999776
25,5307.982166999776
25,5311.982166999776
25,5315.982166999776
25,5319.982166999776
25,5323.982166999776
25,5327.982166999776
25,5331.982166999776
25,5335.982166999776
25,5339.982166999776
24,5343.982166999776
25,5347.982166999776
24,5351.982166999776
25,5355.982166999776
24,5359.982166999776
25,5363.982166999776
24,5367.982166999776
25,5371.982166999776
24,5375.982166999776
25,5379.982166999776
25,5383.982166999776
25,5387.982166999776
25,5391.982166999776
25,5395.982166999776
24,5399.982166999776
25,5403.982166999776
25,5407.982166999776
25,5411.982166999776
25,5415.982166999776
25,5419.982166999776
25,5423.982166999776
25,5427.982166999776
24,5431.982166999776
25,5435.982166999776
24,5439.982166999776
24,5443.982166999776
25,5447.982166999776
25,5451.982166999776
25,5455.982166999776
25,5459.982166999776
25,5463.982166999776
25,5467.982166999776
25,5471.982166999776
25,5475.982166999776
25,5479.982166999776
25,5483.982166999776
25,5487.982166999776
25,5491.982166999776
25,5495.982166999776
25,5499.982166999776
25,5503.982166999776
25,5507.982166999776
25,5511.982166999776
25,5515.982166999776
25,5519.982166999776
25,5523.982166999776
24,5527.982166999776
24,5531.982166999776
25,5535.982166999776
24,5539.982166999776
25,5543.982166999776
25,5547.982166999776
25,5551.982166999776
25,5555.982166999776
25,5559.982166999776
25,5563.982166999776
25,5567.982166999776
24,5571.982166999776
24,5575.982166999776
25,5579.982166999776
25,5583.982166999776
25,5587.982166999776
25,5591.982166999776
25,5595.982166999776
25,5599.982166999776
25,5603.982166999776
24,5607.982166999776
25,5611.982166999776
25,5615.982166999776
25,5619.982166999776
24,5623.982166999776
24,5627.982166999776
25,5631.982166999776
24,5635.982166999776
24,5639.982166999776
24,5643.982166999776
24,5647.982166999776
24,5651.982166999776
24,5655.982166999776
24,5659.982166999776
24,5663.982166999776
24,5667.982166999776
24,5671.982166999776
24,5675.982166999776
24,5679.982166999776
24,5683.982166999776
24,5687.982166999776
24,5691.982166999776
24,5695.982166999776
23,5699.982166999776
23,5703.982166999776
23,5707.982166999776
23,5711.982166999776
23,5715.982166999776
23,5719.982166999776
23,5723.982166999776
23,5727.982166999776
22,5731.982166999776
22,5735.982166999776
22,5739.982166999776
22,5743.982166999776
22,5747.982166999776
22,5751.982166999776
21,5755.982166999776
22,5759.982166999776
21,5763.982166999776
21,5767.982166999776
21,5771.982166999776
21,5775.982166999776
20,5779.982166999776
20,5783.982166999776
20,5787.982166999776
20,5791.982166999776
19,5795.982166999776
19,5799.982166999776
19,5803.982166999776
19,5807.982166999776
19,5811.982166999776
19,5815.982166999776
18,5819.982166999776
18,5823.982166999776
18,5827.982166999776
18,5831.982166999776
18,5835.982166999776
17,5839.982166999776
17,5843.982166999776
17,5847.982166999776
17,5851.982166999776
17,5855.982166999776
17,5859.982166999776
17,5863.982166999776
17,5867.982166999776
17,5871.982166999776
17,5875.982166999776
17,5879.982166999776
17,5883.982166999776
17,5887.982166999776
17,5891.982166999776
17,5895.982166999776
17,5899.982166999776
17,5903.982166999776
17,5907.982166999776
17,5911.982166999776
17,5915.982166999776
17,5919.982166999776
16,5923.982166999776
16,5927.982166999776
