-3.3114580000401475,13520.68854199996
value,time
0,3.952957999956652
0,7.952957999956652
0,11.952957999956652
0,15.952957999956652
0,19.952957999956652
0,23.952957999956652
0,27.952957999956652
0,31.952957999956652
0,35.95295799995665
0,39.95295799995665
0,43.95295799995665
0,47.95295799995665
0,51.95295799995665
0,55.95295799995665
0,59.95295799995665
0,63.95295799995665
0,67.95295799995665
0,71.95295799995665
0,75.95295799995665
0,79.95295799995665
0,83.95295799995665
0,87.95295799995665
0,91.95295799995665
0,95.95295799995665
0,99.95295799995665
0,103.95295799995665
0,107.95295799995665
0,111.95295799995665
0,115.95295799995665
0,119.95295799995665
0,123.95295799995665
0,127.95295799995665
0,131.95295799995665
0,135.95295799995665
0,139.95295799995665
0,143.95295799995665
0,147.95295799995665
0,151.95295799995665
0,155.95295799995665
0,159.95295799995665
0,163.95295799995665
0,167.95295799995665
0,171.95295799995665
0,175.95295799995665
0,179.95295799995665
0,183.95295799995665
0,187.95295799995665
0,191.95295799995665
0,195.95295799995665
0,199.95295799995665
0,203.95295799995665
0,207.95295799995665
0,211.95295799995665
0,215.95295799995665
0,219.95295799995665
0,223.95295799995665
0,227.95295799995665
0,231.95295799995665
0,235.95295799995665
0,239.95295799995665
0,243.95295799995665
0,247.95295799995665
0,251.95295799995665
0,255.95295799995665
0,259.95295799995665
0,263.95295799995665
0,267.95295799995665
0,271.95295799995665
0,275.95295799995665
0,279.95295799995665
0,283.95295799995665
0,287.95295799995665
0,291.95295799995665
0,295.95295799995665
0,299.95295799995665
0,303.95295799995665
0,307.95295799995665
0,311.95295799995665
0,315.95295799995665
0,319.95295799995665
0,323.95295799995665
0,327.95295799995665
0,331.95295799995665
0,335.95295799995665
0,339.95295799995665
0,343.95295799995665
0,347.95295799995665
0,351.95295799995665
0,355.95295799995665
0,359.95295799995665
0,363.95295799995665
0,367.95295799995665
0,371.95295799995665
0,375.95295799995665
0,379.95295799995665
0,383.95295799995665
0,387.95295799995665
0,391.95295799995665
0,395.95295799995665
0,399.95295799995665
0,403.95295799995665
0,407.95295799995665
0,411.95295799995665
0,415.95295799995665
0,419.95295799995665
0,423.95295799995665
0,427.95295799995665
0,431.95295799995665
0,435.95295799995665
0,439.95295799995665
0,443.95295799995665
0,447.95295799995665
0,451.95295799995665
0,455.95295799995665
0,459.95295799995665
0,463.95295799995665
0,467.95295799995665
0,471.95295799995665
0,475.95295799995665
0,479.95295799995665
0,483.95295799995665
0,487.95295799995665
0,491.95295799995665
0,495.95295799995665
0,499.95295799995665
0,503.95295799995665
0,507.95295799995665
0,511.95295799995665
0,515.9529579999567
1,519.9529579999567
2,523.9529579999567
2,527.9529579999567
3,531.9529579999567
3,535.9529579999567
4,539.9529579999567
4,543.9529579999567
5,547.9529579999567
5,551.9529579999567
5,555.9529579999567
5,559.9529579999567
6,563.9529579999567
6,567.9529579999567
6,571.9529579999567
6,575.9529579999567
6,579.9529579999567
7,583.9529579999567
7,587.9529579999567
7,591.9529579999567
7,595.9529579999567
7,599.9529579999567
7,603.9529579999567
7,607.9529579999567
7,611.9529579999567
7,615.9529579999567
7,619.9529579999567
7,623.9529579999567
8,627.9529579999567
8,631.9529579999567
8,635.9529579999567
8,639.9529579999567
8,643.9529579999567
8,647.9529579999567
9,651.9529579999567
9,655.9529579999567
9,659.9529579999567
9,663.9529579999567
10,667.9529579999567
10,671.9529579999567
11,675.9529579999567
11,679.9529579999567
11,683.9529579999567
11,687.9529579999567
12,691.9529579999567
12,695.9529579999567
13,699.9529579999567
13,703.9529579999567
14,707.9529579999567
14,711.9529579999567
14,715.9529579999567
15,719.9529579999567
14,723.9529579999567
15,727.9529579999567
15,731.9529579999567
16,735.9529579999567
16,739.9529579999567
16,743.9529579999567
16,747.9529579999567
16,751.9529579999567
17,755.9529579999567
17,759.9529579999567
17,763.9529579999567
17,767.9529579999567
18,771.9529579999567
18,775.9529579999567
18,779.9529579999567
19,783.9529579999567
19,787.9529579999567
19,791.9529579999567
19,795.9529579999567
20,799.9529579999567
20,803.9529579999567
20,807.9529579999567
21,811.9529579999567
21,815.9529579999567
21,819.9529579999567
22,823.9529579999567
22,827.9529579999567
23,831.9529579999567
23,835.9529579999567
24,839.9529579999567
24,843.9529579999567
25,847.9529579999567
25,851.9529579999567
26,855.9529579999567
26,859.9529579999567
27,863.9529579999567
27,867.9529579999567
28,871.9529579999567
28,875.9529579999567
29,879.9529579999567
29,883.9529579999567
30,887.9529579999567
30,891.9529579999567
31,895.9529579999567
31,899.9529579999567
32,903.9529579999567
32,907.9529579999567
33,911.9529579999567
33,915.9529579999567
34,919.9529579999567
34,923.9529579999567
35,927.9529579999567
35,931.9529579999567
36,935.9529579999567
36,939.9529579999567
37,943.9529579999567
37,947.9529579999567
38,951.9529579999567
38,955.9529579999567
39,959.9529579999567
39,963.9529579999567
40,967.9529579999567
40,971.9529579999567
41,975.9529579999567
42,979.9529579999567
42,983.9529579999567
42,987.9529579999567
43,991.9529579999567
43,995.9529579999567
44,999.9529579999567
44,1003.9529579999567
44,1007.9529579999567
45,1011.9529579999567
46,1015.9529579999567
46,1019.9529579999567
46,1023.9529579999567
47,1027.9529579999567
48,1031.9529579999567
48,1035.9529579999567
48,1039.9529579999567
49,1043.9529579999567
49,1047.9529579999567
50,1051.9529579999567
51,1055.9529579999567
51,1059.9529579999567
52,1063.9529579999567
53,1067.9529579999567
53,1071.9529579999567
54,1075.9529579999567
54,1079.9529579999567
55,1083.9529579999567
55,1087.9529579999567
56,1091.9529579999567
56,1095.9529579999567
57,1099.9529579999567
58,1103.9529579999567
58,1107.9529579999567
59,1111.9529579999567
60,1115.9529579999567
61,1119.9529579999567
62,1123.9529579999567
63,1127.9529579999567
64,1131.9529579999567
65,1135.9529579999567
66,1139.9529579999567
66,1143.9529579999567
68,1147.9529579999567
69,1151.9529579999567
70,1155.9529579999567
71,1159.9529579999567
72,1163.9529579999567
73,1167.9529579999567
74,1171.9529579999567
75,1175.9529579999567
76,1179.9529579999567
77,1183.9529579999567
78,1187.9529579999567
79,1191.9529579999567
80,1195.9529579999567
81,1199.9529579999567
82,1203.9529579999567
83,1207.9529579999567
84,1211.9529579999567
85,1215.9529579999567
85,1219.9529579999567
86,1223.9529579999567
87,1227.9529579999567
88,1231.9529579999567
89,1235.9529579999567
90,1239.9529579999567
91,1243.9529579999567
92,1247.9529579999567
93,1251.9529579999567
93,1255.9529579999567
94,1259.9529579999567
95,1263.9529579999567
96,1267.9529579999567
97,1271.9529579999567
98,1275.9529579999567
99,1279.9529579999567
100,1283.9529579999567
101,1287.9529579999567
102,1291.9529579999567
103,1295.9529579999567
103,1299.9529579999567
105,1303.9529579999567
105,1307.9529579999567
106,1311.9529579999567
107,1315.9529579999567
108,1319.9529579999567
108,1323.9529579999567
109,1327.9529579999567
110,1331.9529579999567
111,1335.9529579999567
112,1339.9529579999567
112,1343.9529579999567
113,1347.9529579999567
114,1351.9529579999567
115,1355.9529579999567
116,1359.9529579999567
117,1363.9529579999567
118,1367.9529579999567
118,1371.9529579999567
119,1375.9529579999567
120,1379.9529579999567
121,1383.9529579999567
122,1387.9529579999567
123,1391.9529579999567
124,1395.9529579999567
125,1399.9529579999567
126,1403.9529579999567
127,1407.9529579999567
127,1411.9529579999567
128,1415.9529579999567
129,1419.9529579999567
130,1423.9529579999567
130,1427.9529579999567
131,1431.9529579999567
132,1435.9529579999567
133,1439.9529579999567
133,1443.9529579999567
134,1447.9529579999567
134,1451.9529579999567
135,1455.9529579999567
135,1459.9529579999567
136,1463.9529579999567
136,1467.9529579999567
136,1471.9529579999567
137,1475.9529579999567
137,1479.9529579999567
137,1483.9529579999567
138,1487.9529579999567
138,1491.9529579999567
138,1495.9529579999567
139,1499.9529579999567
139,1503.9529579999567
140,1507.9529579999567
141,1511.9529579999567
141,1515.9529579999567
142,1519.9529579999567
143,1523.9529579999567
143,1527.9529579999567
144,1531.9529579999567
145,1535.9529579999567
146,1539.9529579999567
147,1543.9529579999567
147,1547.9529579999567
148,1551.9529579999567
149,1555.9529579999567
150,1559.9529579999567
150,1563.9529579999567
151,1567.9529579999567
151,1571.9529579999567
153,1575.9529579999567
153,1579.9529579999567
154,1583.9529579999567
154,1587.9529579999567
155,1591.9529579999567
156,1595.9529579999567
156,1599.9529579999567
157,1603.9529579999567
157,1607.9529579999567
158,1611.9529579999567
158,1615.9529579999567
159,1619.9529579999567
159,1623.9529579999567
159,1627.9529579999567
160,1631.9529579999567
160,1635.9529579999567
161,1639.9529579999567
161,1643.9529579999567
161,1647.9529579999567
161,1651.9529579999567
161,1655.9529579999567
161,1659.9529579999567
162,1663.9529579999567
162,1667.9529579999567
162,1671.9529579999567
163,1675.9529579999567
163,1679.9529579999567
164,1683.9529579999567
165,1687.9529579999567
166,1691.9529579999567
166,1695.9529579999567
167,1699.9529579999567
168,1703.9529579999567
168,1707.9529579999567
168,1711.9529579999567
169,1715.9529579999567
169,1719.9529579999567
169,1723.9529579999567
170,1727.9529579999567
171,1731.9529579999567
170,1735.9529579999567
171,1739.9529579999567
171,1743.9529579999567
171,1747.9529579999567
171,1751.9529579999567
171,1755.9529579999567
171,1759.9529579999567
172,1763.9529579999567
171,1767.9529579999567
171,1771.9529579999567
171,1775.9529579999567
172,1779.9529579999567
171,1783.9529579999567
172,1787.9529579999567
172,1791.9529579999567
172,1795.9529579999567
172,1799.9529579999567
172,1803.9529579999567
172,1807.9529579999567
172,1811.9529579999567
172,1815.9529579999567
172,1819.9529579999567
172,1823.9529579999567
173,1827.9529579999567
173,1831.9529579999567
173,1835.9529579999567
173,1839.9529579999567
173,1843.9529579999567
173,1847.9529579999567
174,1851.9529579999567
174,1855.9529579999567
174,1859.9529579999567
174,1863.9529579999567
174,1867.9529579999567
175,1871.9529579999567
175,1875.9529579999567
175,1879.9529579999567
176,1883.9529579999567
176,1887.9529579999567
176,1891.9529579999567
176,1895.9529579999567
176,1899.9529579999567
177,1903.9529579999567
177,1907.9529579999567
177,1911.9529579999567
177,1915.9529579999567
177,1919.9529579999567
177,1923.9529579999567
177,1927.9529579999567
177,1931.9529579999567
178,1935.9529579999567
178,1939.9529579999567
178,1943.9529579999567
178,1947.9529579999567
178,1951.9529579999567
178,1955.9529579999567
178,1959.9529579999567
178,1963.9529579999567
178,1967.9529579999567
178,1971.9529579999567
178,1975.9529579999567
178,1979.9529579999567
178,1983.9529579999567
178,1987.9529579999567
179,1991.9529579999567
178,1995.9529579999567
179,1999.9529579999567
179,2003.9529579999567
179,2007.9529579999567
179,2011.9529579999567
179,2015.9529579999567
179,2019.9529579999567
179,2023.9529579999567
180,2027.9529579999567
179,2031.9529579999567
180,2035.9529579999567
180,2039.9529579999567
180,2043.9529579999567
180,2047.9529579999567
181,2051.9529579999567
181,2055.9529579999567
181,2059.9529579999567
181,2063.9529579999567
181,2067.9529579999567
181,2071.9529579999567
181,2075.9529579999567
181,2079.9529579999567
181,2083.9529579999567
181,2087.9529579999567
182,2091.9529579999567
182,2095.9529579999567
182,2099.9529579999567
182,2103.9529579999567
182,2107.9529579999567
182,2111.9529579999567
182,2115.9529579999567
182,2119.9529579999567
182,2123.9529579999567
182,2127.9529579999567
183,2131.9529579999567
183,2135.9529579999567
183,2139.9529579999567
183,2143.9529579999567
183,2147.9529579999567
183,2151.9529579999567
183,2155.9529579999567
183,2159.9529579999567
184,2163.9529579999567
184,2167.9529579999567
184,2171.9529579999567
184,2175.9529579999567
184,2179.9529579999567
184,2183.9529579999567
184,2187.9529579999567
184,2191.9529579999567
185,2195.9529579999567
185,2199.9529579999567
185,2203.9529579999567
185,2207.9529579999567
185,2211.9529579999567
185,2215.9529579999567
185,2219.9529579999567
185,2223.9529579999567
185,2227.9529579999567
185,2231.9529579999567
185,2235.9529579999567
185,2239.9529579999567
185,2243.9529579999567
186,2247.9529579999567
186,2251.9529579999567
186,2255.9529579999567
186,2259.9529579999567
186,2263.9529579999567
186,2267.9529579999567
186,2271.9529579999567
187,2275.9529579999567
187,2279.9529579999567
187,2283.9529579999567
187,2287.9529579999567
187,2291.9529579999567
187,2295.9529579999567
187,2299.9529579999567
187,2303.9529579999567
187,2307.9529579999567
187,2311.9529579999567
188,2315.9529579999567
187,2319.9529579999567
187,2323.9529579999567
187,2327.9529579999567
187,2331.9529579999567
187,2335.9529579999567
187,2339.9529579999567
188,2343.9529579999567
188,2347.9529579999567
187,2351.9529579999567
188,2355.9529579999567
187,2359.9529579999567
188,2363.9529579999567
188,2367.9529579999567
188,2371.9529579999567
188,2375.9529579999567
188,2379.9529579999567
189,2383.9529579999567
189,2387.9529579999567
189,2391.9529579999567
189,2395.9529579999567
189,2399.9529579999567
189,2403.9529579999567
190,2407.9529579999567
190,2411.9529579999567
190,2415.9529579999567
190,2419.9529579999567
191,2423.9529579999567
191,2427.9529579999567
191,2431.9529579999567
191,2435.9529579999567
192,2439.9529579999567
192,2443.9529579999567
192,2447.9529579999567
193,2451.9529579999567
193,2455.9529579999567
193,2459.9529579999567
194,2463.9529579999567
194,2467.9529579999567
195,2471.9529579999567
195,2475.9529579999567
196,2479.9529579999567
196,2483.9529579999567
196,2487.9529579999567
197,2491.9529579999567
197,2495.9529579999567
197,2499.9529579999567
198,2503.9529579999567
198,2507.9529579999567
199,2511.9529579999567
199,2515.9529579999567
200,2519.9529579999567
200,2523.9529579999567
201,2527.9529579999567
201,2531.9529579999567
202,2535.9529579999567
202,2539.9529579999567
203,2543.9529579999567
203,2547.9529579999567
204,2551.9529579999567
204,2555.9529579999567
205,2559.9529579999567
205,2563.9529579999567
206,2567.9529579999567
207,2571.9529579999567
207,2575.9529579999567
208,2579.9529579999567
209,2583.9529579999567
209,2587.9529579999567
210,2591.9529579999567
210,2595.9529579999567
211,2599.9529579999567
211,2603.9529579999567
212,2607.9529579999567
212,2611.9529579999567
213,2615.9529579999567
214,2619.9529579999567
215,2623.9529579999567
215,2627.9529579999567
216,2631.9529579999567
216,2635.9529579999567
217,2639.9529579999567
217,2643.9529579999567
218,2647.9529579999567
219,2651.9529579999567
219,2655.9529579999567
220,2659.9529579999567
221,2663.9529579999567
221,2667.9529579999567
222,2671.9529579999567
222,2675.9529579999567
223,2679.9529579999567
223,2683.9529579999567
224,2687.9529579999567
225,2691.9529579999567
225,2695.9529579999567
226,2699.9529579999567
226,2703.9529579999567
226,2707.9529579999567
227,2711.9529579999567
228,2715.9529579999567
228,2719.9529579999567
229,2723.9529579999567
229,2727.9529579999567
229,2731.9529579999567
230,2735.9529579999567
230,2739.9529579999567
230,2743.9529579999567
231,2747.9529579999567
231,2751.9529579999567
231,2755.9529579999567
232,2759.9529579999567
232,2763.9529579999567
232,2767.9529579999567
232,2771.9529579999567
232,2775.9529579999567
233,2779.9529579999567
233,2783.9529579999567
233,2787.9529579999567
233,2791.9529579999567
233,2795.9529579999567
234,2799.9529579999567
234,2803.9529579999567
235,2807.9529579999567
235,2811.9529579999567
235,2815.9529579999567
235,2819.9529579999567
236,2823.9529579999567
236,2827.9529579999567
236,2831.9529579999567
237,2835.9529579999567
237,2839.9529579999567
237,2843.9529579999567
237,2847.9529579999567
238,2851.9529579999567
238,2855.9529579999567
238,2859.9529579999567
238,2863.9529579999567
238,2867.9529579999567
238,2871.9529579999567
238,2875.9529579999567
239,2879.9529579999567
239,2883.9529579999567
239,2887.9529579999567
239,2891.9529579999567
239,2895.9529579999567
239,2899.9529579999567
239,2903.9529579999567
240,2907.9529579999567
240,2911.9529579999567
240,2915.9529579999567
240,2919.9529579999567
240,2923.9529579999567
241,2927.9529579999567
241,2931.9529579999567
241,2935.9529579999567
241,2939.9529579999567
241,2943.9529579999567
241,2947.9529579999567
241,2951.9529579999567
242,2955.9529579999567
242,2959.9529579999567
242,2963.9529579999567
242,2967.9529579999567
242,2971.9529579999567
242,2975.9529579999567
242,2979.9529579999567
242,2983.9529579999567
243,2987.9529579999567
243,2991.9529579999567
243,2995.9529579999567
243,2999.9529579999567
243,3003.9529579999567
243,3007.9529579999567
243,3011.9529579999567
244,3015.9529579999567
244,3019.9529579999567
244,3023.9529579999567
244,3027.9529579999567
244,3031.9529579999567
245,3035.9529579999567
245,3039.9529579999567
245,3043.9529579999567
245,3047.9529579999567
246,3051.9529579999567
246,3055.9529579999567
246,3059.9529579999567
246,3063.9529579999567
247,3067.9529579999567
247,3071.9529579999567
248,3075.9529579999567
248,3079.9529579999567
248,3083.9529579999567
249,3087.9529579999567
249,3091.9529579999567
249,3095.9529579999567
250,3099.9529579999567
250,3103.9529579999567
250,3107.9529579999567
251,3111.9529579999567
251,3115.9529579999567
251,3119.9529579999567
252,3123.9529579999567
252,3127.9529579999567
253,3131.9529579999567
253,3135.9529579999567
254,3139.9529579999567
254,3143.9529579999567
254,3147.9529579999567
255,3151.9529579999567
255,3155.9529579999567
255,3159.9529579999567
255,3163.9529579999567
255,3167.9529579999567
255,3171.9529579999567
255,3175.9529579999567
255,3179.9529579999567
255,3183.9529579999567
255,3187.9529579999567
255,3191.9529579999567
255,3195.9529579999567
255,3199.9529579999567
255,3203.9529579999567
255,3207.9529579999567
255,3211.9529579999567
255,3215.9529579999567
255,3219.9529579999567
255,3223.9529579999567
255,3227.9529579999567
255,3231.9529579999567
255,3235.9529579999567
255,3239.9529579999567
255,3243.9529579999567
255,3247.9529579999567
255,3251.9529579999567
255,3255.9529579999567
255,3259.9529579999567
255,3263.9529579999567
255,3267.9529579999567
255,3271.9529579999567
255,3275.9529579999567
255,3279.9529579999567
255,3283.9529579999567
255,3287.9529579999567
255,3291.9529579999567
255,3295.9529579999567
255,3299.9529579999567
255,3303.9529579999567
255,3307.9529579999567
255,3311.9529579999567
255,3315.9529579999567
255,3319.9529579999567
255,3323.9529579999567
255,3327.9529579999567
255,3331.9529579999567
255,3335.9529579999567
255,3339.9529579999567
255,3343.9529579999567
255,3347.9529579999567
255,3351.9529579999567
255,3355.9529579999567
255,3359.9529579999567
255,3363.9529579999567
255,3367.9529579999567
255,3371.9529579999567
255,3375.9529579999567
255,3379.9529579999567
255,3383.9529579999567
255,3387.9529579999567
255,3391.9529579999567
255,3395.9529579999567
255,3399.9529579999567
255,3403.9529579999567
255,3407.9529579999567
255,3411.9529579999567
255,3415.9529579999567
255,3419.9529579999567
255,3423.9529579999567
255,3427.9529579999567
255,3431.9529579999567
255,3435.9529579999567
255,3439.9529579999567
255,3443.9529579999567
255,3447.9529579999567
255,3451.9529579999567
255,3455.9529579999567
255,3459.9529579999567
255,3463.9529579999567
255,3467.9529579999567
255,3471.9529579999567
255,3475.9529579999567
255,3479.9529579999567
255,3483.9529579999567
255,3487.9529579999567
255,3491.9529579999567
255,3495.9529579999567
255,3499.9529579999567
255,3503.9529579999567
255,3507.9529579999567
255,3511.9529579999567
255,3515.9529579999567
255,3519.9529579999567
255,3523.9529579999567
255,3527.9529579999567
255,3531.9529579999567
255,3535.9529579999567
255,3539.9529579999567
255,3543.9529579999567
255,3547.9529579999567
255,3551.9529579999567
255,3555.9529579999567
255,3559.9529579999567
255,3563.9529579999567
255,3567.9529579999567
255,3571.9529579999567
255,3575.9529579999567
255,3579.9529579999567
255,3583.9529579999567
255,3587.9529579999567
255,3591.9529579999567
255,3595.9529579999567
255,3599.9529579999567
255,3603.9529579999567
255,3607.9529579999567
255,3611.9529579999567
255,3615.9529579999567
255,3619.9529579999567
255,3623.9529579999567
255,3627.9529579999567
255,3631.9529579999567
255,3635.9529579999567
255,3639.9529579999567
255,3643.9529579999567
255,3647.9529579999567
255,3651.9529579999567
255,3655.9529579999567
255,3659.9529579999567
255,3663.9529579999567
255,3667.9529579999567
255,3671.9529579999567
255,3675.9529579999567
255,3679.9529579999567
255,3683.9529579999567
255,3687.9529579999567
255,3691.9529579999567
255,3695.9529579999567
255,3699.9529579999567
255,3703.9529579999567
255,3707.9529579999567
255,3711.9529579999567
255,3715.9529579999567
255,3719.9529579999567
255,3723.9529579999567
255,3727.9529579999567
255,3731.9529579999567
255,3735.9529579999567
255,3739.9529579999567
255,3743.9529579999567
255,3747.9529579999567
255,3751.9529579999567
255,3755.9529579999567
255,3759.9529579999567
255,3763.9529579999567
255,3767.9529579999567
255,3771.9529579999567
255,3775.9529579999567
255,3779.9529579999567
255,3783.9529579999567
255,3787.9529579999567
255,3791.9529579999567
255,3795.9529579999567
255,3799.9529579999567
255,3803.9529579999567
255,3807.9529579999567
255,3811.9529579999567
255,3815.9529579999567
255,3819.9529579999567
255,3823.9529579999567
255,3827.9529579999567
255,3831.9529579999567
255,3835.9529579999567
255,3839.9529579999567
255,3843.9529579999567
255,3847.9529579999567
255,3851.9529579999567
255,3855.9529579999567
255,3859.9529579999567
255,3863.9529579999567
255,3867.9529579999567
255,3871.9529579999567
255,3875.9529579999567
255,3879.9529579999567
255,3883.9529579999567
255,3887.9529579999567
255,3891.9529579999567
255,3895.9529579999567
255,3899.9529579999567
255,3903.9529579999567
255,3907.9529579999567
255,3911.9529579999567
255,3915.9529579999567
255,3919.9529579999567
255,3923.9529579999567
255,3927.9529579999567
255,3931.9529579999567
255,3935.9529579999567
255,3939.9529579999567
255,3943.9529579999567
255,3947.9529579999567
255,3951.9529579999567
255,3955.9529579999567
255,3959.9529579999567
255,3963.9529579999567
255,3967.9529579999567
255,3971.9529579999567
255,3975.9529579999567
255,3979.9529579999567
255,3983.9529579999567
255,3987.9529579999567
255,3991.9529579999567
255,3995.9529579999567
255,3999.9529579999567
255,4003.9529579999567
255,4007.9529579999567
255,4011.9529579999567
255,4015.9529579999567
255,4019.9529579999567
255,4023.9529579999567
255,4027.9529579999567
255,4031.9529579999567
255,4035.9529579999567
255,4039.9529579999567
255,4043.9529579999567
255,4047.9529579999567
255,4051.9529579999567
255,4055.9529579999567
255,4059.9529579999567
255,4063.9529579999567
255,4067.9529579999567
255,4071.9529579999567
255,4075.9529579999567
255,4079.9529579999567
255,4083.9529579999567
255,4087.9529579999567
255,4091.9529579999567
255,4095.9529579999567
255,4099.952957999956
255,4103.952957999956
255,4107.952957999956
255,4111.952957999956
255,4115.952957999956
255,4119.952957999956
255,4123.952957999956
255,4127.952957999956
255,4131.952957999956
255,4135.952957999956
255,4139.952957999956
255,4143.952957999956
255,4147.952957999956
255,4151.952957999956
255,4155.952957999956
255,4159.952957999956
255,4163.952957999956
255,4167.952957999956
255,4171.952957999956
255,4175.952957999956
255,4179.952957999956
255,4183.952957999956
255,4187.952957999956
255,4191.952957999956
255,4195.952957999956
255,4199.952957999956
255,4203.952957999956
255,4207.952957999956
255,4211.952957999956
255,4215.952957999956
255,4219.952957999956
255,4223.952957999956
255,4227.952957999956
255,4231.952957999956
255,4235.952957999956
255,4239.952957999956
255,4243.952957999956
255,4247.952957999956
255,4251.952957999956
255,4255.952957999956
255,4259.952957999956
255,4263.952957999956
255,4267.952957999956
255,4271.952957999956
255,4275.952957999956
255,4279.952957999956
255,4283.952957999956
255,4287.952957999956
255,4291.952957999956
255,4295.952957999956
255,4299.952957999956
255,4303.952957999956
255,4307.952957999956
255,4311.952957999956
255,4315.952957999956
255,4319.952957999956
255,4323.952957999956
255,4327.952957999956
255,4331.952957999956
255,4335.952957999956
255,4339.952957999956
255,4343.952957999956
255,4347.952957999956
255,4351.952957999956
255,4355.952957999956
255,4359.952957999956
255,4363.952957999956
255,4367.952957999956
255,4371.952957999956
255,4375.952957999956
255,4379.952957999956
255,4383.952957999956
255,4387.952957999956
255,4391.952957999956
255,4395.952957999956
255,4399.952957999956
255,4403.952957999956
255,4407.952957999956
255,4411.952957999956
255,4415.952957999956
255,4419.952957999956
255,4423.952957999956
255,4427.952957999956
255,4431.952957999956
255,4435.952957999956
255,4439.952957999956
255,4443.952957999956
255,4447.952957999956
255,4451.952957999956
255,4455.952957999956
255,4459.952957999956
255,4463.952957999956
255,4467.952957999956
255,4471.952957999956
255,4475.952957999956
255,4479.952957999956
255,4483.952957999956
255,4487.952957999956
255,4491.952957999956
255,4495.952957999956
255,4499.952957999956
255,4503.952957999956
255,4507.952957999956
255,4511.952957999956
255,4515.952957999956
255,4519.952957999956
255,4523.952957999956
255,4527.952957999956
255,4531.952957999956
255,4535.952957999956
255,4539.952957999956
255,4543.952957999956
255,4547.952957999956
255,4551.952957999956
255,4555.952957999956
255,4559.952957999956
255,4563.952957999956
255,4567.952957999956
255,4571.952957999956
255,4575.952957999956
255,4579.952957999956
255,4583.952957999956
255,4587.952957999956
255,4591.952957999956
255,4595.952957999956
255,4599.952957999956
255,4603.952957999956
255,4607.952957999956
255,4611.952957999956
255,4615.952957999956
255,4619.952957999956
255,4623.952957999956
255,4627.952957999956
255,4631.952957999956
255,4635.952957999956
255,4639.952957999956
255,4643.952957999956
255,4647.952957999956
255,4651.952957999956
255,4655.952957999956
255,4659.952957999956
255,4663.952957999956
255,4667.952957999956
255,4671.952957999956
255,4675.952957999956
255,4679.952957999956
255,4683.952957999956
255,4687.952957999956
255,4691.952957999956
255,4695.952957999956
255,4699.952957999956
255,4703.952957999956
255,4707.952957999956
255,4711.952957999956
255,4715.952957999956
255,4719.952957999956
255,4723.952957999956
255,4727.952957999956
255,4731.952957999956
255,4735.952957999956
255,4739.952957999956
255,4743.952957999956
255,4747.952957999956
255,4751.952957999956
255,4755.952957999956
255,4759.952957999956
255,4763.952957999956
255,4767.952957999956
255,4771.952957999956
255,4775.952957999956
255,4779.952957999956
255,4783.952957999956
255,4787.952957999956
255,4791.952957999956
255,4795.952957999956
255,4799.952957999956
255,4803.952957999956
255,4807.952957999956
255,4811.952957999956
255,4815.952957999956
255,4819.952957999956
255,4823.952957999956
255,4827.952957999956
255,4831.952957999956
255,4835.952957999956
255,4839.952957999956
255,4843.952957999956
255,4847.952957999956
255,4851.952957999956
255,4855.952957999956
255,4859.952957999956
255,4863.952957999956
255,4867.952957999956
255,4871.952957999956
255,4875.952957999956
255,4879.952957999956
255,4883.952957999956
255,4887.952957999956
255,4891.952957999956
255,4895.952957999956
255,4899.952957999956
255,4903.952957999956
255,4907.952957999956
255,4911.952957999956
255,4915.952957999956
255,4919.952957999956
255,4923.952957999956
255,4927.952957999956
255,4931.952957999956
255,4935.952957999956
255,4939.952957999956
255,4943.952957999956
255,4947.952957999956
255,4951.952957999956
255,4955.952957999956
255,4959.952957999956
255,4963.952957999956
255,4967.952957999956
255,4971.952957999956
255,4975.952957999956
255,4979.952957999956
255,4983.952957999956
255,4987.952957999956
255,4991.952957999956
255,4995.952957999956
255,4999.952957999956
255,5003.952957999956
255,5007.952957999956
255,5011.952957999956
255,5015.952957999956
255,5019.952957999956
255,5023.952957999956
255,5027.952957999956
255,5031.952957999956
255,5035.952957999956
255,5039.952957999956
255,5043.952957999956
255,5047.952957999956
255,5051.952957999956
255,5055.952957999956
255,5059.952957999956
255,5063.952957999956
255,5067.952957999956
255,5071.952957999956
255,5075.952957999956
255,5079.952957999956
255,5083.952957999956
255,5087.952957999956
255,5091.952957999956
255,5095.952957999956
255,5099.952957999956
255,5103.952957999956
255,5107.952957999956
255,5111.952957999956
255,5115.952957999956
255,5119.952957999956
255,5123.952957999956
255,5127.952957999956
255,5131.952957999956
255,5135.952957999956
255,5139.952957999956
255,5143.952957999956
255,5147.952957999956
255,5151.952957999956
255,5155.952957999956
255,5159.952957999956
255,5163.952957999956
255,5167.952957999956
255,5171.952957999956
255,5175.952957999956
255,5179.952957999956
255,5183.952957999956
255,5187.952957999956
255,5191.952957999956
255,5195.952957999956
255,5199.952957999956
255,5203.952957999956
255,5207.952957999956
255,5211.952957999956
255,5215.952957999956
255,5219.952957999956
255,5223.952957999956
255,5227.952957999956
255,5231.952957999956
255,5235.952957999956
255,5239.952957999956
255,5243.952957999956
255,5247.952957999956
255,5251.952957999956
255,5255.952957999956
255,5259.952957999956
255,5263.952957999956
255,5267.952957999956
255,5271.952957999956
255,5275.952957999956
255,5279.952957999956
255,5283.952957999956
255,5287.952957999956
255,5291.952957999956
255,5295.952957999956
255,5299.952957999956
255,5303.952957999956
255,5307.952957999956
255,5311.952957999956
255,5315.952957999956
255,5319.952957999956
255,5323.952957999956
255,5327.952957999956
255,5331.952957999956
255,5335.952957999956
255,5339.952957999956
255,5343.952957999956
255,5347.952957999956
255,5351.952957999956
255,5355.952957999956
255,5359.952957999956
255,5363.952957999956
255,5367.952957999956
255,5371.952957999956
255,5375.952957999956
255,5379.952957999956
255,5383.952957999956
255,5387.952957999956
255,5391.952957999956
255,5395.952957999956
255,5399.952957999956
255,5403.952957999956
255,5407.952957999956
255,5411.952957999956
255,5415.952957999956
255,5419.952957999956
255,5423.952957999956
255,5427.952957999956
255,5431.952957999956
255,5435.952957999956
255,5439.952957999956
255,5443.952957999956
255,5447.952957999956
255,5451.952957999956
255,5455.952957999956
255,5459.952957999956
255,5463.952957999956
255,5467.952957999956
255,5471.952957999956
255,5475.952957999956
255,5479.952957999956
255,5483.952957999956
255,5487.952957999956
255,5491.952957999956
255,5495.952957999956
255,5499.952957999956
255,5503.952957999956
255,5507.952957999956
255,5511.952957999956
255,5515.952957999956
255,5519.952957999956
255,5523.952957999956
255,5527.952957999956
255,5531.952957999956
255,5535.952957999956
255,5539.952957999956
255,5543.952957999956
255,5547.952957999956
255,5551.952957999956
255,5555.952957999956
255,5559.952957999956
255,5563.952957999956
255,5567.952957999956
255,5571.952957999956
255,5575.952957999956
255,5579.952957999956
255,5583.952957999956
255,5587.952957999956
255,5591.952957999956
255,5595.952957999956
255,5599.952957999956
255,5603.952957999956
255,5607.952957999956
255,5611.952957999956
255,5615.952957999956
255,5619.952957999956
255,5623.952957999956
255,5627.952957999956
255,5631.952957999956
255,5635.952957999956
255,5639.952957999956
255,5643.952957999956
255,5647.952957999956
255,5651.952957999956
255,5655.952957999956
255,5659.952957999956
255,5663.952957999956
255,5667.952957999956
255,5671.952957999956
255,5675.952957999956
255,5679.952957999956
255,5683.952957999956
255,5687.952957999956
255,5691.952957999956
255,5695.952957999956
255,5699.952957999956
255,5703.952957999956
255,5707.952957999956
255,5711.952957999956
255,5715.952957999956
255,5719.952957999956
255,5723.952957999956
255,5727.952957999956
255,5731.952957999956
255,5735.952957999956
255,5739.952957999956
255,5743.952957999956
255,5747.952957999956
255,5751.952957999956
255,5755.952957999956
255,5759.952957999956
255,5763.952957999956
255,5767.952957999956
255,5771.952957999956
255,5775.952957999956
255,5779.952957999956
255,5783.952957999956
255,5787.952957999956
255,5791.952957999956
255,5795.952957999956
255,5799.952957999956
255,5803.952957999956
255,5807.952957999956
255,5811.952957999956
255,5815.952957999956
255,5819.952957999956
255,5823.952957999956
255,5827.952957999956
255,5831.952957999956
255,5835.952957999956
255,5839.952957999956
255,5843.952957999956
255,5847.952957999956
255,5851.952957999956
255,5855.952957999956
255,5859.952957999956
255,5863.952957999956
255,5867.952957999956
255,5871.952957999956
255,5875.952957999956
255,5879.952957999956
255,5883.952957999956
255,5887.952957999956
255,5891.952957999956
255,5895.952957999956
255,5899.952957999956
255,5903.952957999956
255,5907.952957999956
255,5911.952957999956
255,5915.952957999956
255,5919.952957999956
255,5923.952957999956
255,5927.952957999956
255,5931.952957999956
255,5935.952957999956
255,5939.952957999956
255,5943.952957999956
255,5947.952957999956
255,5951.952957999956
255,5955.952957999956
255,5959.952957999956
255,5963.952957999956
255,5967.952957999956
255,5971.952957999956
255,5975.952957999956
255,5979.952957999956
255,5983.952957999956
255,5987.952957999956
255,5991.952957999956
255,5995.952957999956
255,5999.952957999956
255,6003.952957999956
255,6007.952957999956
255,6011.952957999956
255,6015.952957999956
255,6019.952957999956
255,6023.952957999956
255,6027.952957999956
255,6031.952957999956
255,6035.952957999956
255,6039.952957999956
255,6043.952957999956
255,6047.952957999956
255,6051.952957999956
255,6055.952957999956
255,6059.952957999956
255,6063.952957999956
255,6067.952957999956
255,6071.952957999956
255,6075.952957999956
255,6079.952957999956
255,6083.952957999956
255,6087.952957999956
255,6091.952957999956
255,6095.952957999956
255,6099.952957999956
255,6103.952957999956
255,6107.952957999956
255,6111.952957999956
255,6115.952957999956
255,6119.952957999956
255,6123.952957999956
255,6127.952957999956
255,6131.952957999956
255,6135.952957999956
255,6139.952957999956
255,6143.952957999956
255,6147.952957999956
255,6151.952957999956
255,6155.952957999956
255,6159.952957999956
255,6163.952957999956
255,6167.952957999956
255,6171.952957999956
255,6175.952957999956
255,6179.952957999956
255,6183.952957999956
255,6187.952957999956
255,6191.952957999956
255,6195.952957999956
255,6199.952957999956
255,6203.952957999956
255,6207.952957999956
255,6211.952957999956
255,6215.952957999956
255,6219.952957999956
255,6223.952957999956
255,6227.952957999956
255,6231.952957999956
255,6235.952957999956
255,6239.952957999956
255,6243.952957999956
255,6247.952957999956
255,6251.952957999956
255,6255.952957999956
255,6259.952957999956
255,6263.952957999956
255,6267.952957999956
255,6271.952957999956
255,6275.952957999956
255,6279.952957999956
255,6283.952957999956
255,6287.952957999956
255,6291.952957999956
255,6295.952957999956
255,6299.952957999956
255,6303.952957999956
255,6307.952957999956
255,6311.952957999956
255,6315.952957999956
255,6319.952957999956
255,6323.952957999956
255,6327.952957999956
255,6331.952957999956
255,6335.952957999956
255,6339.952957999956
255,6343.952957999956
255,6347.952957999956
255,6351.952957999956
255,6355.952957999956
255,6359.952957999956
255,6363.952957999956
255,6367.952957999956
255,6371.952957999956
255,6375.952957999956
255,6379.952957999956
255,6383.952957999956
255,6387.952957999956
255,6391.952957999956
255,6395.952957999956
255,6399.952957999956
255,6403.952957999956
255,6407.952957999956
255,6411.952957999956
255,6415.952957999956
255,6419.952957999956
255,6423.952957999956
255,6427.952957999956
255,6431.952957999956
255,6435.952957999956
255,6439.952957999956
255,6443.952957999956
255,6447.952957999956
255,6451.952957999956
255,6455.952957999956
255,6459.952957999956
255,6463.952957999956
255,6467.952957999956
255,6471.952957999956
255,6475.952957999956
255,6479.952957999956
255,6483.952957999956
255,6487.952957999956
255,6491.952957999956
255,6495.952957999956
255,6499.952957999956
255,6503.952957999956
255,6507.952957999956
255,6511.952957999956
255,6515.952957999956
255,6519.952957999956
255,6523.952957999956
255,6527.952957999956
255,6531.952957999956
255,6535.952957999956
255,6539.952957999956
255,6543.952957999956
255,6547.952957999956
255,6551.952957999956
255,6555.952957999956
255,6559.952957999956
255,6563.952957999956
255,6567.952957999956
255,6571.952957999956
255,6575.952957999956
255,6579.952957999956
255,6583.952957999956
255,6587.952957999956
255,6591.952957999956
255,6595.952957999956
255,6599.952957999956
255,6603.952957999956
255,6607.952957999956
255,6611.952957999956
255,6615.952957999956
255,6619.952957999956
255,6623.952957999956
255,6627.952957999956
255,6631.952957999956
255,6635.952957999956
255,6639.952957999956
255,6643.952957999956
255,6647.952957999956
255,6651.952957999956
255,6655.952957999956
255,6659.952957999956
255,6663.952957999956
255,6667.952957999956
255,6671.952957999956
255,6675.952957999956
255,6679.952957999956
255,6683.952957999956
255,6687.952957999956
255,6691.952957999956
255,6695.952957999956
255,6699.952957999956
255,6703.952957999956
255,6707.952957999956
255,6711.952957999956
255,6715.952957999956
255,6719.952957999956
255,6723.952957999956
255,6727.952957999956
255,6731.952957999956
255,6735.952957999956
255,6739.952957999956
255,6743.952957999956
255,6747.952957999956
255,6751.952957999956
255,6755.952957999956
255,6759.952957999956
255,6763.952957999956
255,6767.952957999956
255,6771.952957999956
255,6775.952957999956
255,6779.952957999956
255,6783.952957999956
255,6787.952957999956
255,6791.952957999956
255,6795.952957999956
255,6799.952957999956
255,6803.952957999956
255,6807.952957999956
255,6811.952957999956
255,6815.952957999956
255,6819.952957999956
255,6823.952957999956
255,6827.952957999956
255,6831.952957999956
255,6835.952957999956
255,6839.952957999956
255,6843.952957999956
255,6847.952957999956
255,6851.952957999956
255,6855.952957999956
255,6859.952957999956
255,6863.952957999956
255,6867.952957999956
255,6871.952957999956
255,6875.952957999956
255,6879.952957999956
255,6883.952957999956
255,6887.952957999956
255,6891.952957999956
255,6895.952957999956
255,6899.952957999956
255,6903.952957999956
255,6907.952957999956
255,6911.952957999956
255,6915.952957999956
255,6919.952957999956
255,6923.952957999956
255,6927.952957999956
255,6931.952957999956
255,6935.952957999956
255,6939.952957999956
255,6943.952957999956
255,6947.952957999956
255,6951.952957999956
255,6955.952957999956
255,6959.952957999956
255,6963.952957999956
255,6967.952957999956
255,6971.952957999956
255,6975.952957999956
255,6979.952957999956
255,6983.952957999956
255,6987.952957999956
255,6991.952957999956
255,6995.952957999956
255,6999.952957999956
255,7003.952957999956
255,7007.952957999956
255,7011.952957999956
255,7015.952957999956
255,7019.952957999956
255,7023.952957999956
255,7027.952957999956
255,7031.952957999956
255,7035.952957999956
255,7039.952957999956
255,7043.952957999956
255,7047.952957999956
255,7051.952957999956
255,7055.952957999956
255,7059.952957999956
255,7063.952957999956
255,7067.952957999956
255,7071.952957999956
255,7075.952957999956
255,7079.952957999956
255,7083.952957999956
255,7087.952957999956
255,7091.952957999956
255,7095.952957999956
255,7099.952957999956
255,7103.952957999956
255,7107.952957999956
255,7111.952957999956
255,7115.952957999956
255,7119.952957999956
255,7123.952957999956
255,7127.952957999956
255,7131.952957999956
255,7135.952957999956
255,7139.952957999956
255,7143.952957999956
255,7147.952957999956
255,7151.952957999956
255,7155.952957999956
255,7159.952957999956
255,7163.952957999956
255,7167.952957999956
255,7171.952957999956
255,7175.952957999956
255,7179.952957999956
255,7183.952957999956
255,7187.952957999956
255,7191.952957999956
255,7195.952957999956
255,7199.952957999956
255,7203.952957999956
255,7207.952957999956
255,7211.952957999956
255,7215.952957999956
255,7219.952957999956
255,7223.952957999956
255,7227.952957999956
255,7231.952957999956
255,7235.952957999956
255,7239.952957999956
255,7243.952957999956
255,7247.952957999956
255,7251.952957999956
255,7255.952957999956
255,7259.952957999956
255,7263.952957999956
255,7267.952957999956
255,7271.952957999956
255,7275.952957999956
255,7279.952957999956
255,7283.952957999956
255,7287.952957999956
255,7291.952957999956
255,7295.952957999956
255,7299.952957999956
255,7303.952957999956
255,7307.952957999956
255,7311.952957999956
255,7315.952957999956
255,7319.952957999956
255,7323.952957999956
255,7327.952957999956
255,7331.952957999956
255,7335.952957999956
255,7339.952957999956
255,7343.952957999956
255,7347.952957999956
255,7351.952957999956
255,7355.952957999956
255,7359.952957999956
255,7363.952957999956
255,7367.952957999956
255,7371.952957999956
255,7375.952957999956
255,7379.952957999956
255,7383.952957999956
255,7387.952957999956
255,7391.952957999956
255,7395.952957999956
255,7399.952957999956
255,7403.952957999956
255,7407.952957999956
255,7411.952957999956
255,7415.952957999956
255,7419.952957999956
255,7423.952957999956
255,7427.952957999956
255,7431.952957999956
255,7435.952957999956
255,7439.952957999956
255,7443.952957999956
255,7447.952957999956
255,7451.952957999956
255,7455.952957999956
255,7459.952957999956
255,7463.952957999956
255,7467.952957999956
255,7471.952957999956
255,7475.952957999956
255,7479.952957999956
255,7483.952957999956
255,7487.952957999956
255,7491.952957999956
255,7495.952957999956
255,7499.952957999956
255,7503.952957999956
255,7507.952957999956
255,7511.952957999956
255,7515.952957999956
255,7519.952957999956
255,7523.952957999956
255,7527.952957999956
255,7531.952957999956
255,7535.952957999956
255,7539.952957999956
255,7543.952957999956
255,7547.952957999956
255,7551.952957999956
255,7555.952957999956
255,7559.952957999956
255,7563.952957999956
255,7567.952957999956
255,7571.952957999956
255,7575.952957999956
255,7579.952957999956
255,7583.952957999956
255,7587.952957999956
255,7591.952957999956
255,7595.952957999956
255,7599.952957999956
255,7603.952957999956
255,7607.952957999956
255,7611.952957999956
255,7615.952957999956
255,7619.952957999956
255,7623.952957999956
255,7627.952957999956
255,7631.952957999956
255,7635.952957999956
255,7639.952957999956
255,7643.952957999956
255,7647.952957999956
255,7651.952957999956
255,7655.952957999956
255,7659.952957999956
255,7663.952957999956
255,7667.952957999956
255,7671.952957999956
255,7675.952957999956
255,7679.952957999956
255,7683.952957999956
255,7687.952957999956
255,7691.952957999956
255,7695.952957999956
255,7699.952957999956
255,7703.952957999956
255,7707.952957999956
255,7711.952957999956
255,7715.952957999956
255,7719.952957999956
255,7723.952957999956
255,7727.952957999956
255,7731.952957999956
255,7735.952957999956
255,7739.952957999956
255,7743.952957999956
255,7747.952957999956
255,7751.952957999956
255,7755.952957999956
255,7759.952957999956
255,7763.952957999956
255,7767.952957999956
255,7771.952957999956
255,7775.952957999956
255,7779.952957999956
255,7783.952957999956
255,7787.952957999956
255,7791.952957999956
255,7795.952957999956
255,7799.952957999956
255,7803.952957999956
255,7807.952957999956
255,7811.952957999956
255,7815.952957999956
255,7819.952957999956
255,7823.952957999956
255,7827.952957999956
255,7831.952957999956
255,7835.952957999956
255,7839.952957999956
255,7843.952957999956
255,7847.952957999956
255,7851.952957999956
255,7855.952957999956
255,7859.952957999956
255,7863.952957999956
255,7867.952957999956
255,7871.952957999956
255,7875.952957999956
255,7879.952957999956
255,7883.952957999956
255,7887.952957999956
255,7891.952957999956
255,7895.952957999956
255,7899.952957999956
255,7903.952957999956
255,7907.952957999956
255,7911.952957999956
255,7915.952957999956
255,7919.952957999956
255,7923.952957999956
255,7927.952957999956
255,7931.952957999956
255,7935.952957999956
255,7939.952957999956
255,7943.952957999956
255,7947.952957999956
255,7951.952957999956
255,7955.952957999956
255,7959.952957999956
255,7963.952957999956
255,7967.952957999956
255,7971.952957999956
255,7975.952957999956
255,7979.952957999956
255,7983.952957999956
255,7987.952957999956
255,7991.952957999956
255,7995.952957999956
255,7999.952957999956
255,8003.952957999956
255,8007.952957999956
255,8011.952957999956
255,8015.952957999956
255,8019.952957999956
255,8023.952957999956
255,8027.952957999956
255,8031.952957999956
255,8035.952957999956
255,8039.952957999956
255,8043.952957999956
255,8047.952957999956
255,8051.952957999956
255,8055.952957999956
255,8059.952957999956
255,8063.952957999956
255,8067.952957999956
255,8071.952957999956
255,8075.952957999956
255,8079.952957999956
255,8083.952957999956
255,8087.952957999956
255,8091.952957999956
255,8095.952957999956
255,8099.952957999956
255,8103.952957999956
255,8107.952957999956
255,8111.952957999956
255,8115.952957999956
255,8119.952957999956
255,8123.952957999956
255,8127.952957999956
255,8131.952957999956
255,8135.952957999956
255,8139.952957999956
255,8143.952957999956
255,8147.952957999956
255,8151.952957999956
255,8155.952957999956
255,8159.952957999956
255,8163.952957999956
255,8167.952957999956
255,8171.952957999956
255,8175.952957999956
255,8179.952957999956
255,8183.952957999956
255,8187.952957999956
255,8191.952957999956
255,8195.952957999956
255,8199.952957999956
255,8203.952957999956
255,8207.952957999956
255,8211.952957999956
255,8215.952957999956
255,8219.952957999956
255,8223.952957999956
255,8227.952957999956
255,8231.952957999956
255,8235.952957999956
255,8239.952957999956
255,8243.952957999956
255,8247.952957999956
255,8251.952957999956
255,8255.952957999956
255,8259.952957999956
255,8263.952957999956
255,8267.952957999956
255,8271.952957999956
255,8275.952957999956
255,8279.952957999956
255,8283.952957999956
255,8287.952957999956
255,8291.952957999956
255,8295.952957999956
255,8299.952957999956
255,8303.952957999956
255,8307.952957999956
255,8311.952957999956
255,8315.952957999956
255,8319.952957999956
255,8323.952957999956
255,8327.952957999956
255,8331.952957999956
255,8335.952957999956
255,8339.952957999956
255,8343.952957999956
255,8347.952957999956
255,8351.952957999956
255,8355.952957999956
255,8359.952957999956
255,8363.952957999956
255,8367.952957999956
255,8371.952957999956
255,8375.952957999956
255,8379.952957999956
255,8383.952957999956
255,8387.952957999956
255,8391.952957999956
255,8395.952957999956
255,8399.952957999956
255,8403.952957999956
255,8407.952957999956
255,8411.952957999956
255,8415.952957999956
255,8419.952957999956
255,8423.952957999956
255,8427.952957999956
255,8431.952957999956
255,8435.952957999956
255,8439.952957999956
255,8443.952957999956
255,8447.952957999956
255,8451.952957999956
255,8455.952957999956
255,8459.952957999956
255,8463.952957999956
255,8467.952957999956
255,8471.952957999956
255,8475.952957999956
255,8479.952957999956
255,8483.952957999956
255,8487.952957999956
255,8491.952957999956
255,8495.952957999956
255,8499.952957999956
255,8503.952957999956
255,8507.952957999956
255,8511.952957999956
255,8515.952957999956
255,8519.952957999956
255,8523.952957999956
255,8527.952957999956
255,8531.952957999956
255,8535.952957999956
255,8539.952957999956
255,8543.952957999956
255,8547.952957999956
255,8551.952957999956
255,8555.952957999956
255,8559.952957999956
255,8563.952957999956
255,8567.952957999956
255,8571.952957999956
255,8575.952957999956
255,8579.952957999956
255,8583.952957999956
255,8587.952957999956
255,8591.952957999956
255,8595.952957999956
255,8599.952957999956
255,8603.952957999956
255,8607.952957999956
255,8611.952957999956
255,8615.952957999956
255,8619.952957999956
255,8623.952957999956
255,8627.952957999956
255,8631.952957999956
255,8635.952957999956
255,8639.952957999956
255,8643.952957999956
255,8647.952957999956
255,8651.952957999956
255,8655.952957999956
255,8659.952957999956
255,8663.952957999956
255,8667.952957999956
255,8671.952957999956
255,8675.952957999956
255,8679.952957999956
255,8683.952957999956
255,8687.952957999956
255,8691.952957999956
255,8695.952957999956
255,8699.952957999956
255,8703.952957999956
255,8707.952957999956
255,8711.952957999956
255,8715.952957999956
255,8719.952957999956
255,8723.952957999956
255,8727.952957999956
255,8731.952957999956
255,8735.952957999956
255,8739.952957999956
255,8743.952957999956
255,8747.952957999956
255,8751.952957999956
255,8755.952957999956
255,8759.952957999956
255,8763.952957999956
255,8767.952957999956
255,8771.952957999956
255,8775.952957999956
255,8779.952957999956
255,8783.952957999956
255,8787.952957999956
255,8791.952957999956
255,8795.952957999956
255,8799.952957999956
255,8803.952957999956
255,8807.952957999956
255,8811.952957999956
255,8815.952957999956
255,8819.952957999956
255,8823.952957999956
255,8827.952957999956
255,8831.952957999956
255,8835.952957999956
255,8839.952957999956
255,8843.952957999956
255,8847.952957999956
255,8851.952957999956
255,8855.952957999956
255,8859.952957999956
255,8863.952957999956
255,8867.952957999956
255,8871.952957999956
255,8875.952957999956
255,8879.952957999956
255,8883.952957999956
255,8887.952957999956
255,8891.952957999956
255,8895.952957999956
255,8899.952957999956
255,8903.952957999956
255,8907.952957999956
255,8911.952957999956
255,8915.952957999956
255,8919.952957999956
255,8923.952957999956
255,8927.952957999956
255,8931.952957999956
255,8935.952957999956
255,8939.952957999956
255,8943.952957999956
255,8947.952957999956
255,8951.952957999956
255,8955.952957999956
255,8959.952957999956
255,8963.952957999956
255,8967.952957999956
255,8971.952957999956
255,8975.952957999956
255,8979.952957999956
255,8983.952957999956
255,8987.952957999956
255,8991.952957999956
255,8995.952957999956
255,8999.952957999956
255,9003.952957999956
255,9007.952957999956
255,9011.952957999956
255,9015.952957999956
255,9019.952957999956
255,9023.952957999956
255,9027.952957999956
255,9031.952957999956
255,9035.952957999956
255,9039.952957999956
255,9043.952957999956
255,9047.952957999956
255,9051.952957999956
255,9055.952957999956
255,9059.952957999956
255,9063.952957999956
255,9067.952957999956
255,9071.952957999956
255,9075.952957999956
255,9079.952957999956
255,9083.952957999956
255,9087.952957999956
255,9091.952957999956
255,9095.952957999956
255,9099.952957999956
255,9103.952957999956
255,9107.952957999956
255,9111.952957999956
255,9115.952957999956
255,9119.952957999956
255,9123.952957999956
255,9127.952957999956
255,9131.952957999956
255,9135.952957999956
255,9139.952957999956
255,9143.952957999956
255,9147.952957999956
255,9151.952957999956
255,9155.952957999956
255,9159.952957999956
255,9163.952957999956
255,9167.952957999956
255,9171.952957999956
255,9175.952957999956
255,9179.952957999956
255,9183.952957999956
255,9187.952957999956
255,9191.952957999956
255,9195.952957999956
255,9199.952957999956
255,9203.952957999956
255,9207.952957999956
255,9211.952957999956
255,9215.952957999956
255,9219.952957999956
255,9223.952957999956
255,9227.952957999956
255,9231.952957999956
255,9235.952957999956
255,9239.952957999956
255,9243.952957999956
255,9247.952957999956
255,9251.952957999956
255,9255.952957999956
255,9259.952957999956
255,9263.952957999956
255,9267.952957999956
255,9271.952957999956
255,9275.952957999956
255,9279.952957999956
255,9283.952957999956
255,9287.952957999956
255,9291.952957999956
255,9295.952957999956
255,9299.952957999956
255,9303.952957999956
255,9307.952957999956
255,9311.952957999956
255,9315.952957999956
255,9319.952957999956
255,9323.952957999956
255,9327.952957999956
255,9331.952957999956
255,9335.952957999956
255,9339.952957999956
255,9343.952957999956
255,9347.952957999956
255,9351.952957999956
255,9355.952957999956
255,9359.952957999956
255,9363.952957999956
255,9367.952957999956
255,9371.952957999956
255,9375.952957999956
255,9379.952957999956
255,9383.952957999956
255,9387.952957999956
255,9391.952957999956
255,9395.952957999956
255,9399.952957999956
255,9403.952957999956
255,9407.952957999956
255,9411.952957999956
255,9415.952957999956
255,9419.952957999956
255,9423.952957999956
255,9427.952957999956
255,9431.952957999956
255,9435.952957999956
255,9439.952957999956
255,9443.952957999956
255,9447.952957999956
255,9451.952957999956
255,9455.952957999956
255,9459.952957999956
255,9463.952957999956
255,9467.952957999956
255,9471.952957999956
255,9475.952957999956
255,9479.952957999956
255,9483.952957999956
255,9487.952957999956
255,9491.952957999956
255,9495.952957999956
255,9499.952957999956
255,9503.952957999956
255,9507.952957999956
255,9511.952957999956
255,9515.952957999956
255,9519.952957999956
255,9523.952957999956
255,9527.952957999956
255,9531.952957999956
255,9535.952957999956
255,9539.952957999956
255,9543.952957999956
255,9547.952957999956
255,9551.952957999956
255,9555.952957999956
255,9559.952957999956
255,9563.952957999956
255,9567.952957999956
255,9571.952957999956
255,9575.952957999956
255,9579.952957999956
255,9583.952957999956
255,9587.952957999956
255,9591.952957999956
255,9595.952957999956
255,9599.952957999956
255,9603.952957999956
255,9607.952957999956
255,9611.952957999956
255,9615.952957999956
255,9619.952957999956
255,9623.952957999956
255,9627.952957999956
255,9631.952957999956
255,9635.952957999956
255,9639.952957999956
255,9643.952957999956
255,9647.952957999956
255,9651.952957999956
255,9655.952957999956
255,9659.952957999956
255,9663.952957999956
255,9667.952957999956
255,9671.952957999956
255,9675.952957999956
255,9679.952957999956
255,9683.952957999956
255,9687.952957999956
255,9691.952957999956
255,9695.952957999956
255,9699.952957999956
255,9703.952957999956
255,9707.952957999956
255,9711.952957999956
255,9715.952957999956
255,9719.952957999956
255,9723.952957999956
255,9727.952957999956
255,9731.952957999956
255,9735.952957999956
255,9739.952957999956
255,9743.952957999956
255,9747.952957999956
255,9751.952957999956
255,9755.952957999956
255,9759.952957999956
255,9763.952957999956
255,9767.952957999956
255,9771.952957999956
255,9775.952957999956
255,9779.952957999956
255,9783.952957999956
255,9787.952957999956
255,9791.952957999956
255,9795.952957999956
255,9799.952957999956
255,9803.952957999956
255,9807.952957999956
255,9811.952957999956
255,9815.952957999956
255,9819.952957999956
255,9823.952957999956
255,9827.952957999956
255,9831.952957999956
255,9835.952957999956
255,9839.952957999956
255,9843.952957999956
255,9847.952957999956
255,9851.952957999956
255,9855.952957999956
255,9859.952957999956
255,9863.952957999956
255,9867.952957999956
255,9871.952957999956
255,9875.952957999956
255,9879.952957999956
255,9883.952957999956
255,9887.952957999956
255,9891.952957999956
255,9895.952957999956
255,9899.952957999956
255,9903.952957999956
255,9907.952957999956
255,9911.952957999956
255,9915.952957999956
255,9919.952957999956
255,9923.952957999956
255,9927.952957999956
255,9931.952957999956
255,9935.952957999956
255,9939.952957999956
255,9943.952957999956
255,9947.952957999956
255,9951.952957999956
255,9955.952957999956
255,9959.952957999956
255,9963.952957999956
255,9967.952957999956
255,9971.952957999956
255,9975.952957999956
255,9979.952957999956
255,9983.952957999956
255,9987.952957999956
255,9991.952957999956
255,9995.952957999956
255,9999.952957999956
255,10003.952957999956
255,10007.952957999956
255,10011.952957999956
255,10015.952957999956
255,10019.952957999956
255,10023.952957999956
255,10027.952957999956
255,10031.952957999956
255,10035.952957999956
255,10039.952957999956
255,10043.952957999956
255,10047.952957999956
255,10051.952957999956
255,10055.952957999956
255,10059.952957999956
255,10063.952957999956
255,10067.952957999956
255,10071.952957999956
255,10075.952957999956
255,10079.952957999956
255,10083.952957999956
255,10087.952957999956
255,10091.952957999956
255,10095.952957999956
255,10099.952957999956
255,10103.952957999956
255,10107.952957999956
255,10111.952957999956
255,10115.952957999956
255,10119.952957999956
255,10123.952957999956
255,10127.952957999956
255,10131.952957999956
255,10135.952957999956
255,10139.952957999956
255,10143.952957999956
255,10147.952957999956
255,10151.952957999956
255,10155.952957999956
255,10159.952957999956
255,10163.952957999956
255,10167.952957999956
255,10171.952957999956
255,10175.952957999956
255,10179.952957999956
255,10183.952957999956
255,10187.952957999956
255,10191.952957999956
255,10195.952957999956
255,10199.952957999956
255,10203.952957999956
255,10207.952957999956
255,10211.952957999956
255,10215.952957999956
255,10219.952957999956
255,10223.952957999956
255,10227.952957999956
255,10231.952957999956
255,10235.952957999956
255,10239.952957999956
255,10243.952957999956
255,10247.952957999956
255,10251.952957999956
255,10255.952957999956
255,10259.952957999956
255,10263.952957999956
255,10267.952957999956
255,10271.952957999956
255,10275.952957999956
255,10279.952957999956
255,10283.952957999956
255,10287.952957999956
255,10291.952957999956
255,10295.952957999956
255,10299.952957999956
255,10303.952957999956
255,10307.952957999956
255,10311.952957999956
255,10315.952957999956
255,10319.952957999956
255,10323.952957999956
255,10327.952957999956
255,10331.952957999956
255,10335.952957999956
255,10339.952957999956
255,10343.952957999956
255,10347.952957999956
255,10351.952957999956
255,10355.952957999956
255,10359.952957999956
255,10363.952957999956
255,10367.952957999956
255,10371.952957999956
255,10375.952957999956
255,10379.952957999956
255,10383.952957999956
255,10387.952957999956
255,10391.952957999956
255,10395.952957999956
255,10399.952957999956
255,10403.952957999956
255,10407.952957999956
255,10411.952957999956
255,10415.952957999956
255,10419.952957999956
255,10423.952957999956
255,10427.952957999956
255,10431.952957999956
255,10435.952957999956
255,10439.952957999956
255,10443.952957999956
255,10447.952957999956
255,10451.952957999956
255,10455.952957999956
255,10459.952957999956
255,10463.952957999956
255,10467.952957999956
255,10471.952957999956
255,10475.952957999956
255,10479.952957999956
255,10483.952957999956
255,10487.952957999956
255,10491.952957999956
255,10495.952957999956
255,10499.952957999956
255,10503.952957999956
255,10507.952957999956
255,10511.952957999956
255,10515.952957999956
255,10519.952957999956
255,10523.952957999956
255,10527.952957999956
255,10531.952957999956
255,10535.952957999956
255,10539.952957999956
255,10543.952957999956
255,10547.952957999956
255,10551.952957999956
255,10555.952957999956
255,10559.952957999956
255,10563.952957999956
255,10567.952957999956
255,10571.952957999956
255,10575.952957999956
255,10579.952957999956
255,10583.952957999956
255,10587.952957999956
255,10591.952957999956
255,10595.952957999956
255,10599.952957999956
255,10603.952957999956
255,10607.952957999956
255,10611.952957999956
255,10615.952957999956
255,10619.952957999956
255,10623.952957999956
255,10627.952957999956
255,10631.952957999956
255,10635.952957999956
255,10639.952957999956
255,10643.952957999956
255,10647.952957999956
255,10651.952957999956
255,10655.952957999956
255,10659.952957999956
255,10663.952957999956
255,10667.952957999956
255,10671.952957999956
255,10675.952957999956
255,10679.952957999956
255,10683.952957999956
255,10687.952957999956
255,10691.952957999956
255,10695.952957999956
255,10699.952957999956
255,10703.952957999956
255,10707.952957999956
255,10711.952957999956
255,10715.952957999956
255,10719.952957999956
255,10723.952957999956
255,10727.952957999956
255,10731.952957999956
255,10735.952957999956
255,10739.952957999956
255,10743.952957999956
255,10747.952957999956
255,10751.952957999956
255,10755.952957999956
255,10759.952957999956
255,10763.952957999956
255,10767.952957999956
255,10771.952957999956
255,10775.952957999956
255,10779.952957999956
255,10783.952957999956
255,10787.952957999956
255,10791.952957999956
255,10795.952957999956
255,10799.952957999956
255,10803.952957999956
255,10807.952957999956
255,10811.952957999956
255,10815.952957999956
255,10819.952957999956
255,10823.952957999956
255,10827.952957999956
255,10831.952957999956
255,10835.952957999956
255,10839.952957999956
255,10843.952957999956
255,10847.952957999956
255,10851.952957999956
255,10855.952957999956
255,10859.952957999956
255,10863.952957999956
255,10867.952957999956
255,10871.952957999956
255,10875.952957999956
255,10879.952957999956
255,10883.952957999956
255,10887.952957999956
255,10891.952957999956
255,10895.952957999956
255,10899.952957999956
255,10903.952957999956
255,10907.952957999956
255,10911.952957999956
255,10915.952957999956
255,10919.952957999956
255,10923.952957999956
255,10927.952957999956
255,10931.952957999956
255,10935.952957999956
255,10939.952957999956
255,10943.952957999956
255,10947.952957999956
255,10951.952957999956
255,10955.952957999956
255,10959.952957999956
255,10963.952957999956
255,10967.952957999956
255,10971.952957999956
255,10975.952957999956
255,10979.952957999956
255,10983.952957999956
255,10987.952957999956
255,10991.952957999956
255,10995.952957999956
255,10999.952957999956
255,11003.952957999956
255,11007.952957999956
255,11011.952957999956
255,11015.952957999956
255,11019.952957999956
255,11023.952957999956
255,11027.952957999956
255,11031.952957999956
255,11035.952957999956
255,11039.952957999956
255,11043.952957999956
255,11047.952957999956
255,11051.952957999956
255,11055.952957999956
255,11059.952957999956
255,11063.952957999956
255,11067.952957999956
255,11071.952957999956
255,11075.952957999956
255,11079.952957999956
255,11083.952957999956
255,11087.952957999956
255,11091.952957999956
255,11095.952957999956
255,11099.952957999956
255,11103.952957999956
255,11107.952957999956
255,11111.952957999956
255,11115.952957999956
255,11119.952957999956
255,11123.952957999956
255,11127.952957999956
255,11131.952957999956
255,11135.952957999956
255,11139.952957999956
255,11143.952957999956
255,11147.952957999956
255,11151.952957999956
255,11155.952957999956
255,11159.952957999956
255,11163.952957999956
255,11167.952957999956
255,11171.952957999956
255,11175.952957999956
255,11179.952957999956
255,11183.952957999956
255,11187.952957999956
255,11191.952957999956
255,11195.952957999956
255,11199.952957999956
255,11203.952957999956
255,11207.952957999956
255,11211.952957999956
255,11215.952957999956
255,11219.952957999956
255,11223.952957999956
255,11227.952957999956
255,11231.952957999956
255,11235.952957999956
255,11239.952957999956
255,11243.952957999956
255,11247.952957999956
255,11251.952957999956
255,11255.952957999956
255,11259.952957999956
255,11263.952957999956
255,11267.952957999956
255,11271.952957999956
255,11275.952957999956
255,11279.952957999956
255,11283.952957999956
255,11287.952957999956
255,11291.952957999956
255,11295.952957999956
255,11299.952957999956
255,11303.952957999956
255,11307.952957999956
255,11311.952957999956
255,11315.952957999956
255,11319.952957999956
255,11323.952957999956
255,11327.952957999956
255,11331.952957999956
255,11335.952957999956
255,11339.952957999956
255,11343.952957999956
255,11347.952957999956
255,11351.952957999956
255,11355.952957999956
255,11359.952957999956
255,11363.952957999956
255,11367.952957999956
255,11371.952957999956
255,11375.952957999956
255,11379.952957999956
255,11383.952957999956
255,11387.952957999956
255,11391.952957999956
255,11395.952957999956
255,11399.952957999956
255,11403.952957999956
255,11407.952957999956
255,11411.952957999956
255,11415.952957999956
255,11419.952957999956
255,11423.952957999956
255,11427.952957999956
255,11431.952957999956
255,11435.952957999956
255,11439.952957999956
255,11443.952957999956
255,11447.952957999956
255,11451.952957999956
255,11455.952957999956
255,11459.952957999956
255,11463.952957999956
255,11467.952957999956
255,11471.952957999956
255,11475.952957999956
255,11479.952957999956
255,11483.952957999956
255,11487.952957999956
255,11491.952957999956
255,11495.952957999956
255,11499.952957999956
255,11503.952957999956
255,11507.952957999956
255,11511.952957999956
255,11515.952957999956
255,11519.952957999956
255,11523.952957999956
255,11527.952957999956
255,11531.952957999956
255,11535.952957999956
255,11539.952957999956
255,11543.952957999956
255,11547.952957999956
255,11551.952957999956
255,11555.952957999956
255,11559.952957999956
255,11563.952957999956
255,11567.952957999956
255,11571.952957999956
255,11575.952957999956
255,11579.952957999956
255,11583.952957999956
255,11587.952957999956
255,11591.952957999956
255,11595.952957999956
255,11599.952957999956
255,11603.952957999956
255,11607.952957999956
255,11611.952957999956
255,11615.952957999956
255,11619.952957999956
255,11623.952957999956
255,11627.952957999956
255,11631.952957999956
255,11635.952957999956
255,11639.952957999956
255,11643.952957999956
255,11647.952957999956
255,11651.952957999956
255,11655.952957999956
255,11659.952957999956
255,11663.952957999956
255,11667.952957999956
255,11671.952957999956
255,11675.952957999956
255,11679.952957999956
255,11683.952957999956
255,11687.952957999956
255,11691.952957999956
255,11695.952957999956
255,11699.952957999956
255,11703.952957999956
255,11707.952957999956
255,11711.952957999956
255,11715.952957999956
255,11719.952957999956
255,11723.952957999956
255,11727.952957999956
255,11731.952957999956
255,11735.952957999956
255,11739.952957999956
255,11743.952957999956
255,11747.952957999956
255,11751.952957999956
255,11755.952957999956
255,11759.952957999956
255,11763.952957999956
255,11767.952957999956
255,11771.952957999956
255,11775.952957999956
255,11779.952957999956
255,11783.952957999956
255,11787.952957999956
255,11791.952957999956
255,11795.952957999956
255,11799.952957999956
255,11803.952957999956
255,11807.952957999956
255,11811.952957999956
255,11815.952957999956
255,11819.952957999956
255,11823.952957999956
255,11827.952957999956
255,11831.952957999956
255,11835.952957999956
255,11839.952957999956
255,11843.952957999956
255,11847.952957999956
255,11851.952957999956
255,11855.952957999956
255,11859.952957999956
255,11863.952957999956
255,11867.952957999956
255,11871.952957999956
255,11875.952957999956
255,11879.952957999956
255,11883.952957999956
255,11887.952957999956
255,11891.952957999956
255,11895.952957999956
255,11899.952957999956
255,11903.952957999956
255,11907.952957999956
255,11911.952957999956
255,11915.952957999956
255,11919.952957999956
255,11923.952957999956
255,11927.952957999956
255,11931.952957999956
255,11935.952957999956
255,11939.952957999956
255,11943.952957999956
255,11947.952957999956
255,11951.952957999956
255,11955.952957999956
255,11959.952957999956
255,11963.952957999956
255,11967.952957999956
255,11971.952957999956
255,11975.952957999956
255,11979.952957999956
255,11983.952957999956
255,11987.952957999956
255,11991.952957999956
255,11995.952957999956
255,11999.952957999956
255,12003.952957999956
255,12007.952957999956
255,12011.952957999956
255,12015.952957999956
255,12019.952957999956
255,12023.952957999956
255,12027.952957999956
255,12031.952957999956
255,12035.952957999956
255,12039.952957999956
255,12043.952957999956
255,12047.952957999956
255,12051.952957999956
255,12055.952957999956
255,12059.952957999956
255,12063.952957999956
255,12067.952957999956
255,12071.952957999956
255,12075.952957999956
255,12079.952957999956
255,12083.952957999956
255,12087.952957999956
255,12091.952957999956
255,12095.952957999956
255,12099.952957999956
255,12103.952957999956
255,12107.952957999956
255,12111.952957999956
255,12115.952957999956
255,12119.952957999956
255,12123.952957999956
255,12127.952957999956
255,12131.952957999956
255,12135.952957999956
255,12139.952957999956
255,12143.952957999956
255,12147.952957999956
255,12151.952957999956
255,12155.952957999956
255,12159.952957999956
255,12163.952957999956
255,12167.952957999956
255,12171.952957999956
255,12175.952957999956
255,12179.952957999956
255,12183.952957999956
255,12187.952957999956
255,12191.952957999956
255,12195.952957999956
255,12199.952957999956
255,12203.952957999956
255,12207.952957999956
255,12211.952957999956
255,12215.952957999956
255,12219.952957999956
255,12223.952957999956
255,12227.952957999956
255,12231.952957999956
255,12235.952957999956
255,12239.952957999956
255,12243.952957999956
255,12247.952957999956
255,12251.952957999956
255,12255.952957999956
255,12259.952957999956
255,12263.952957999956
255,12267.952957999956
255,12271.952957999956
255,12275.952957999956
255,12279.952957999956
255,12283.952957999956
255,12287.952957999956
255,12291.952957999956
255,12295.952957999956
255,12299.952957999956
255,12303.952957999956
255,12307.952957999956
255,12311.952957999956
255,12315.952957999956
255,12319.952957999956
255,12323.952957999956
255,12327.952957999956
255,12331.952957999956
255,12335.952957999956
255,12339.952957999956
255,12343.952957999956
255,12347.952957999956
255,12351.952957999956
255,12355.952957999956
255,12359.952957999956
255,12363.952957999956
255,12367.952957999956
255,12371.952957999956
255,12375.952957999956
255,12379.952957999956
255,12383.952957999956
255,12387.952957999956
255,12391.952957999956
255,12395.952957999956
255,12399.952957999956
255,12403.952957999956
255,12407.952957999956
255,12411.952957999956
255,12415.952957999956
255,12419.952957999956
255,12423.952957999956
255,12427.952957999956
255,12431.952957999956
255,12435.952957999956
255,12439.952957999956
255,12443.952957999956
255,12447.952957999956
255,12451.952957999956
255,12455.952957999956
255,12459.952957999956
255,12463.952957999956
255,12467.952957999956
255,12471.952957999956
255,12475.952957999956
255,12479.952957999956
255,12483.952957999956
255,12487.952957999956
255,12491.952957999956
255,12495.952957999956
255,12499.952957999956
255,12503.952957999956
255,12507.952957999956
255,12511.952957999956
255,12515.952957999956
255,12519.952957999956
255,12523.952957999956
255,12527.952957999956
255,12531.952957999956
255,12535.952957999956
255,12539.952957999956
255,12543.952957999956
255,12547.952957999956
255,12551.952957999956
255,12555.952957999956
255,12559.952957999956
255,12563.952957999956
255,12567.952957999956
255,12571.952957999956
255,12575.952957999956
255,12579.952957999956
255,12583.952957999956
255,12587.952957999956
255,12591.952957999956
255,12595.952957999956
255,12599.952957999956
255,12603.952957999956
255,12607.952957999956
255,12611.952957999956
255,12615.952957999956
255,12619.952957999956
255,12623.952957999956
255,12627.952957999956
255,12631.952957999956
255,12635.952957999956
255,12639.952957999956
255,12643.952957999956
255,12647.952957999956
255,12651.952957999956
255,12655.952957999956
255,12659.952957999956
255,12663.952957999956
255,12667.952957999956
255,12671.952957999956
255,12675.952957999956
255,12679.952957999956
255,12683.952957999956
255,12687.952957999956
255,12691.952957999956
255,12695.952957999956
255,12699.952957999956
255,12703.952957999956
255,12707.952957999956
255,12711.952957999956
255,12715.952957999956
255,12719.952957999956
255,12723.952957999956
255,12727.952957999956
255,12731.952957999956
255,12735.952957999956
255,12739.952957999956
255,12743.952957999956
255,12747.952957999956
255,12751.952957999956
255,12755.952957999956
255,12759.952957999956
255,12763.952957999956
255,12767.952957999956
255,12771.952957999956
255,12775.952957999956
255,12779.952957999956
255,12783.952957999956
255,12787.952957999956
255,12791.952957999956
255,12795.952957999956
255,12799.952957999956
255,12803.952957999956
255,12807.952957999956
255,12811.952957999956
255,12815.952957999956
255,12819.952957999956
255,12823.952957999956
255,12827.952957999956
255,12831.952957999956
255,12835.952957999956
255,12839.952957999956
255,12843.952957999956
255,12847.952957999956
255,12851.952957999956
255,12855.952957999956
255,12859.952957999956
255,12863.952957999956
255,12867.952957999956
255,12871.952957999956
255,12875.952957999956
255,12879.952957999956
255,12883.952957999956
255,12887.952957999956
255,12891.952957999956
255,12895.952957999956
255,12899.952957999956
255,12903.952957999956
255,12907.952957999956
255,12911.952957999956
255,12915.952957999956
255,12919.952957999956
255,12923.952957999956
255,12927.952957999956
255,12931.952957999956
255,12935.952957999956
255,12939.952957999956
255,12943.952957999956
255,12947.952957999956
255,12951.952957999956
255,12955.952957999956
255,12959.952957999956
255,12963.952957999956
255,12967.952957999956
255,12971.952957999956
255,12975.952957999956
255,12979.952957999956
255,12983.952957999956
255,12987.952957999956
255,12991.952957999956
255,12995.952957999956
255,12999.952957999956
255,13003.952957999956
255,13007.952957999956
255,13011.952957999956
255,13015.952957999956
255,13019.952957999956
255,13023.952957999956
255,13027.952957999956
255,13031.952957999956
255,13035.952957999956
255,13039.952957999956
255,13043.952957999956
255,13047.952957999956
255,13051.952957999956
255,13055.952957999956
255,13059.952957999956
255,13063.952957999956
255,13067.952957999956
255,13071.952957999956
255,13075.952957999956
255,13079.952957999956
255,13083.952957999956
255,13087.952957999956
255,13091.952957999956
255,13095.952957999956
255,13099.952957999956
255,13103.952957999956
255,13107.952957999956
255,13111.952957999956
255,13115.952957999956
255,13119.952957999956
255,13123.952957999956
255,13127.952957999956
255,13131.952957999956
255,13135.952957999956
255,13139.952957999956
255,13143.952957999956
255,13147.952957999956
255,13151.952957999956
255,13155.952957999956
255,13159.952957999956
255,13163.952957999956
255,13167.952957999956
255,13171.952957999956
255,13175.952957999956
255,13179.952957999956
255,13183.952957999956
255,13187.952957999956
255,13191.952957999956
255,13195.952957999956
255,13199.952957999956
255,13203.952957999956
255,13207.952957999956
255,13211.952957999956
255,13215.952957999956
255,13219.952957999956
255,13223.952957999956
255,13227.952957999956
255,13231.952957999956
255,13235.952957999956
255,13239.952957999956
255,13243.952957999956
255,13247.952957999956
255,13251.952957999956
255,13255.952957999956
255,13259.952957999956
255,13263.952957999956
255,13267.952957999956
255,13271.952957999956
255,13275.952957999956
255,13279.952957999956
255,13283.952957999956
255,13287.952957999956
255,13291.952957999956
255,13295.952957999956
255,13299.952957999956
255,13303.952957999956
255,13307.952957999956
255,13311.952957999956
255,13315.952957999956
255,13319.952957999956
255,13323.952957999956
255,13327.952957999956
255,13331.952957999956
255,13335.952957999956
255,13339.952957999956
255,13343.952957999956
255,13347.952957999956
255,13351.952957999956
255,13355.952957999956
255,13359.952957999956
255,13363.952957999956
255,13367.952957999956
255,13371.952957999956
255,13375.952957999956
255,13379.952957999956
255,13383.952957999956
255,13387.952957999956
255,13391.952957999956
255,13395.952957999956
255,13399.952957999956
255,13403.952957999956
255,13407.952957999956
255,13411.952957999956
255,13415.952957999956
255,13419.952957999956
255,13423.952957999956
255,13427.952957999956
255,13431.952957999956
255,13435.952957999956
255,13439.952957999956
255,13443.952957999956
255,13447.952957999956
255,13451.952957999956
255,13455.952957999956
255,13459.952957999956
255,13463.952957999956
255,13467.952957999956
255,13471.952957999956
255,13475.952957999956
255,13479.952957999956
255,13483.952957999956
255,13487.952957999956
255,13491.952957999956
255,13495.952957999956
255,13499.952957999956
255,13503.952957999956
255,13507.952957999956
255,13511.952957999956
255,13515.952957999956
255,13519.952957999956
255,13523.952957999956
255,13527.952957999956
